RosTime,PositionForIiwa7,OrientationForIiwa7,PositionForIiwa14,OrientationForIiwa14
1715016424.8568347, 0.4343431293964386 0.54575937986373901 0.27945432066917419,-0.0073541472665965557 0.00034154628519900143   -0.51456815004348755    0.85741788148880005, 0.4343431293964386 0.54575937986373901 0.27945432066917419,-0.0073541472665965557 0.00034154628519900143   -0.51456815004348755    0.85741788148880005
