RosTime,PositionForIiwa7,OrientationForIiwa7,PositionForIiwa14,OrientationForIiwa14
1714648453.1369491,0.55498999357223511 0.81844174861907959 0.27758687734603882,-0.00061982055194675922   0.0024799774400889874    0.078752234578132629     0.99689096212387085,0.55498999357223511 0.81844174861907959 0.27758687734603882,-0.00061982055194675922   0.0024799774400889874    0.078752234578132629     0.99689096212387085
1714648453.4119492,0.59069401025772095 0.64886033535003662 0.27817171812057495,0.00017475122876930982  0.0026082878466695547 -0.0032492894679307938    0.99999129772186279,0.59069401025772095 0.64886033535003662 0.27817171812057495,0.00017475122876930982  0.0026082878466695547 -0.0032492894679307938    0.99999129772186279
1714648453.4369488,0.59286510944366455 0.63209205865859985 0.27818101644515991,0.00025512202410027385  0.0022655788343399763 -0.0027300161309540272    0.99999368190765381,0.59286510944366455 0.63209205865859985 0.27818101644515991,0.00025512202410027385  0.0022655788343399763 -0.0027300161309540272    0.99999368190765381
