RosTime,PositionForIiwa7,OrientationForIiwa7,PositionForIiwa14,OrientationForIiwa14
1714651265.8154035,0.51771855354309082  1.0667054653167725 0.27704742550849915,-0.0026932966429740191 2.6216375772492029e-05  -0.026478784158825874    0.99964576959609985,0.51771855354309082  1.0667054653167725 0.27704742550849915,-0.0026932966429740191 2.6216375772492029e-05  -0.026478784158825874    0.99964576959609985
