RosTime,PositionForIiwa7,OrientationForIiwa7,PositionForIiwa14,OrientationForIiwa14
1714648608.2821934,0.58363312482833862 0.67533981800079346 0.27845802903175354,0.00057192990789189935  0.0023091521579772234   0.018633464351296425    0.99982357025146484,0.58363312482833862 0.67533981800079346 0.27845802903175354,0.00057192990789189935  0.0023091521579772234   0.018633464351296425    0.99982357025146484
