RosTime,PositionForIiwa7,OrientationForIiwa7,PositionForIiwa14,OrientationForIiwa14
1714648760.3644202,0.61182105541229248  0.7946772575378418 0.27841725945472717,-0.0011788673000410199   0.002926400862634182    0.30115002393722534    0.95357155799865723,0.61182105541229248  0.7946772575378418 0.27841725945472717,-0.0011788673000410199   0.002926400862634182    0.30115002393722534    0.95357155799865723
1714648760.5044425,0.63453215360641479 0.67972874641418457 0.27876627445220947,-0.00091563188470900059   0.0026086301077157259      0.1761028915643692     0.98436790704727173,0.63453215360641479 0.67972874641418457 0.27876627445220947,-0.00091563188470900059   0.0026086301077157259      0.1761028915643692     0.98436790704727173
