RosTime,PositionForIiwa7,OrientationForIiwa7,PositionForIiwa14,OrientationForIiwa14
1714649352.4201868,0.54842013120651245 0.77429217100143433 0.27903491258621216,0.0034023984335362911 0.0045371535234153271   0.33906400203704834   0.94074618816375732,0.54842013120651245 0.77429217100143433 0.27903491258621216,0.0034023984335362911 0.0045371535234153271   0.33906400203704834   0.94074618816375732
1714649352.5201838,0.58671355247497559 0.70543575286865234 0.27908417582511902,-0.0017549608601257205  0.0014611484948545694    0.23890924453735352    0.97103923559188843,0.58671355247497559 0.70543575286865234 0.27908417582511902,-0.0017549608601257205  0.0014611484948545694    0.23890924453735352    0.97103923559188843
1714649352.5302126,0.59012907743453979 0.69917780160903931 0.27890890836715698,-0.0020383375231176615  0.0016219140961766243    0.22997505962848663    0.97319304943084717,0.59012907743453979 0.69917780160903931 0.27890890836715698,-0.0020383375231176615  0.0016219140961766243    0.22997505962848663    0.97319304943084717
