RosTime,PositionForIiwa7,OrientationForIiwa7,PositionForIiwa14,OrientationForIiwa14
1714650190.5306685,0.51543474197387695 0.57638329267501831 0.27853256464004517,-0.0021983967162668705  0.0022826348431408405   0.030877640470862389    0.99951815605163574,0.51543474197387695 0.57638329267501831 0.27853256464004517,-0.0021983967162668705  0.0022826348431408405   0.030877640470862389    0.99951815605163574
