RosTime,PositionForIiwa7,OrientationForIiwa7,PositionForIiwa14,OrientationForIiwa14
1714648629.2931385,0.51117873191833496 0.86745220422744751 0.27786162495613098,-0.0037009792868047953  0.0028255896177142859      0.130449578166008    0.99144399166107178,0.51117873191833496 0.86745220422744751 0.27786162495613098,-0.0037009792868047953  0.0028255896177142859      0.130449578166008    0.99144399166107178
