RosTime,PositionForIiwa7,OrientationForIiwa7,PositionForIiwa14,OrientationForIiwa14
1714649941.9456813,0.47754338383674622 0.98270267248153687 0.27758714556694031,0.0029835077002644539 0.0035946331918239594   0.23304210603237152   0.97245544195175171,0.47754338383674622 0.98270267248153687 0.27758714556694031,0.0029835077002644539 0.0035946331918239594   0.23304210603237152   0.97245544195175171
