RosTime,PositionForIiwa7,OrientationForIiwa7,PositionForIiwa14,OrientationForIiwa14
1714657637.8549888,0.52272188663482666 0.52907091379165649 0.27886688709259033,-0.00090673047816380858   0.0020406327676028013     0.03895886242389679     0.99923831224441528,0.52272188663482666 0.52907091379165649 0.27886688709259033,-0.00090673047816380858   0.0020406327676028013     0.03895886242389679     0.99923831224441528
