RosTime,PositionForIiwa7,OrientationForIiwa7,PositionForIiwa14,OrientationForIiwa14
1714648594.1188591,0.48088917136192322 0.77972036600112915  0.2773858904838562,-0.0024020231794565916  0.0035172139760106802    0.21659666299819946    0.97625190019607544,0.48088917136192322 0.77972036600112915  0.2773858904838562,-0.0024020231794565916  0.0035172139760106802    0.21659666299819946    0.97625190019607544
