RosTime,PositionForIiwa7,OrientationForIiwa7,PositionForIiwa14,OrientationForIiwa14
1714650282.1822252,0.53405779600143433 0.60022598505020142 0.27813920378684998,-0.0019205600256100297  0.0022711781784892082  -0.026308059692382812    0.99964946508407593,0.53405779600143433 0.60022598505020142 0.27813920378684998,-0.0019205600256100297  0.0022711781784892082  -0.026308059692382812    0.99964946508407593
1714650282.1972284,0.53989696502685547 0.59161645174026489 0.27815806865692139,-0.0018963828915730119  0.0023892631288617849  -0.018624464049935341    0.99982190132141113,0.53989696502685547 0.59161645174026489 0.27815806865692139,-0.0018963828915730119  0.0023892631288617849  -0.018624464049935341    0.99982190132141113
