RosTime,PositionForIiwa7,OrientationForIiwa7,PositionForIiwa14,OrientationForIiwa14
1714666463.0157545,0.51145648956298828 0.85686945915222168 0.31808927655220032,-0.44322559237480164  0.54979753494262695  0.53457796573638916 -0.46421989798545837,0.51145648956298828 0.85686945915222168 0.31808927655220032,-0.44322559237480164  0.54979753494262695  0.53457796573638916 -0.46421989798545837
