RosTime,PositionForIiwa7,OrientationForIiwa7,PositionForIiwa14,OrientationForIiwa14
1714665542.7615957,0.51555979251861572 0.68616235256195068 0.31754258275032043, 0.54158812761306763 -0.45246168971061707 -0.44933578372001648  0.54777556657791138,0.51555979251861572 0.68616235256195068 0.31754258275032043, 0.54158812761306763 -0.45246168971061707 -0.44933578372001648  0.54777556657791138
