RosTime,PositionForIiwa7,OrientationForIiwa7,PositionForIiwa14,OrientationForIiwa14
1714665826.5099063,0.50291705131530762 0.96850770711898804 0.31609112024307251, 0.52789980173110962   -0.467244952917099 -0.46091684699058533   0.5390358567237854,0.50291705131530762 0.96850770711898804 0.31609112024307251, 0.52789980173110962   -0.467244952917099 -0.46091684699058533   0.5390358567237854
