RosTime,PositionForIiwa7,OrientationForIiwa7,PositionForIiwa14,OrientationForIiwa14
1714665698.1161346,0.51859235763549805 0.97055554389953613  0.3166939914226532, 0.50213778018951416 -0.49894681572914124 -0.49307000637054443  0.50575852394104004,0.51859235763549805 0.97055554389953613  0.3166939914226532, 0.50213778018951416 -0.49894681572914124 -0.49307000637054443  0.50575852394104004
