RosTime,PositionForIiwa7,OrientationForIiwa7,PositionForIiwa14,OrientationForIiwa14
1714665450.2298989,0.52993130683898926 0.68931132555007935 0.31833824515342712, 0.50133562088012695 -0.49834555387496948 -0.49308538436889648  0.50713032484054565,0.52993130683898926 0.68931132555007935 0.31833824515342712, 0.50133562088012695 -0.49834555387496948 -0.49308538436889648  0.50713032484054565
1714665450.30492,0.52823346853256226 0.73851937055587769 0.31840252876281738, 0.50642549991607666 -0.49342775344848633  -0.4889170229434967  0.51090353727340698,0.52823346853256226 0.73851937055587769 0.31840252876281738, 0.50642549991607666 -0.49342775344848633  -0.4889170229434967  0.51090353727340698
1714665450.3299294,0.52755522727966309 0.75565034151077271 0.31859704852104187,  0.5067746639251709 -0.49234649538993835 -0.48839050531387329  0.51210260391235352,0.52755522727966309 0.75565034151077271 0.31859704852104187,  0.5067746639251709 -0.49234649538993835 -0.48839050531387329  0.51210260391235352
1714665450.4799294,0.51940208673477173  0.8530271053314209 0.31829178333282471, 0.50560861825942993 -0.49411869049072266 -0.49005270004272461  0.50995588302612305,0.51940208673477173  0.8530271053314209 0.31829178333282471, 0.50560861825942993 -0.49411869049072266 -0.49005270004272461  0.50995588302612305
