RosTime,PositionForIiwa7,OrientationForIiwa7,PositionForIiwa14,OrientationForIiwa14
1714665694.8066688, 0.5308879017829895 0.73172891139984131  0.3173430860042572,-0.48373588919639587  0.51156789064407349    0.518227219581604 -0.48552903532981873, 0.5308879017829895 0.73172891139984131  0.3173430860042572,-0.48373588919639587  0.51156789064407349    0.518227219581604 -0.48552903532981873
1714665694.8366916,0.54161053895950317 0.70982682704925537 0.31740057468414307,-0.47572961449623108  0.52020591497421265  0.52475273609161377 -0.47718095779418945,0.54161053895950317 0.70982682704925537 0.31740057468414307,-0.47572961449623108  0.52020591497421265  0.52475273609161377 -0.47718095779418945
1714665694.8516631, 0.5464363694190979 0.69975936412811279 0.31730008125305176, -0.4720701277256012  0.52384191751480103  0.52721846103668213 -0.47410982847213745, 0.5464363694190979 0.69975936412811279 0.31730008125305176, -0.4720701277256012  0.52384191751480103  0.52721846103668213 -0.47410982847213745
1714665694.8666208,0.55243211984634399 0.68730205297470093 0.31750026345252991,-0.46893796324729919  0.52699607610702515  0.53008043766021729  -0.4705178439617157,0.55243211984634399 0.68730205297470093 0.31750026345252991,-0.46893796324729919  0.52699607610702515  0.53008043766021729  -0.4705178439617157
1714665694.8916636, 0.5612107515335083 0.66858822107315063 0.31767424941062927,-0.46538126468658447  0.53018158674240112  0.53313064575195312 -0.46701115369796753, 0.5612107515335083 0.66858822107315063 0.31767424941062927,-0.46538126468658447  0.53018158674240112  0.53313064575195312 -0.46701115369796753
1714665694.9066868,0.56563901901245117  0.6584964394569397 0.31736078858375549,-0.46421027183532715  0.53109526634216309  0.53404593467712402  -0.4660918116569519,0.56563901901245117  0.6584964394569397 0.31736078858375549,-0.46421027183532715  0.53109526634216309  0.53404593467712402  -0.4660918116569519
