RosTime,PositionForIiwa7,OrientationForIiwa7,PositionForIiwa14,OrientationForIiwa14
1714665435.0391309,0.52630710601806641 0.56495845317840576 0.31840208172798157, 0.50590825080871582 -0.49463173747062683 -0.48985761404037476  0.50934845209121704,0.52630710601806641 0.56495845317840576 0.31840208172798157, 0.50590825080871582 -0.49463173747062683 -0.48985761404037476  0.50934845209121704
