RosTime,PositionForIiwa7,OrientationForIiwa7,PositionForIiwa14,OrientationForIiwa14
1714666666.3726249,0.55941379070281982 0.99145781993865967  0.3171171247959137, 0.55716931819915771 -0.43682634830474854 -0.42778977751731873  0.56190836429595947,0.55941379070281982 0.99145781993865967  0.3171171247959137, 0.55716931819915771 -0.43682634830474854 -0.42778977751731873  0.56190836429595947
