RosTime,PositionForIiwa7,OrientationForIiwa7,PositionForIiwa14,OrientationForIiwa14
1714572655.5474875,0.55199265480041504 0.52128583192825317 0.27927675843238831,-0.0010546961566433311  0.0018752029864117503    0.10361870378255844    0.99461477994918823,0.55199265480041504 0.52128583192825317 0.27927675843238831,-0.0010546961566433311  0.0018752029864117503    0.10361870378255844    0.99461477994918823
