RosTime,PositionForIiwa7,OrientationForIiwa7,PositionForIiwa14,OrientationForIiwa14
1714572603.0331619,0.54112476110458374 0.51625943183898926 0.27924203872680664,0.00037975769373588264  0.0024431145284324884   0.098217606544494629    0.99516189098358154,0.54112476110458374 0.51625943183898926 0.27924203872680664,0.00037975769373588264  0.0024431145284324884   0.098217606544494629    0.99516189098358154
