RosTime,PositionForIiwa7,OrientationForIiwa7,PositionForIiwa14,OrientationForIiwa14
1714572788.7970576, 0.5612218976020813 0.62755656242370605 0.27821880578994751,-0.0027920627035200596  0.0025844760239124298  -0.072055920958518982    0.99739331007003784, 0.5612218976020813 0.62755656242370605 0.27821880578994751,-0.0027920627035200596  0.0025844760239124298  -0.072055920958518982    0.99739331007003784
