RosTime,PositionForIiwa7,OrientationForIiwa7,PositionForIiwa14,OrientationForIiwa14
1714572625.9644649,0.56470298767089844 0.66542094945907593 0.27895417809486389,0.0023820663336664438 0.0016655345680192113  -0.20256796479225159   0.97926390171051025,0.56470298767089844 0.66542094945907593 0.27895417809486389,0.0023820663336664438 0.0016655345680192113  -0.20256796479225159   0.97926390171051025
1714572626.0744383, 0.5563238263130188 0.57856535911560059 0.27908274531364441,0.00043163934606127441  0.0020746449008584023  -0.074330165982246399    0.99723142385482788, 0.5563238263130188 0.57856535911560059 0.27908274531364441,0.00043163934606127441  0.0020746449008584023  -0.074330165982246399    0.99723142385482788
1714572626.1644356,0.56546801328659058 0.50409966707229614 0.27859464287757874,-0.0018816243391484022  0.0024545521009713411 -0.0045527294278144836    0.99998486042022705,0.56546801328659058 0.50409966707229614 0.27859464287757874,-0.0018816243391484022  0.0024545521009713411 -0.0045527294278144836    0.99998486042022705
