RosTime,PositionForIiwa7,OrientationForIiwa7,PositionForIiwa14,OrientationForIiwa14
1714572649.9340162,0.55529695749282837 0.65329653024673462 0.27906754612922668,6.1004862800473347e-05  0.0016887234523892403   -0.02334962971508503    0.99972593784332275,0.55529695749282837 0.65329653024673462 0.27906754612922668,6.1004862800473347e-05  0.0016887234523892403   -0.02334962971508503    0.99972593784332275
1714572650.0090156,0.56628912687301636 0.59771102666854858 0.27886578440666199,-0.00031446997309103608   0.0019654389470815659   -0.022762943059206009     0.99973893165588379,0.56628912687301636 0.59771102666854858 0.27886578440666199,-0.00031446997309103608   0.0019654389470815659   -0.022762943059206009     0.99973893165588379
1714572650.0590193,0.57037097215652466 0.56241172552108765    0.27867391705513,-0.0019911322742700577  0.0021355915814638138  -0.019552025943994522    0.99980455636978149,0.57037097215652466 0.56241172552108765    0.27867391705513,-0.0019911322742700577  0.0021355915814638138  -0.019552025943994522    0.99980455636978149
1714572650.1340158, 0.5759739875793457  0.5143052339553833 0.27860844135284424,-0.0022401558235287666  0.0022365455515682697  -0.019515771418809891    0.99980455636978149, 0.5759739875793457  0.5143052339553833 0.27860844135284424,-0.0022401558235287666  0.0022365455515682697  -0.019515771418809891    0.99980455636978149
