RosTime,PositionForIiwa7,OrientationForIiwa7,PositionForIiwa14,OrientationForIiwa14
1714572783.7712996,0.54454964399337769 0.67383313179016113 0.27857175469398499,-0.00088094687089323997   0.0016131136799231172   -0.082948796451091766     0.99655210971832275,0.54454964399337769 0.67383313179016113 0.27857175469398499,-0.00088094687089323997   0.0016131136799231172   -0.082948796451091766     0.99655210971832275
