RosTime,PositionForIiwa7,OrientationForIiwa7,PositionForIiwa14,OrientationForIiwa14
1714572598.5886462,0.54286748170852661 0.53626161813735962 0.27904945611953735,0.0005003585247322917 0.0011036974610760808  0.019395822659134865   0.99981117248535156,0.54286748170852661 0.53626161813735962 0.27904945611953735,0.0005003585247322917 0.0011036974610760808  0.019395822659134865   0.99981117248535156
