RosTime,PositionForIiwa7,OrientationForIiwa7,PositionForIiwa14,OrientationForIiwa14
1714573326.9691865,  0.551075279712677 0.59662163257598877 0.27940347790718079,0.0003328783786855638 0.0013750533107668161 -0.050466179847717285   0.99872475862503052,  0.551075279712677 0.59662163257598877 0.27940347790718079,0.0003328783786855638 0.0013750533107668161 -0.050466179847717285   0.99872475862503052
1714573327.0141873,0.56413543224334717 0.56471222639083862 0.27940252423286438,-0.00052370404591783881   0.0012009879574179649   -0.035618342459201813     0.99936461448669434,0.56413543224334717 0.56471222639083862 0.27940252423286438,-0.00052370404591783881   0.0012009879574179649   -0.035618342459201813     0.99936461448669434
