RosTime,PositionForIiwa7,OrientationForIiwa7,PositionForIiwa14,OrientationForIiwa14
1714572779.3963432,0.56767213344573975 0.51213765144348145 0.27890610694885254,-0.0031145359389483929  0.0016465602675452828  -0.059273835271596909    0.99823552370071411,0.56767213344573975 0.51213765144348145 0.27890610694885254,-0.0031145359389483929  0.0016465602675452828  -0.059273835271596909    0.99823552370071411
