RosTime,PositionForIiwa7,OrientationForIiwa7,PositionForIiwa14,OrientationForIiwa14
1714572709.5125413,0.55890846252441406 0.62300997972488403 0.27846705913543701,0.00045148303615860641  0.0022398140281438828   -0.04429718479514122    0.99901580810546875,0.55890846252441406 0.62300997972488403 0.27846705913543701,0.00045148303615860641  0.0022398140281438828   -0.04429718479514122    0.99901580810546875
1714572709.5375388,0.56114912033081055 0.60564172267913818 0.27843210101127625,-0.00010864240903174505   0.0022380943410098553   -0.040037035942077637     0.99919569492340088,0.56114912033081055 0.60564172267913818 0.27843210101127625,-0.00010864240903174505   0.0022380943410098553   -0.040037035942077637     0.99919569492340088
1714572709.6125531,0.56725645065307617 0.55167168378829956 0.27844128012657166,-0.0020160253625363111  0.0020223485771566629  -0.023407787084579468     0.9997219443321228,0.56725645065307617 0.55167168378829956 0.27844128012657166,-0.0020160253625363111  0.0020223485771566629  -0.023407787084579468     0.9997219443321228
