RosTime,PositionForIiwa7,OrientationForIiwa7,PositionForIiwa14,OrientationForIiwa14
1714573322.2680399,0.57362693548202515 0.56441611051559448 0.27861493825912476,0.00050201447447761893  0.0020472933538258076  -0.026748800650238991    0.99963998794555664,0.57362693548202515 0.56441611051559448 0.27861493825912476,0.00050201447447761893  0.0020472933538258076  -0.026748800650238991    0.99963998794555664
1714573322.2830412,0.57566893100738525 0.55272567272186279 0.27869424223899841,0.00033298059133812785  0.0020830382127314806  -0.017970692366361618      0.999836266040802,0.57566893100738525 0.55272567272186279 0.27869424223899841,0.00033298059133812785  0.0020830382127314806  -0.017970692366361618      0.999836266040802
1714573322.293041,0.57730704545974731 0.54337489604949951 0.27866393327713013, -0.00014722858031746 0.0017924607964232564 -0.011110953986644745   0.99993664026260376,0.57730704545974731 0.54337489604949951 0.27866393327713013, -0.00014722858031746 0.0017924607964232564 -0.011110953986644745   0.99993664026260376
