RosTime,PositionForIiwa7,OrientationForIiwa7,PositionForIiwa14,OrientationForIiwa14
1714572824.8542709,0.48341503739356995 0.71134650707244873 0.27960550785064697,0.0056244391016662121 0.0029192757792770863   0.10527502000331879   0.99442297220230103,0.48341503739356995 0.71134650707244873 0.27960550785064697,0.0056244391016662121 0.0029192757792770863   0.10527502000331879   0.99442297220230103
