RosTime,PositionForIiwa7,OrientationForIiwa7,PositionForIiwa14,OrientationForIiwa14
1714572607.8357575,0.52015143632888794 0.55809104442596436 0.28010863065719604,0.0019676934462040663 0.0019892291165888309   0.14216732978820801   0.98983865976333618,0.52015143632888794 0.55809104442596436 0.28010863065719604,0.0019676934462040663 0.0019892291165888309   0.14216732978820801   0.98983865976333618
