RosTime,PositionForIiwa7,OrientationForIiwa7,PositionForIiwa14,OrientationForIiwa14
1714572774.0671225,0.54935634136199951 0.59329283237457275 0.27842408418655396,-0.0012301402166485786  0.0025257172528654337   0.045182649046182632    0.99897480010986328,0.54935634136199951 0.59329283237457275 0.27842408418655396,-0.0012301402166485786  0.0025257172528654337   0.045182649046182632    0.99897480010986328
