RosTime,PositionForIiwa7,OrientationForIiwa7,PositionForIiwa14,OrientationForIiwa14
1714572614.1605706,0.55727899074554443 0.56127279996871948 0.27886226773262024,0.00099636905360966921  0.0020586559548974037  -0.009851500391960144    0.99994885921478271,0.55727899074554443 0.56127279996871948 0.27886226773262024,0.00099636905360966921  0.0020586559548974037  -0.009851500391960144    0.99994885921478271
1714572614.1855695,0.55988043546676636 0.54634571075439453 0.27880844473838806,-3.5001536161871627e-05   0.0017785461386665702   -0.013320351019501686     0.99990969896316528,0.55988043546676636 0.54634571075439453 0.27880844473838806,-3.5001536161871627e-05   0.0017785461386665702   -0.013320351019501686     0.99990969896316528
