RosTime,PositionForIiwa7,OrientationForIiwa7,PositionForIiwa14,OrientationForIiwa14
1715788057.0964417,0.52045911550521851 0.86258745193481445 0.31844973564147949,-0.47706687450408936   0.5209578275680542  0.51918089389801025  -0.4811042845249176,0.52045911550521851 0.86258745193481445 0.31844973564147949,-0.47706687450408936   0.5209578275680542  0.51918089389801025  -0.4811042845249176
