RosTime,PositionForIiwa7,OrientationForIiwa7,PositionForIiwa14,OrientationForIiwa14
1715788092.0110896,0.50380390882492065 0.80664783716201782 0.31764137744903564,  0.5100594162940979  -0.4867655336856842 -0.48360887169837952  0.51867252588272095,0.50380390882492065 0.80664783716201782 0.31764137744903564,  0.5100594162940979  -0.4867655336856842 -0.48360887169837952  0.51867252588272095
1715788092.0610886,0.50534909963607788 0.84333980083465576 0.31767871975898743, 0.50313878059387207 -0.49392214417457581 -0.49082154035568237  0.51184618473052979,0.50534909963607788 0.84333980083465576 0.31767871975898743, 0.50313878059387207 -0.49392214417457581 -0.49082154035568237  0.51184618473052979
