RosTime,PositionForIiwa7,OrientationForIiwa7,PositionForIiwa14,OrientationForIiwa14
1715788255.3599923,0.54275429248809814 0.92775064706802368 0.31575924158096313, -0.3748224675655365  0.60096484422683716  0.59713387489318848 -0.37653753161430359,0.54275429248809814 0.92775064706802368 0.31575924158096313, -0.3748224675655365  0.60096484422683716  0.59713387489318848 -0.37653753161430359
