RosTime,PositionForIiwa7,OrientationForIiwa7,PositionForIiwa14,OrientationForIiwa14
1715788133.4529464,0.47694849967956543   0.877716064453125 0.31665438413619995, 0.53533399105072021 -0.45834073424339294 -0.45467343926429749  0.54462218284606934,0.47694849967956543   0.877716064453125 0.31665438413619995, 0.53533399105072021 -0.45834073424339294 -0.45467343926429749  0.54462218284606934
