RosTime,PositionForIiwa7,OrientationForIiwa7,PositionForIiwa14,OrientationForIiwa14
1715787543.5928833,0.52457547187805176  0.8542855978012085 0.31637594103813171,-0.46760126948356628  0.53163325786590576  0.52565652132034302 -0.47159343957901001,0.52457547187805176  0.8542855978012085 0.31637594103813171,-0.46760126948356628  0.53163325786590576  0.52565652132034302 -0.47159343957901001
1715787543.6678874,0.51794618368148804 0.90398818254470825  0.3161395788192749,-0.48553285002708435  0.51355946063995361  0.50949913263320923 -0.49084126949310303,0.51794618368148804 0.90398818254470825  0.3161395788192749,-0.48553285002708435  0.51355946063995361  0.50949913263320923 -0.49084126949310303
