RosTime,PositionForIiwa7,OrientationForIiwa7,PositionForIiwa14,OrientationForIiwa14
1715788208.5097487,0.51470834016799927  0.7298431396484375 0.31747472286224365,  0.5344386100769043 -0.46140554547309875  -0.4667799174785614  0.53253805637359619,0.51470834016799927  0.7298431396484375 0.31747472286224365,  0.5344386100769043 -0.46140554547309875  -0.4667799174785614  0.53253805637359619
1715788208.609724,0.53638821840286255 0.64731889963150024 0.31792795658111572, 0.52286249399185181 -0.47509875893592834 -0.47801142930984497  0.52192056179046631,0.53638821840286255 0.64731889963150024 0.31792795658111572, 0.52286249399185181 -0.47509875893592834 -0.47801142930984497  0.52192056179046631
1715788208.6197445,0.53846132755279541 0.64013952016830444 0.31786128878593445, 0.52214747667312622 -0.47572213411331177 -0.47846618294715881   0.5216517448425293,0.53846132755279541 0.64013952016830444 0.31786128878593445, 0.52214747667312622 -0.47572213411331177 -0.47846618294715881   0.5216517448425293
1715788208.6247308,0.53987318277359009 0.63532882928848267 0.31785401701927185,0.52167761325836182 -0.4760805070400238 -0.4788152277469635 0.52147465944290161,0.53987318277359009 0.63532882928848267 0.31785401701927185,0.52167761325836182 -0.4760805070400238 -0.4788152277469635 0.52147465944290161
1715788208.6347425,0.54265666007995605   0.625754714012146 0.31785851716995239, 0.52080237865447998 -0.47667646408081055 -0.47925528883934021   0.5214008092880249,0.54265666007995605   0.625754714012146 0.31785851716995239, 0.52080237865447998 -0.47667646408081055 -0.47925528883934021   0.5214008092880249
