RosTime,PositionForIiwa7,OrientationForIiwa7,PositionForIiwa14,OrientationForIiwa14
1715788195.0565236,0.51994967460632324 0.77151858806610107 0.31761124730110168, 0.49709296226501465 -0.50178402662277222 -0.49802616238594055  0.50307184457778931,0.51994967460632324 0.77151858806610107 0.31761124730110168, 0.49709296226501465 -0.50178402662277222 -0.49802616238594055  0.50307184457778931
1715788195.1565602,0.52219808101654053 0.84648633003234863 0.31612473726272583, 0.49870571494102478 -0.50054502487182617  -0.4958454966545105  0.50486093759536743,0.52219808101654053 0.84648633003234863 0.31612473726272583, 0.49870571494102478 -0.50054502487182617  -0.4958454966545105  0.50486093759536743
1715788195.281528,0.52528750896453857 0.94172775745391846 0.31603342294692993,-0.48470035195350647  0.51439684629440308  0.51067250967025757 -0.48956620693206787,0.52528750896453857 0.94172775745391846 0.31603342294692993,-0.48470035195350647  0.51439684629440308  0.51067250967025757 -0.48956620693206787
