RosTime,PositionForIiwa7,OrientationForIiwa7,PositionForIiwa14,OrientationForIiwa14
1715788064.646852,0.51201039552688599  0.9602389931678772 0.31590715050697327, -0.4909040629863739  0.50769591331481934  0.50324833393096924 -0.49799513816833496,0.51201039552688599  0.9602389931678772 0.31590715050697327, -0.4909040629863739  0.50769591331481934  0.50324833393096924 -0.49799513816833496
1715788064.6968489,0.51411175727844238 0.99312615394592285 0.31636181473731995,-0.48727285861968994  0.51132303476333618  0.50708866119384766 -0.49393823742866516,0.51411175727844238 0.99312615394592285 0.31636181473731995,-0.48727285861968994  0.51132303476333618  0.50708866119384766 -0.49393823742866516
