RosTime,PositionForIiwa7,OrientationForIiwa7,PositionForIiwa14,OrientationForIiwa14
1715787409.1495931,0.49393120408058167 0.64453274011611938 0.31805896759033203, 0.50761371850967407 -0.49132776260375977 -0.49380248785018921  0.50703495740890503,0.49393120408058167 0.64453274011611938 0.31805896759033203, 0.50761371850967407 -0.49132776260375977 -0.49380248785018921  0.50703495740890503
