RosTime,PositionForIiwa7,OrientationForIiwa7,PositionForIiwa14,OrientationForIiwa14
1715787492.1702836,0.53855055570602417 0.97414815425872803 0.31621512770652771,-0.48493325710296631  0.51428663730621338  0.50807511806488037 -0.49214699864387512,0.53855055570602417 0.97414815425872803 0.31621512770652771,-0.48493325710296631  0.51428663730621338  0.50807511806488037 -0.49214699864387512
