RosTime,PositionForIiwa7,OrientationForIiwa7,PositionForIiwa14,OrientationForIiwa14
1715787823.9825387,0.52493709325790405 0.89955389499664307 0.31657376885414124,-0.49035933613777161  0.50898480415344238  0.50146949291229248 -0.49900954961776733,0.52493709325790405 0.89955389499664307 0.31657376885414124,-0.49035933613777161  0.50898480415344238  0.50146949291229248 -0.49900954961776733
