RosTime,PositionForIiwa7,OrientationForIiwa7,PositionForIiwa14,OrientationForIiwa14
1715788002.3233984,0.50828075408935547 0.82779204845428467 0.31678378582000732,0.51283258199691772 -0.4843103289604187 -0.4788399338722229 0.52264571189880371,0.50828075408935547 0.82779204845428467 0.31678378582000732,0.51283258199691772 -0.4843103289604187 -0.4788399338722229 0.52264571189880371
1715788002.3733952,0.50636118650436401 0.86846637725830078  0.3149016797542572,  0.5146140456199646 -0.48179754614830017 -0.47691464424133301  0.52497231960296631,0.50636118650436401 0.86846637725830078  0.3149016797542572,  0.5146140456199646 -0.48179754614830017 -0.47691464424133301  0.52497231960296631
