RosTime,PositionForIiwa7,OrientationForIiwa7,PositionForIiwa14,OrientationForIiwa14
1715787917.9060342,0.49671149253845215 0.63778287172317505 0.31851053237915039, 0.57813864946365356 -0.40873891115188599 -0.40875759720802307   0.5758519172668457,0.49671149253845215 0.63778287172317505 0.31851053237915039, 0.57813864946365356 -0.40873891115188599 -0.40875759720802307   0.5758519172668457
1715787917.9310334,0.50197726488113403 0.62310177087783813 0.31841149926185608, 0.57700216770172119 -0.40882092714309692 -0.40905928611755371  0.57671868801116943,0.50197726488113403 0.62310177087783813 0.31841149926185608, 0.57700216770172119 -0.40882092714309692 -0.40905928611755371  0.57671868801116943
1715787917.9810319,0.51326507329940796 0.59428441524505615 0.31860631704330444, 0.57464545965194702 -0.41312733292579651  -0.4119822084903717  0.57391560077667236,0.51326507329940796 0.59428441524505615 0.31860631704330444, 0.57464545965194702 -0.41312733292579651  -0.4119822084903717  0.57391560077667236
