RosTime,PositionForIiwa7,OrientationForIiwa7,PositionForIiwa14,OrientationForIiwa14
1715787552.4084039,0.51471853256225586 0.95405423641204834 0.31577005982398987,-0.47067457437515259  0.52716970443725586  0.52221667766571045 -0.47733348608016968,0.51471853256225586 0.95405423641204834 0.31577005982398987,-0.47067457437515259  0.52716970443725586  0.52221667766571045 -0.47733348608016968
