RosTime,PositionForIiwa7,OrientationForIiwa7,PositionForIiwa14,OrientationForIiwa14
1715788060.4470909,0.53285175561904907 0.69392913579940796 0.31752419471740723, 0.55120342969894409 -0.44174137711524963   -0.444244384765625  0.55107736587524414,0.53285175561904907 0.69392913579940796 0.31752419471740723, 0.55120342969894409 -0.44174137711524963   -0.444244384765625  0.55107736587524414
1715788060.5470603,0.54479992389678955 0.62400269508361816 0.31788057088851929,-0.48913007974624634  0.51006311178207397  0.51089310646057129 -0.48946464061737061,0.54479992389678955 0.62400269508361816 0.31788057088851929,-0.48913007974624634  0.51006311178207397  0.51089310646057129 -0.48946464061737061
1715788060.5970912,0.54876226186752319 0.59218311309814453  0.3177313506603241, -0.4594319760799408  0.53643685579299927  0.53638559579849243 -0.46200454235076904,0.54876226186752319 0.59218311309814453  0.3177313506603241, -0.4594319760799408  0.53643685579299927  0.53638559579849243 -0.46200454235076904
