RosTime,PositionForIiwa7,OrientationForIiwa7,PositionForIiwa14,OrientationForIiwa14
1715788087.8332524,0.56825661659240723 0.66479665040969849 0.31750935316085815, 0.50038063526153564 -0.49815136194229126 -0.49590566754341125  0.50551164150238037,0.56825661659240723 0.66479665040969849 0.31750935316085815, 0.50038063526153564 -0.49815136194229126 -0.49590566754341125  0.50551164150238037
1715788087.8782504,0.57748579978942871 0.63556402921676636 0.31775176525115967,-0.48709478974342346   0.5122067928314209  0.50951963663101196 -0.49068582057952881,0.57748579978942871 0.63556402921676636 0.31775176525115967,-0.48709478974342346   0.5122067928314209  0.50951963663101196 -0.49068582057952881
