RosTime,PositionForIiwa7,OrientationForIiwa7,PositionForIiwa14,OrientationForIiwa14
1715787147.8853416,0.49678695201873779 0.58856302499771118 0.31806483864784241, 0.54706281423568726 -0.44711276888847351 -0.44795331358909607  0.54785972833633423,0.49678695201873779 0.58856302499771118 0.31806483864784241, 0.54706281423568726 -0.44711276888847351 -0.44795331358909607  0.54785972833633423
