RosTime,PositionForIiwa7,OrientationForIiwa7,PositionForIiwa14,OrientationForIiwa14
1715787017.5653763,0.54646140336990356 0.53405940532684326 0.31827384233474731,  0.5246734619140625 -0.47470548748970032 -0.47169408202171326   0.5261911153793335,0.54646140336990356 0.53405940532684326 0.31827384233474731,  0.5246734619140625 -0.47470548748970032 -0.47169408202171326   0.5261911153793335
