RosTime,PositionForIiwa7,OrientationForIiwa7,PositionForIiwa14,OrientationForIiwa14
1715788247.085741,0.51844555139541626 0.69767624139785767 0.31688022613525391, 0.50781053304672241 -0.49052250385284424 -0.48375484347343445  0.51720154285430908,0.51844555139541626 0.69767624139785767 0.31688022613525391, 0.50781053304672241 -0.49052250385284424 -0.48375484347343445  0.51720154285430908
