RosTime,PositionForIiwa7,OrientationForIiwa7,PositionForIiwa14,OrientationForIiwa14
1715788073.7221971,0.51443958282470703 0.91781318187713623 0.31655001640319824, 0.49705049395561218  -0.5014006495475769 -0.49724921584129333  0.50426322221755981,0.51443958282470703 0.91781318187713623 0.31655001640319824, 0.49705049395561218  -0.5014006495475769 -0.49724921584129333  0.50426322221755981
