RosTime,PositionForIiwa7,OrientationForIiwa7,PositionForIiwa14,OrientationForIiwa14
1715786994.8319161,0.49872294068336487 0.92722374200820923 0.31660312414169312,-0.45955204963684082  0.53828084468841553  0.53282749652862549 -0.46385398507118225,0.49872294068336487 0.92722374200820923 0.31660312414169312,-0.45955204963684082  0.53828084468841553  0.53282749652862549 -0.46385398507118225
