RosTime,PositionForIiwa7,OrientationForIiwa7,PositionForIiwa14,OrientationForIiwa14
1715787386.877202,  0.465047687292099  0.6872708797454834 0.31664809584617615, 0.57946622371673584 -0.40304803848266602 -0.40631699562072754  0.58023935556411743,  0.465047687292099  0.6872708797454834 0.31664809584617615, 0.57946622371673584 -0.40304803848266602 -0.40631699562072754  0.58023935556411743
1715787386.9022038,0.47187641263008118 0.67039692401885986 0.31660732626914978, 0.57213366031646729  -0.4134390652179718 -0.41536924242973328  0.57375919818878174,0.47187641263008118 0.67039692401885986 0.31660732626914978, 0.57213366031646729  -0.4134390652179718 -0.41536924242973328  0.57375919818878174
1715787386.9772034,0.49580612778663635 0.61696547269821167 0.31704801321029663, 0.55560791492462158 -0.43547597527503967 -0.43705758452415466  0.55735194683074951,0.49580612778663635 0.61696547269821167 0.31704801321029663, 0.55560791492462158 -0.43547597527503967 -0.43705758452415466  0.55735194683074951
1715787387.0522027,0.52174907922744751 0.56690323352813721  0.3173154890537262, 0.54622447490692139 -0.44745603203773499  -0.4460422694683075  0.54997110366821289,0.52174907922744751 0.56690323352813721  0.3173154890537262, 0.54622447490692139 -0.44745603203773499  -0.4460422694683075  0.54997110366821289
