RosTime,PositionForIiwa7,OrientationForIiwa7,PositionForIiwa14,OrientationForIiwa14
1715787669.4969273,0.51050156354904175 0.61722606420516968 0.31799229979515076, 0.52576321363449097 -0.47169575095176697 -0.47368887066841125  0.52601808309555054,0.51050156354904175 0.61722606420516968 0.31799229979515076, 0.52576321363449097 -0.47169575095176697 -0.47368887066841125  0.52601808309555054
1715787669.546927,0.51945745944976807 0.58714383840560913 0.31801912188529968, 0.52175074815750122 -0.47600814700126648 -0.47679820656776428  0.52331244945526123,0.51945745944976807 0.58714383840560913 0.31801912188529968, 0.52175074815750122 -0.47600814700126648 -0.47679820656776428  0.52331244945526123
1715787669.5719252,0.52376437187194824 0.57193291187286377 0.31803125143051147, 0.52120691537857056 -0.47692206501960754   -0.477020263671875   0.5228196382522583,0.52376437187194824 0.57193291187286377 0.31803125143051147, 0.52120691537857056 -0.47692206501960754   -0.477020263671875   0.5228196382522583
1715787669.5969255,0.52774304151535034  0.5569571852684021 0.31812909245491028, 0.52122968435287476 -0.47665095329284668 -0.47681286931037903  0.52323323488235474,0.52774304151535034  0.5569571852684021 0.31812909245491028, 0.52122968435287476 -0.47665095329284668 -0.47681286931037903  0.52323323488235474
