RosTime,PositionForIiwa7,OrientationForIiwa7,PositionForIiwa14,OrientationForIiwa14
1715787850.8639302,0.51193702220916748 0.91433894634246826 0.31586334109306335, 0.50244742631912231 -0.49621677398681641  -0.4899333119392395  0.51115638017654419,0.51193702220916748 0.91433894634246826 0.31586334109306335, 0.50244742631912231 -0.49621677398681641  -0.4899333119392395  0.51115638017654419
