RosTime,PositionForIiwa7,OrientationForIiwa7,PositionForIiwa14,OrientationForIiwa14
1715788038.5272682,0.51793754100799561 0.82185578346252441 0.31761360168457031,-0.46970969438552856   0.5286412239074707  0.52494221925735474 -0.47365275025367737,0.51793754100799561 0.82185578346252441 0.31761360168457031,-0.46970969438552856   0.5286412239074707  0.52494221925735474 -0.47365275025367737
