RosTime,PositionForIiwa7,OrientationForIiwa7,PositionForIiwa14,OrientationForIiwa14
1715788156.3108346,0.53418242931365967 0.65395820140838623 0.31786993145942688,-0.48693665862083435  0.51161271333694458  0.51313132047653198 -0.48768985271453857,0.53418242931365967 0.65395820140838623 0.31786993145942688,-0.48693665862083435  0.51161271333694458  0.51313132047653198 -0.48768985271453857
