RosTime,PositionForIiwa7,OrientationForIiwa7,PositionForIiwa14,OrientationForIiwa14
1715788069.7188222,0.56952846050262451 0.69064480066299438 0.31770318746566772, 0.59153729677200317 -0.38722357153892517 -0.38606315851211548  0.59253418445587158,0.56952846050262451 0.69064480066299438 0.31770318746566772, 0.59153729677200317 -0.38722357153892517 -0.38606315851211548  0.59253418445587158
