RosTime,PositionForIiwa7,OrientationForIiwa7,PositionForIiwa14,OrientationForIiwa14
1715788096.7827961,0.55300259590148926 0.68360912799835205  0.3178209662437439, 0.55736887454986572 -0.43399977684020996 -0.43726110458374023  0.55658501386642456,0.55300259590148926 0.68360912799835205  0.3178209662437439, 0.55736887454986572 -0.43399977684020996 -0.43726110458374023  0.55658501386642456
1715788096.8528173,0.56067663431167603  0.6407846212387085 0.31808337569236755, 0.53871786594390869 -0.45677727460861206 -0.45927441120147705  0.53870642185211182,0.56067663431167603  0.6407846212387085 0.31808337569236755, 0.53871786594390869 -0.45677727460861206 -0.45927441120147705  0.53870642185211182
