RosTime,PositionForIiwa7,OrientationForIiwa7,PositionForIiwa14,OrientationForIiwa14
1715787371.8240356,0.53241223096847534 0.87564712762832642 0.31674614548683167,-0.45612826943397522   0.5405195951461792  0.53258860111236572 -0.46490317583084106,0.53241223096847534 0.87564712762832642 0.31674614548683167,-0.45612826943397522   0.5405195951461792  0.53258860111236572 -0.46490317583084106
