RosTime,PositionForIiwa7,OrientationForIiwa7,PositionForIiwa14,OrientationForIiwa14
1715788238.2462142,0.50294268131256104 0.90118283033370972 0.31701380014419556,  0.5043867826461792 -0.49332895874977112  -0.4897942841053009  0.51217383146286011,0.50294268131256104 0.90118283033370972 0.31701380014419556,  0.5043867826461792 -0.49332895874977112  -0.4897942841053009  0.51217383146286011
