RosTime,PositionForIiwa7,OrientationForIiwa7,PositionForIiwa14,OrientationForIiwa14
1715787710.7905693,0.52432477474212646 0.78631871938705444 0.31689232587814331,-0.37679186463356018  0.60018491744995117  0.59336143732070923 -0.38174355030059814,0.52432477474212646 0.78631871938705444 0.31689232587814331,-0.37679186463356018  0.60018491744995117  0.59336143732070923 -0.38174355030059814
