RosTime,PositionForIiwa7,OrientationForIiwa7,PositionForIiwa14,OrientationForIiwa14
1715787612.6616697,0.50317209959030151 0.92071354389190674 0.31614771485328674,  0.5185476541519165 -0.48069873452186584 -0.47508940100669861  0.52376246452331543,0.50317209959030151 0.92071354389190674 0.31614771485328674,  0.5185476541519165 -0.48069873452186584 -0.47508940100669861  0.52376246452331543
