RosTime,PositionForIiwa7,OrientationForIiwa7,PositionForIiwa14,OrientationForIiwa14
1715788199.232044,0.47676685452461243  0.8194693922996521 0.31723642349243164, 0.51360589265823364 -0.48109984397888184 -0.48091110587120056  0.52294975519180298,0.47676685452461243  0.8194693922996521 0.31723642349243164, 0.51360589265823364 -0.48109984397888184 -0.48091110587120056  0.52294975519180298
1715788199.3570607,0.50326955318450928 0.72638463973999023  0.3174249529838562, 0.53035521507263184 -0.46444368362426758 -0.46229985356330872  0.53786081075668335,0.50326955318450928 0.72638463973999023  0.3174249529838562, 0.53035521507263184 -0.46444368362426758 -0.46229985356330872  0.53786081075668335
1715788199.4070833,0.51536500453948975 0.68490546941757202 0.31767603754997253,  0.5315093994140625 -0.46363845467567444 -0.46111574769020081  0.53843235969543457,0.51536500453948975 0.68490546941757202 0.31767603754997253,  0.5315093994140625 -0.46363845467567444 -0.46111574769020081  0.53843235969543457
1715788199.4320951,0.52095657587051392 0.66447353363037109 0.31778547167778015, 0.53068250417709351 -0.46466970443725586 -0.46162250638008118  0.53792452812194824,0.52095657587051392 0.66447353363037109 0.31778547167778015, 0.53068250417709351 -0.46466970443725586 -0.46162250638008118  0.53792452812194824
1715788199.5570812,0.54167932271957397 0.57270509004592896 0.31823739409446716, 0.52433490753173828 -0.47237849235534668 -0.46912533044815063  0.53089821338653564,0.54167932271957397 0.57270509004592896 0.31823739409446716, 0.52433490753173828 -0.47237849235534668 -0.46912533044815063  0.53089821338653564
1715788199.5820842,0.54414945840835571 0.55690306425094604 0.31828787922859192, 0.52305573225021362 -0.47386071085929871 -0.47047832608222961   0.5296403169631958,0.54414945840835571 0.55690306425094604 0.31828787922859192, 0.52305573225021362 -0.47386071085929871 -0.47047832608222961   0.5296403169631958
