RosTime,PositionForIiwa7,OrientationForIiwa7,PositionForIiwa14,OrientationForIiwa14
1715788202.8346827,0.51730906963348389  0.8157317042350769 0.31654062867164612,-0.48777949810028076  0.51248472929000854  0.50640827417373657 -0.49293127655982971,0.51730906963348389  0.8157317042350769 0.31654062867164612,-0.48777949810028076  0.51248472929000854  0.50640827417373657 -0.49293127655982971
1715788202.9096799,0.51744967699050903 0.87807506322860718 0.31693390011787415,  -0.486308753490448  0.51385253667831421  0.50894969701766968 -0.49033617973327637,0.51744967699050903 0.87807506322860718 0.31693390011787415,  -0.486308753490448  0.51385253667831421  0.50894969701766968 -0.49033617973327637
1715788202.9346819,0.51698684692382812 0.89744526147842407 0.31681522727012634,-0.48528340458869934  0.51452875137329102  0.50996106863021851  -0.4895915687084198,0.51698684692382812 0.89744526147842407 0.31681522727012634,-0.48528340458869934  0.51452875137329102  0.50996106863021851  -0.4895915687084198
