RosTime,PositionForIiwa7,OrientationForIiwa7,PositionForIiwa14,OrientationForIiwa14
1715788234.2322814,0.52439635992050171 0.74673807621002197 0.31707555055618286, 0.51489943265914917 -0.48296695947647095 -0.48643463850021362  0.51478427648544312,0.52439635992050171 0.74673807621002197 0.31707555055618286, 0.51489943265914917 -0.48296695947647095 -0.48643463850021362  0.51478427648544312
