RosTime,PositionForIiwa7,OrientationForIiwa7,PositionForIiwa14,OrientationForIiwa14
1714663045.6617379,0.52512407302856445  0.8734973669052124 0.27918204665184021,-0.0042646043002605438 0.00074085540836676955    0.41210541129112244    0.91112589836120605,0.52512407302856445  0.8734973669052124 0.27918204665184021,-0.0042646043002605438 0.00074085540836676955    0.41210541129112244    0.91112589836120605
1714663045.686697,0.52328735589981079 0.89265936613082886 0.27950245141983032,-0.0040895650163292885 0.00046154946903698146    0.40529230237007141    0.91417789459228516,0.52328735589981079 0.89265936613082886 0.27950245141983032,-0.0040895650163292885 0.00046154946903698146    0.40529230237007141    0.91417789459228516
1714663045.7367234,0.52239269018173218 0.92928951978683472 0.27879291772842407,-0.0043313386850059032 0.00029308645753189921    0.39097565412521362      0.920390784740448,0.52239269018173218 0.92928951978683472 0.27879291772842407,-0.0043313386850059032 0.00029308645753189921    0.39097565412521362      0.920390784740448
