RosTime,PositionForIiwa7,OrientationForIiwa7,PositionForIiwa14,OrientationForIiwa14
1714663124.5734611,0.46932080388069153 0.74420928955078125 0.27750316262245178,-0.0029667583294212818   0.002838833024725318    0.40673026442527771    0.91353905200958252,0.46932080388069153 0.74420928955078125 0.27750316262245178,-0.0029667583294212818   0.002838833024725318    0.40673026442527771    0.91353905200958252
1714663124.7733939,0.51046991348266602 0.59756588935852051 0.27841806411743164,-0.0026174921076744795  0.0031475592404603958    0.41508558392524719    0.90977317094802856,0.51046991348266602 0.59756588935852051 0.27841806411743164,-0.0026174921076744795  0.0031475592404603958    0.41508558392524719    0.90977317094802856
1714663124.7984378,0.51545470952987671 0.58131623268127441 0.27854171395301819,-0.0029585026204586029  0.0033726035617291927    0.42221102118492126    0.90648645162582397,0.51545470952987671 0.58131623268127441 0.27854171395301819,-0.0029585026204586029  0.0033726035617291927    0.42221102118492126    0.90648645162582397
