RosTime,PositionForIiwa7,OrientationForIiwa7,PositionForIiwa14,OrientationForIiwa14
1715793555.4293957,0.51258277893066406 0.78677845001220703 0.31685101985931396, 0.50882071256637573 -0.48969680070877075 -0.48174917697906494  0.51886051893234253,0.51258277893066406 0.78677845001220703 0.31685101985931396, 0.50882071256637573 -0.48969680070877075 -0.48174917697906494  0.51886051893234253
1715793555.6543925,0.50297087430953979 0.95248907804489136 0.31625247001647949, 0.49655288457870483 -0.50292503833770752 -0.49758362770080566  0.50290369987487793,0.50297087430953979 0.95248907804489136 0.31625247001647949, 0.49655288457870483 -0.50292503833770752 -0.49758362770080566  0.50290369987487793
1715793555.6793959,0.50334203243255615 0.96964448690414429 0.31621024012565613,-0.49330592155456543  0.50644999742507935  0.50089401006698608 -0.49926236271858215,0.50334203243255615 0.96964448690414429 0.31621024012565613,-0.49330592155456543  0.50644999742507935  0.50089401006698608 -0.49926236271858215
