RosTime,PositionForIiwa7,OrientationForIiwa7,PositionForIiwa14,OrientationForIiwa14
1715792427.5470679,0.54303187131881714 0.85375243425369263 0.31606784462928772, -0.2738591730594635  0.65109437704086304   0.6485743522644043 -0.28359931707382202,0.54303187131881714 0.85375243425369263 0.31606784462928772, -0.2738591730594635  0.65109437704086304   0.6485743522644043 -0.28359931707382202
