RosTime,PositionForIiwa7,OrientationForIiwa7,PositionForIiwa14,OrientationForIiwa14
1715791931.3268032,0.54996871948242188  0.8955157995223999 0.31848636269569397,-0.30911555886268616  0.63737446069717407  0.63285040855407715 -0.31257280707359314,0.54996871948242188  0.8955157995223999 0.31848636269569397,-0.30911555886268616  0.63737446069717407  0.63285040855407715 -0.31257280707359314
