RosTime,PositionForIiwa7,OrientationForIiwa7,PositionForIiwa14,OrientationForIiwa14
1715792414.4947042,0.48882058262825012 0.62501060962677002 0.31755363941192627, 0.52998948097229004 -0.46390977501869202 -0.46863749623298645  0.53317707777023315,0.48882058262825012 0.62501060962677002 0.31755363941192627, 0.52998948097229004 -0.46390977501869202 -0.46863749623298645  0.53317707777023315
