RosTime,PositionForIiwa7,OrientationForIiwa7,PositionForIiwa14,OrientationForIiwa14
1715793022.0062311,0.55921661853790283 0.49518495798110962   0.318246990442276, 0.52204656600952148 -0.47508165240287781 -0.47674772143363953  0.52390497922897339,0.55921661853790283 0.49518495798110962   0.318246990442276, 0.52204656600952148 -0.47508165240287781 -0.47674772143363953  0.52390497922897339
