RosTime,PositionForIiwa7,OrientationForIiwa7,PositionForIiwa14,OrientationForIiwa14
1715792511.0876153,0.47752302885055542 0.62484604120254517    0.31846883893013, 0.54445964097976685 -0.45077124238014221 -0.44810143113136292  0.54733359813690186,0.47752302885055542 0.62484604120254517    0.31846883893013, 0.54445964097976685 -0.45077124238014221 -0.44810143113136292  0.54733359813690186
