RosTime,PositionForIiwa7,OrientationForIiwa7,PositionForIiwa14,OrientationForIiwa14
1715792498.8720496,0.53553593158721924 0.85922145843505859  0.3168627917766571,-0.19853158295154572   0.6808314323425293  0.67573529481887817 -0.20108611881732941,0.53553593158721924 0.85922145843505859  0.3168627917766571,-0.19853158295154572   0.6808314323425293  0.67573529481887817 -0.20108611881732941
