RosTime,PositionForIiwa7,OrientationForIiwa7,PositionForIiwa14,OrientationForIiwa14
1715792165.2870917,0.52412468194961548 0.87419003248214722  0.3173983097076416,-0.34972566366195679  0.61643284559249878  0.61071842908859253 -0.35316503047943115,0.52412468194961548 0.87419003248214722  0.3173983097076416,-0.34972566366195679  0.61643284559249878  0.61071842908859253 -0.35316503047943115
1715792165.3670914,0.51883208751678467 0.92965817451477051 0.31716382503509521,-0.41280186176300049  0.57554984092712402  0.56947404146194458 -0.41717666387557983,0.51883208751678467 0.92965817451477051 0.31716382503509521,-0.41280186176300049  0.57554984092712402  0.56947404146194458 -0.41717666387557983
