RosTime,PositionForIiwa7,OrientationForIiwa7,PositionForIiwa14,OrientationForIiwa14
1715794148.3055654,0.50727778673171997 0.81612980365753174 0.31683811545372009, 0.50643718242645264 -0.49108666181564331 -0.48572701215744019  0.51616328954696655,0.50727778673171997 0.81612980365753174 0.31683811545372009, 0.50643718242645264 -0.49108666181564331 -0.48572701215744019  0.51616328954696655
1715794148.4055862,0.51029270887374878 0.88577950000762939 0.31615012884140015, 0.49781942367553711 -0.50087237358093262 -0.49578356742858887  0.50547140836715698,0.51029270887374878 0.88577950000762939 0.31615012884140015, 0.49781942367553711 -0.50087237358093262 -0.49578356742858887  0.50547140836715698
1715794148.4305651,0.51082581281661987 0.90335375070571899 0.31656858325004578, 0.49567243456840515 -0.50325417518615723 -0.49817094206809998   0.5028616189956665,0.51082581281661987 0.90335375070571899 0.31656858325004578, 0.49567243456840515 -0.50325417518615723 -0.49817094206809998   0.5028616189956665
