RosTime,PositionForIiwa7,OrientationForIiwa7,PositionForIiwa14,OrientationForIiwa14
1715793501.9260099,0.49514982104301453 0.86251360177993774 0.31685516238212585, 0.50528973340988159 -0.49099418520927429 -0.48607411980628967  0.51704829931259155,0.49514982104301453 0.86251360177993774 0.31685516238212585, 0.50528973340988159 -0.49099418520927429 -0.48607411980628967  0.51704829931259155
1715793501.9510345, 0.4956132173538208 0.87792110443115234 0.31663694977760315, 0.49949246644973755 -0.49783185124397278 -0.49281156063079834  0.50971317291259766, 0.4956132173538208 0.87792110443115234 0.31663694977760315, 0.49949246644973755 -0.49783185124397278 -0.49281156063079834  0.50971317291259766
1715793502.0510085,0.49605104327201843 0.94119101762771606 0.31631723046302795,-0.47844040393829346  0.52055221796035767  0.51447123289108276 -0.48522114753723145,0.49605104327201843 0.94119101762771606 0.31631723046302795,-0.47844040393829346  0.52055221796035767  0.51447123289108276 -0.48522114753723145
