RosTime,PositionForIiwa7,OrientationForIiwa7,PositionForIiwa14,OrientationForIiwa14
1715792736.0976501,0.50964981317520142 0.81902450323104858 0.31715860962867737,-0.42607006430625916    0.566325843334198  0.55859428644180298 -0.43094280362129211,0.50964981317520142 0.81902450323104858 0.31715860962867737,-0.42607006430625916    0.566325843334198  0.55859428644180298 -0.43094280362129211
1715792736.1476517,0.50305664539337158 0.86088621616363525 0.31695950031280518,-0.44558072090148926  0.55027037858963013  0.54389554262161255 -0.45037540793418884,0.50305664539337158 0.86088621616363525 0.31695950031280518,-0.44558072090148926  0.55027037858963013  0.54389554262161255 -0.45037540793418884
1715792736.1626501,0.50222277641296387 0.87300866842269897 0.31690579652786255, -0.4519442617893219  0.54491645097732544  0.53868728876113892 -0.45675861835479736,0.50222277641296387 0.87300866842269897 0.31690579652786255, -0.4519442617893219  0.54491645097732544  0.53868728876113892 -0.45675861835479736
1715792736.1726513,0.50152081251144409 0.88047033548355103 0.31690481305122375,-0.45592263340950012  0.54136747121810913       0.535400390625 -0.46087116003036499,0.50152081251144409 0.88047033548355103 0.31690481305122375,-0.45592263340950012  0.54136747121810913       0.535400390625 -0.46087116003036499
1715792736.1776483, 0.5011361837387085 0.88551485538482666 0.31688326597213745,-0.45862686634063721  0.53902250528335571  0.53307265043258667 -0.46362665295600891, 0.5011361837387085 0.88551485538482666 0.31688326597213745,-0.45862686634063721  0.53902250528335571  0.53307265043258667 -0.46362665295600891
1715792736.1826506,0.50072300434112549 0.89054685831069946 0.31680309772491455,-0.46152815222740173  0.53657448291778564  0.53044122457504272 -0.46659588813781738,0.50072300434112549 0.89054685831069946 0.31680309772491455,-0.46152815222740173  0.53657448291778564  0.53044122457504272 -0.46659588813781738
1715792736.1926496,0.50034373998641968 0.89804357290267944 0.31680053472518921,-0.46574488282203674  0.53268402814865112  0.52679997682571411 -0.47096839547157288,0.50034373998641968 0.89804357290267944 0.31680053472518921,-0.46574488282203674  0.53268402814865112  0.52679997682571411 -0.47096839547157288
