RosTime,PositionForIiwa7,OrientationForIiwa7,PositionForIiwa14,OrientationForIiwa14
1715793446.6947072,0.48281368613243103 0.91018402576446533 0.31681731343269348,  0.5265122652053833 -0.46725219488143921 -0.46534481644630432  0.53657656908035278,0.48281368613243103 0.91018402576446533 0.31681731343269348,  0.5265122652053833 -0.46725219488143921 -0.46534481644630432  0.53657656908035278
