RosTime,PositionForIiwa7,OrientationForIiwa7,PositionForIiwa14,OrientationForIiwa14
1715793090.8052878, 0.5232924222946167 0.59191477298736572 0.31814566254615784, 0.55306458473205566 -0.44000205397605896 -0.43827548623085022   0.5553668737411499, 0.5232924222946167 0.59191477298736572 0.31814566254615784, 0.55306458473205566 -0.44000205397605896 -0.43827548623085022   0.5553668737411499
