RosTime,PositionForIiwa7,OrientationForIiwa7,PositionForIiwa14,OrientationForIiwa14
1715792093.756979,0.50482606887817383 0.91141307353973389 0.31710830330848694,-0.25561058521270752  0.66137492656707764  0.65712779760360718 -0.25579187273979187,0.50482606887817383 0.91141307353973389 0.31710830330848694,-0.25561058521270752  0.66137492656707764  0.65712779760360718 -0.25579187273979187
