RosTime,PositionForIiwa7,OrientationForIiwa7,PositionForIiwa14,OrientationForIiwa14
1715792744.2646744,0.50479590892791748  0.7784464955329895 0.31761577725410461,-0.43753191828727722   0.5565330982208252  0.54712659120559692  -0.4466421902179718,0.50479590892791748  0.7784464955329895 0.31761577725410461,-0.43753191828727722   0.5565330982208252  0.54712659120559692  -0.4466421902179718
