RosTime,PositionForIiwa7,OrientationForIiwa7,PositionForIiwa14,OrientationForIiwa14
1715792753.6897728,0.53668183088302612 0.79264956712722778 0.31686303019523621,-0.40462911128997803  0.58102548122406006  0.57470369338989258 -0.41036617755889893,0.53668183088302612 0.79264956712722778 0.31686303019523621,-0.40462911128997803  0.58102548122406006  0.57470369338989258 -0.41036617755889893
1715792753.8397515,0.53094750642776489 0.90488606691360474 0.31640350818634033, 0.49740266799926758 -0.50278109312057495 -0.49834427237510681  0.50145262479782104,0.53094750642776489 0.90488606691360474 0.31640350818634033, 0.49740266799926758 -0.50278109312057495 -0.49834427237510681  0.50145262479782104
1715792753.88975,0.52681809663772583 0.93697214126586914 0.31624284386634827,  0.5106041431427002 -0.48862555623054504 -0.48330169916152954  0.51667004823684692,0.52681809663772583 0.93697214126586914 0.31624284386634827,  0.5106041431427002 -0.48862555623054504 -0.48330169916152954  0.51667004823684692
