RosTime,PositionForIiwa7,OrientationForIiwa7,PositionForIiwa14,OrientationForIiwa14
1715792574.3185999,0.52536600828170776 0.62356358766555786 0.31849604845046997, 0.60491997003555298 -0.37033486366271973 -0.36589044332504272   0.6025347113609314,0.52536600828170776 0.62356358766555786 0.31849604845046997, 0.60491997003555298 -0.37033486366271973 -0.36589044332504272   0.6025347113609314
