RosTime,PositionForIiwa7,OrientationForIiwa7,PositionForIiwa14,OrientationForIiwa14
1715793893.738538,0.50263464450836182 0.77729535102844238  0.3178737461566925, 0.52732241153717041 -0.46454700827598572 -0.45637461543083191  0.54575574398040771,0.50263464450836182 0.77729535102844238  0.3178737461566925, 0.52732241153717041 -0.46454700827598572 -0.45637461543083191  0.54575574398040771
