RosTime,PositionForIiwa7,OrientationForIiwa7,PositionForIiwa14,OrientationForIiwa14
1715793365.4409297,0.51341736316680908 0.94669771194458008 0.31657791137695312, -0.4810178279876709  0.51799595355987549  0.51282531023025513 -0.48714709281921387,0.51341736316680908 0.94669771194458008 0.31657791137695312, -0.4810178279876709  0.51799595355987549  0.51282531023025513 -0.48714709281921387
1715793365.465956,0.51466304063796997 0.96536439657211304 0.31642311811447144,-0.48195257782936096  0.51725345849990845  0.51250642538070679 -0.48734766244888306,0.51466304063796997 0.96536439657211304 0.31642311811447144,-0.48195257782936096  0.51725345849990845  0.51250642538070679 -0.48734766244888306
1715793365.4909561,0.51625782251358032 0.98271113634109497  0.3162723183631897,-0.48137784004211426  0.51766049861907959  0.51306343078613281 -0.48689720034599304,0.51625782251358032 0.98271113634109497  0.3162723183631897,-0.48137784004211426  0.51766049861907959  0.51306343078613281 -0.48689720034599304
