RosTime,PositionForIiwa7,OrientationForIiwa7,PositionForIiwa14,OrientationForIiwa14
1715793455.7974324,0.52238953113555908 0.83098936080932617 0.31701371073722839, 0.52126264572143555   -0.474345862865448 -0.46922239661216736  0.53208231925964355,0.52238953113555908 0.83098936080932617 0.31701371073722839, 0.52126264572143555   -0.474345862865448 -0.46922239661216736  0.53208231925964355
