RosTime,PositionForIiwa7,OrientationForIiwa7,PositionForIiwa14,OrientationForIiwa14
1715793633.5438039,0.54915738105773926 0.64497864246368408 0.31795108318328857, 0.54367321729660034 -0.45144069194793701 -0.45547083020210266  0.54144901037216187,0.54915738105773926 0.64497864246368408 0.31795108318328857, 0.54367321729660034 -0.45144069194793701 -0.45547083020210266  0.54144901037216187
1715793633.5938449,0.55137109756469727 0.61143010854721069 0.31803679466247559, 0.53375577926635742 -0.46287372708320618 -0.46673980355262756  0.53198367357254028,0.55137109756469727 0.61143010854721069 0.31803679466247559, 0.53375577926635742 -0.46287372708320618 -0.46673980355262756  0.53198367357254028
1715793633.6188011,0.55281972885131836 0.59472453594207764 0.31812131404876709, 0.52910470962524414 -0.46806299686431885 -0.47164547443389893  0.52774596214294434,0.55281972885131836 0.59472453594207764 0.31812131404876709, 0.52910470962524414 -0.46806299686431885 -0.47164547443389893  0.52774596214294434
