RosTime,PositionForIiwa7,OrientationForIiwa7,PositionForIiwa14,OrientationForIiwa14
1715792038.1282094,0.51899152994155884 0.95507413148880005 0.31731981039047241,-0.44276672601699829  0.55133742094039917  0.54792094230651855 -0.44695332646369934,0.51899152994155884 0.95507413148880005 0.31731981039047241,-0.44276672601699829  0.55133742094039917  0.54792094230651855 -0.44695332646369934
