RosTime,PositionForIiwa7,OrientationForIiwa7,PositionForIiwa14,OrientationForIiwa14
1715793898.3248489,0.51557791233062744 0.69798052310943604  0.3177722692489624, 0.51783335208892822 -0.47843223810195923 -0.48822623491287231  0.51437956094741821,0.51557791233062744 0.69798052310943604  0.3177722692489624, 0.51783335208892822 -0.47843223810195923 -0.48822623491287231  0.51437956094741821
