RosTime,PositionForIiwa7,OrientationForIiwa7,PositionForIiwa14,OrientationForIiwa14
1715791976.4018276,0.50869613885879517 0.52667444944381714   0.318521648645401,-0.49893015623092651  0.49873480200767517  0.50346499681472778 -0.49885398149490356,0.50869613885879517 0.52667444944381714   0.318521648645401,-0.49893015623092651  0.49873480200767517  0.50346499681472778 -0.49885398149490356
