RosTime,PositionForIiwa7,OrientationForIiwa7,PositionForIiwa14,OrientationForIiwa14
1715793747.8520396,0.51374703645706177 0.91503399610519409 0.31641319394111633, 0.51568984985351562 -0.48389872908592224 -0.47753474116325378  0.52140825986862183,0.51374703645706177 0.91503399610519409 0.31641319394111633, 0.51568984985351562 -0.48389872908592224 -0.47753474116325378  0.52140825986862183
