RosTime,PositionForIiwa7,OrientationForIiwa7,PositionForIiwa14,OrientationForIiwa14
1715792128.1021011, 0.5475388765335083 0.81780362129211426 0.31778687238693237,-0.21224340796470642  0.67619907855987549  0.67309612035751343 -0.21130353212356567, 0.5475388765335083 0.81780362129211426 0.31778687238693237,-0.21224340796470642  0.67619907855987549  0.67309612035751343 -0.21130353212356567
1715792128.2271023,0.52179169654846191 0.91098403930664062 0.31721848249435425,-0.36593747138977051  0.60660475492477417  0.60187691450119019 -0.36859813332557678,0.52179169654846191 0.91098403930664062 0.31721848249435425,-0.36593747138977051  0.60660475492477417  0.60187691450119019 -0.36859813332557678
1715792128.2520673,0.52019411325454712 0.93066674470901489 0.31707876920700073,-0.39466679096221924  0.58801138401031494  0.58351850509643555 -0.39747565984725952,0.52019411325454712 0.93066674470901489 0.31707876920700073,-0.39466679096221924  0.58801138401031494  0.58351850509643555 -0.39747565984725952
1715792128.2771289,0.51909810304641724  0.9495697021484375 0.31604677438735962,-0.42220115661621094  0.56833893060684204  0.56374877691268921 -0.42535209655761719,0.51909810304641724  0.9495697021484375 0.31604677438735962,-0.42220115661621094  0.56833893060684204  0.56374877691268921 -0.42535209655761719
