RosTime,PositionForIiwa7,OrientationForIiwa7,PositionForIiwa14,OrientationForIiwa14
1715793510.4733391,0.53117340803146362 0.81861674785614014 0.31653743982315063,-0.45191797614097595  0.54513496160507202  0.53753632307052612 -0.45787853002548218,0.53117340803146362 0.81861674785614014 0.31653743982315063,-0.45191797614097595  0.54513496160507202  0.53753632307052612 -0.45787853002548218
