RosTime,PositionForIiwa7,OrientationForIiwa7,PositionForIiwa14,OrientationForIiwa14
1715793969.6991391,0.49538412690162659 0.76299893856048584  0.3170492947101593, 0.52218973636627197 -0.47476089000701904 -0.47228196263313293  0.52808117866516113,0.49538412690162659 0.76299893856048584  0.3170492947101593, 0.52218973636627197 -0.47476089000701904 -0.47228196263313293  0.52808117866516113
