RosTime,PositionForIiwa7,OrientationForIiwa7,PositionForIiwa14,OrientationForIiwa14
1715792858.3602102,0.55708521604537964 0.68949407339096069 0.31826320290565491, 0.57038486003875732 -0.41642150282859802 -0.41332706809043884  0.57481735944747925,0.55708521604537964 0.68949407339096069 0.31826320290565491, 0.57038486003875732 -0.41642150282859802 -0.41332706809043884  0.57481735944747925
