RosTime,PositionForIiwa7,OrientationForIiwa7,PositionForIiwa14,OrientationForIiwa14
1715793872.7132633,0.53945016860961914 0.72783565521240234 0.31822440028190613, 0.54495847225189209 -0.44596922397613525 -0.45704543590545654  0.54336100816726685,0.53945016860961914 0.72783565521240234 0.31822440028190613, 0.54495847225189209 -0.44596922397613525 -0.45704543590545654  0.54336100816726685
1715793872.7382643,0.54282820224761963 0.71013247966766357 0.31834706664085388, 0.53984153270721436 -0.45259782671928406 -0.46233588457107544  0.53849035501480103,0.54282820224761963 0.71013247966766357 0.31834706664085388, 0.53984153270721436 -0.45259782671928406 -0.46233588457107544  0.53849035501480103
