RosTime,PositionForIiwa7,OrientationForIiwa7,PositionForIiwa14,OrientationForIiwa14
1715794028.7110155,0.50582468509674072  0.7637861967086792 0.31824082136154175,  0.5303952693939209 -0.45363876223564148 -0.45569697022438049  0.55247890949249268,0.50582468509674072  0.7637861967086792 0.31824082136154175,  0.5303952693939209 -0.45363876223564148 -0.45569697022438049  0.55247890949249268
1715794028.8460414,0.50785261392593384 0.83902186155319214 0.31678429245948792, 0.50419312715530396 -0.49096265435218811 -0.48836186528205872  0.51599186658859253,0.50785261392593384 0.83902186155319214 0.31678429245948792, 0.50419312715530396 -0.49096265435218811 -0.48836186528205872  0.51599186658859253
1715794028.9710128,0.51309841871261597 0.91857832670211792 0.31625056266784668,-0.48932167887687683  0.50838500261306763  0.50417345762252808 -0.49791374802589417,0.51309841871261597 0.91857832670211792 0.31625056266784668,-0.48932167887687683  0.50838500261306763  0.50417345762252808 -0.49791374802589417
