RosTime,PositionForIiwa7,OrientationForIiwa7,PositionForIiwa14,OrientationForIiwa14
1715792867.8160725,0.52977782487869263  0.7220568060874939 0.31878861784934998, 0.54184877872467041 -0.45706775784492493 -0.45669609308242798  0.53751057386398315,0.52977782487869263  0.7220568060874939 0.31878861784934998, 0.54184877872467041 -0.45706775784492493 -0.45669609308242798  0.53751057386398315
1715792867.9411137,0.54115724563598633 0.63797307014465332 0.31894040107727051, 0.51724123954772949 -0.48557648062705994 -0.48305785655975342  0.51315891742706299,0.54115724563598633 0.63797307014465332 0.31894040107727051, 0.51724123954772949 -0.48557648062705994 -0.48305785655975342  0.51315891742706299
