RosTime,PositionForIiwa7,OrientationForIiwa7,PositionForIiwa14,OrientationForIiwa14
1715793868.4243791,0.53857672214508057 0.89904618263244629 0.31711322069168091, 0.49333176016807556 -0.50254851579666138 -0.49896612763404846  0.50507581233978271,0.53857672214508057 0.89904618263244629 0.31711322069168091, 0.49333176016807556 -0.50254851579666138 -0.49896612763404846  0.50507581233978271
