RosTime,PositionForIiwa7,OrientationForIiwa7,PositionForIiwa14,OrientationForIiwa14
1715791914.6274714,0.57726114988327026 0.80868041515350342 0.31854143738746643,-0.14849948883056641  0.69308823347091675   0.6896127462387085 -0.14836050570011139,0.57726114988327026 0.80868041515350342 0.31854143738746643,-0.14849948883056641  0.69308823347091675   0.6896127462387085 -0.14836050570011139
