RosTime,PositionForIiwa7,OrientationForIiwa7,PositionForIiwa14,OrientationForIiwa14
1715794033.6881833,0.49473866820335388 0.68968296051025391 0.31831416487693787, 0.59301948547363281 -0.37978440523147583 -0.38739693164825439  0.59499186277389526,0.49473866820335388 0.68968296051025391 0.31831416487693787, 0.59301948547363281 -0.37978440523147583 -0.38739693164825439  0.59499186277389526
1715794033.713285,0.49584871530532837 0.67411059141159058 0.31836265325546265,  0.5949174165725708 -0.37660479545593262 -0.38398087024688721   0.5973280668258667,0.49584871530532837 0.67411059141159058 0.31836265325546265,  0.5949174165725708 -0.37660479545593262 -0.38398087024688721   0.5973280668258667
