RosTime,PositionForIiwa7,OrientationForIiwa7,PositionForIiwa14,OrientationForIiwa14
1715793816.0426123,0.49680456519126892 0.84074246883392334 0.31691032648086548, 0.51004475355148315 -0.48685580492019653 -0.48306947946548462  0.51910465955734253,0.49680456519126892 0.84074246883392334 0.31691032648086548, 0.51004475355148315 -0.48685580492019653 -0.48306947946548462  0.51910465955734253
1715793816.0476096,0.49664834141731262 0.84578180313110352 0.31669074296951294, 0.50934332609176636 -0.48810988664627075 -0.48376402258872986  0.51796764135360718,0.49664834141731262 0.84578180313110352 0.31669074296951294, 0.50934332609176636 -0.48810988664627075 -0.48376402258872986  0.51796764135360718
1715793816.0526402,0.49650523066520691 0.85084384679794312 0.31669551134109497, 0.50854557752609253 -0.48906329274177551 -0.48486211895942688  0.51682418584823608,0.49650523066520691 0.85084384679794312 0.31669551134109497, 0.50854557752609253 -0.48906329274177551 -0.48486211895942688  0.51682418584823608
1715793816.0576396, 0.4965062141418457 0.85595947504043579 0.31654772162437439, 0.50748556852340698 -0.48969566822052002 -0.48630103468894958  0.51591461896896362, 0.4965062141418457 0.85595947504043579 0.31654772162437439, 0.50748556852340698 -0.48969566822052002 -0.48630103468894958  0.51591461896896362
1715793816.0776138,0.49634361267089844 0.87371623516082764 0.31635895371437073, 0.50348025560379028 -0.49394097924232483 -0.49087339639663696  0.51144236326217651,0.49634361267089844 0.87371623516082764 0.31635895371437073, 0.50348025560379028 -0.49394097924232483 -0.49087339639663696  0.51144236326217651
1715793816.097635,0.49623534083366394  0.8912731409072876 0.31627011299133301, 0.49898830056190491  -0.4989733099937439 -0.49578246474266052  0.50619763135910034,0.49623534083366394  0.8912731409072876 0.31627011299133301, 0.49898830056190491  -0.4989733099937439 -0.49578246474266052  0.50619763135910034
1715793816.1076131,0.49607399106025696 0.90126103162765503 0.31618961691856384,  0.4966733455657959 -0.50160014629364014  -0.4984906017780304  0.50320971012115479,0.49607399106025696 0.90126103162765503 0.31618961691856384,  0.4966733455657959 -0.50160014629364014  -0.4984906017780304  0.50320971012115479
