RosTime,PositionForIiwa7,OrientationForIiwa7,PositionForIiwa14,OrientationForIiwa14
1715792625.9027181,0.49020096659660339 0.63121986389160156 0.31893917918205261, 0.54612481594085693 -0.44808042049407959 -0.45565086603164673  0.54162156581878662,0.49020096659660339 0.63121986389160156 0.31893917918205261, 0.54612481594085693 -0.44808042049407959 -0.45565086603164673  0.54162156581878662
