RosTime,PositionForIiwa7,OrientationForIiwa7,PositionForIiwa14,OrientationForIiwa14
1715793386.9161839, 0.5550573468208313 0.50459098815917969 0.31887257099151611, 0.50685101747512817 -0.49318841099739075  -0.4897005558013916  0.50996136665344238, 0.5550573468208313 0.50459098815917969 0.31887257099151611, 0.50685101747512817 -0.49318841099739075  -0.4897005558013916  0.50996136665344238
