RosTime,PositionForIiwa7,OrientationForIiwa7,PositionForIiwa14,OrientationForIiwa14
1715792914.9595771,0.50956124067306519 0.76057308912277222 0.31732255220413208,-0.4360792338848114 0.55744874477386475 0.55095112323760986 -0.4421975314617157,0.50956124067306519 0.76057308912277222 0.31732255220413208,-0.4360792338848114 0.55744874477386475 0.55095112323760986 -0.4421975314617157
