RosTime,PositionForIiwa7,OrientationForIiwa7,PositionForIiwa14,OrientationForIiwa14
1715792473.2464356,0.54151993989944458 0.84926557540893555 0.31720274686813354,-0.34823933243751526  0.61657798290252686  0.61171609163284302 -0.35265335440635681,0.54151993989944458 0.84926557540893555 0.31720274686813354,-0.34823933243751526  0.61657798290252686  0.61171609163284302 -0.35265335440635681
1715792473.2514324,0.53995490074157715 0.85415089130401611 0.31726810336112976,-0.35687816143035889  0.61226290464401245  0.60624271631240845 -0.36089041829109192,0.53995490074157715 0.85415089130401611 0.31726810336112976,-0.35687816143035889  0.61226290464401245  0.60624271631240845 -0.36089041829109192
1715792473.2564077,0.53835427761077881 0.85900759696960449 0.31722411513328552,-0.36571255326271057  0.60757768154144287  0.60070747137069702 -0.36912634968757629,0.53835427761077881 0.85900759696960449 0.31722411513328552,-0.36571255326271057  0.60757768154144287  0.60070747137069702 -0.36912634968757629
1715792473.3064322,0.52588164806365967  0.8997766375541687 0.31690135598182678,-0.43712732195854187  0.55749207735061646   0.5519755482673645 -0.43982419371604919,0.52588164806365967  0.8997766375541687 0.31690135598182678,-0.43712732195854187  0.55749207735061646   0.5519755482673645 -0.43982419371604919
