RosTime,PositionForIiwa7,OrientationForIiwa7,PositionForIiwa14,OrientationForIiwa14
1715792141.0272179,0.53910309076309204 0.66838699579238892 0.31794774532318115, 0.60274654626846313 -0.36935535073280334 -0.36928138136863708  0.60324496030807495,0.53910309076309204 0.66838699579238892 0.31794774532318115, 0.60274654626846313 -0.36935535073280334 -0.36928138136863708  0.60324496030807495
