RosTime,PositionForIiwa7,OrientationForIiwa7,PositionForIiwa14,OrientationForIiwa14
1715793790.267252,0.49982923269271851 0.86045938730239868 0.31641265749931335,-0.46011647582054138   0.5359686017036438  0.52905493974685669  -0.4702460765838623,0.49982923269271851 0.86045938730239868 0.31641265749931335,-0.46011647582054138   0.5359686017036438  0.52905493974685669  -0.4702460765838623
