RosTime,PositionForIiwa7,OrientationForIiwa7,PositionForIiwa14,OrientationForIiwa14
1715791817.9651632,0.51046836376190186 0.64487290382385254 0.31848886609077454, 0.51979285478591919 -0.47924211621284485 -0.48082932829856873  0.51859956979751587,0.51046836376190186 0.64487290382385254 0.31848886609077454, 0.51979285478591919 -0.47924211621284485 -0.48082932829856873  0.51859956979751587
1715791818.0401609,0.51936870813369751 0.59832197427749634 0.31850355863571167, 0.50650209188461304 -0.49328869581222534 -0.49354392290115356  0.50649410486221313,0.51936870813369751 0.59832197427749634 0.31850355863571167, 0.50650209188461304 -0.49328869581222534 -0.49354392290115356  0.50649410486221313
