RosTime,PositionForIiwa7,OrientationForIiwa7,PositionForIiwa14,OrientationForIiwa14
1715794045.9991212,0.50659668445587158 0.92967158555984497 0.31619596481323242, 0.50499182939529419 -0.49359840154647827 -0.48947644233703613  0.51162159442901611,0.50659668445587158 0.92967158555984497 0.31619596481323242, 0.50499182939529419 -0.49359840154647827 -0.48947644233703613  0.51162159442901611
