RosTime,PositionForIiwa7,OrientationForIiwa7,PositionForIiwa14,OrientationForIiwa14
1715793315.5566337, 0.5480886697769165 0.68174570798873901 0.31789013743400574, 0.53431445360183716 -0.46205806732177734 -0.45899981260299683  0.53882241249084473, 0.5480886697769165 0.68174570798873901 0.31789013743400574, 0.53431445360183716 -0.46205806732177734 -0.45899981260299683  0.53882241249084473
1715793315.581635,0.55013883113861084 0.66380786895751953 0.31800144910812378, 0.53010761737823486  -0.4669393002986908 -0.46389836072921753  0.53455770015716553,0.55013883113861084 0.66380786895751953 0.31800144910812378, 0.53010761737823486  -0.4669393002986908 -0.46389836072921753  0.53455770015716553
1715793315.6816394,0.55933135747909546 0.59363162517547607 0.31823238730430603,  0.5026821494102478 -0.49627277255058289 -0.49322876334190369  0.50769025087356567,0.55933135747909546 0.59363162517547607 0.31823238730430603,  0.5026821494102478 -0.49627277255058289 -0.49322876334190369  0.50769025087356567
