RosTime,PositionForIiwa7,OrientationForIiwa7,PositionForIiwa14,OrientationForIiwa14
1715792450.6791227,0.51502311229705811 0.62122547626495361 0.31811985373497009, 0.52963316440582275 -0.46844857931137085 -0.46893468499183655  0.52928715944290161,0.51502311229705811 0.62122547626495361 0.31811985373497009, 0.52963316440582275 -0.46844857931137085 -0.46893468499183655  0.52928715944290161
1715792450.684159,0.51697838306427002 0.61646610498428345 0.31820771098136902, 0.52876424789428711 -0.46960431337356567 -0.47046545147895813  0.52777117490768433,0.51697838306427002 0.61646610498428345 0.31820771098136902, 0.52876424789428711 -0.46960431337356567 -0.47046545147895813  0.52777117490768433
1715792450.6941605,0.51992684602737427 0.60922682285308838 0.31826180219650269, 0.52686482667922974 -0.47100090980529785  -0.4728052020072937  0.52633339166641235,0.51992684602737427 0.60922682285308838 0.31826180219650269, 0.52686482667922974 -0.47100090980529785  -0.4728052020072937  0.52633339166641235
1715792450.6991611,0.52186363935470581 0.60431545972824097 0.31840035319328308, 0.52594369649887085 -0.47213247418403625 -0.47440272569656372  0.52480107545852661,0.52186363935470581 0.60431545972824097 0.31840035319328308, 0.52594369649887085 -0.47213247418403625 -0.47440272569656372  0.52480107545852661
1715792450.7041626,0.52370584011077881 0.59959566593170166 0.31842207908630371, 0.52473241090774536 -0.47319957613945007 -0.47577214241027832    0.523811936378479,0.52370584011077881 0.59959566593170166 0.31842207908630371, 0.52473241090774536 -0.47319957613945007 -0.47577214241027832    0.523811936378479
1715792450.7091744,0.52547597885131836 0.59487122297286987 0.31852281093597412,  0.5240364670753479 -0.47425606846809387 -0.47690403461456299  0.52252227067947388,0.52547597885131836 0.59487122297286987 0.31852281093597412,  0.5240364670753479 -0.47425606846809387 -0.47690403461456299  0.52252227067947388
