RosTime,PositionForIiwa7,OrientationForIiwa7,PositionForIiwa14,OrientationForIiwa14
1715793004.1945946,0.57195109128952026 0.68010002374649048  0.3178437352180481, 0.62423932552337646 -0.33164000511169434 -0.33155924081802368  0.62482690811157227,0.57195109128952026 0.68010002374649048  0.3178437352180481, 0.62423932552337646 -0.33164000511169434 -0.33155924081802368  0.62482690811157227
