RosTime,PositionForIiwa7,OrientationForIiwa7,PositionForIiwa14,OrientationForIiwa14
1715791994.0768576,0.51707553863525391 0.91807514429092407 0.31770026683807373,-0.32611280679702759  0.62868195772171021  0.62483638525009155 -0.32861673831939697,0.51707553863525391 0.91807514429092407 0.31770026683807373,-0.32611280679702759  0.62868195772171021  0.62483638525009155 -0.32861673831939697
1715791994.0817983,0.51629787683486938 0.92337530851364136 0.31771928071975708,-0.33530643582344055  0.62406080961227417  0.61985725164413452 -0.33748292922973633,0.51629787683486938 0.92337530851364136 0.31771928071975708,-0.33530643582344055  0.62406080961227417  0.61985725164413452 -0.33748292922973633
1715791994.0918732,0.51530271768569946 0.93136018514633179   0.317686527967453,-0.34850463271141052  0.61657613515853882  0.61263167858123779 -0.35080030560493469,0.51530271768569946 0.93136018514633179   0.317686527967453,-0.34850463271141052  0.61657613515853882  0.61263167858123779 -0.35080030560493469
1715791994.0967996,0.51470953226089478 0.93658840656280518 0.31768769025802612,-0.35693669319152832  0.61130517721176147  0.60776519775390625 -0.35989400744438171,0.51470953226089478 0.93658840656280518 0.31768769025802612,-0.35693669319152832  0.61130517721176147  0.60776519775390625 -0.35989400744438171
1715791994.1018476,0.51416802406311035 0.94182389974594116 0.31773176789283752, -0.3659062385559082   0.6062462329864502  0.60242748260498047 -0.36831951141357422,0.51416802406311035 0.94182389974594116 0.31773176789283752, -0.3659062385559082   0.6062462329864502  0.60242748260498047 -0.36831951141357422
1715791994.1068485,0.51373100280761719 0.94692659378051758 0.31777644157409668,-0.37421697378158569   0.6009477972984314   0.5973924994468689 -0.37675672769546509,0.51373100280761719 0.94692659378051758 0.31777644157409668,-0.37421697378158569   0.6009477972984314   0.5973924994468689 -0.37675672769546509
1715791994.1168458,0.51307487487792969  0.9544525146484375 0.31777358055114746,-0.38646110892295837  0.59315937757492065  0.58942627906799316 -0.38908416032791138,0.51307487487792969  0.9544525146484375 0.31777358055114746,-0.38646110892295837  0.59315937757492065  0.58942627906799316 -0.38908416032791138
