RosTime,PositionForIiwa7,OrientationForIiwa7,PositionForIiwa14,OrientationForIiwa14
1715792123.8521411,0.52456992864608765 0.62290352582931519 0.31857898831367493, 0.62138324975967407 -0.33775365352630615  -0.3376920223236084  0.62110340595245361,0.52456992864608765 0.62290352582931519 0.31857898831367493, 0.62138324975967407 -0.33775365352630615  -0.3376920223236084  0.62110340595245361
1715792123.9771445,0.54143744707107544 0.54646807909011841 0.31876006722450256, 0.57488167285919189 -0.41169086098670959 -0.41057989001274109  0.57571333646774292,0.54143744707107544 0.54646807909011841 0.31876006722450256, 0.57488167285919189 -0.41169086098670959 -0.41057989001274109  0.57571333646774292
