RosTime,PositionForIiwa7,OrientationForIiwa7,PositionForIiwa14,OrientationForIiwa14
1715792888.3693223,0.50904494524002075 0.96025973558425903 0.31626099348068237,-0.47001224756240845  0.52789664268493652  0.52368992567062378 -0.47556546330451965,0.50904494524002075 0.96025973558425903 0.31626099348068237,-0.47001224756240845  0.52789664268493652  0.52368992567062378 -0.47556546330451965
