RosTime,PositionForIiwa7,OrientationForIiwa7,PositionForIiwa14,OrientationForIiwa14
1715793984.4316409,0.49554693698883057  0.9019615650177002 0.31632739305496216,  0.4999922513961792 -0.49667492508888245 -0.49408319592475891   0.5091204047203064,0.49554693698883057  0.9019615650177002 0.31632739305496216,  0.4999922513961792 -0.49667492508888245 -0.49408319592475891   0.5091204047203064
