RosTime,PositionForIiwa7,OrientationForIiwa7,PositionForIiwa14,OrientationForIiwa14
1715792002.5447922,0.53414827585220337 0.91071844100952148 0.31804695725440979,-0.27584633231163025  0.65277165174484253  0.64958208799362183 -0.27539259195327759,0.53414827585220337 0.91071844100952148 0.31804695725440979,-0.27584633231163025  0.65277165174484253  0.64958208799362183 -0.27539259195327759
1715792002.5547655,0.53314989805221558 0.92073893547058105 0.31724956631660461,-0.28923052549362183  0.64685320854187012  0.64370721578598022 -0.28908082842826843,0.53314989805221558 0.92073893547058105 0.31724956631660461,-0.28923052549362183  0.64685320854187012  0.64370721578598022 -0.28908082842826843
1715792002.559763,0.53264105319976807 0.92576658725738525 0.31725221872329712,-0.29573643207550049  0.64401507377624512  0.64057612419128418 -0.29571402072906494,0.53264105319976807 0.92576658725738525 0.31725221872329712,-0.29573643207550049  0.64401507377624512  0.64057612419128418 -0.29571402072906494
1715792002.5647521,0.53212422132492065 0.93080121278762817 0.31726765632629395,-0.30234116315841675  0.64098834991455078  0.63747948408126831 -0.30223116278648376,0.53212422132492065 0.93080121278762817 0.31726765632629395,-0.30234116315841675  0.64098834991455078  0.63747948408126831 -0.30223116278648376
