RosTime,PositionForIiwa7,OrientationForIiwa7,PositionForIiwa14,OrientationForIiwa14
1715793186.0784452,0.56742304563522339 0.70153814554214478 0.31814238429069519, 0.58715665340423584 -0.39150097966194153 -0.39589956402778625  0.58756923675537109,0.56742304563522339 0.70153814554214478 0.31814238429069519, 0.58715665340423584 -0.39150097966194153 -0.39589956402778625  0.58756923675537109
