RosTime,PositionForIiwa7,OrientationForIiwa7,PositionForIiwa14,OrientationForIiwa14
1715792028.4981172,0.51600545644760132  1.0493401288986206    0.31694296002388,-0.49203282594680786  0.50683331489562988  0.50409984588623047 -0.49689745903015137,0.51600545644760132  1.0493401288986206    0.31694296002388,-0.49203282594680786  0.50683331489562988  0.50409984588623047 -0.49689745903015137
