RosTime,PositionForIiwa7,OrientationForIiwa7,PositionForIiwa14,OrientationForIiwa14
1715793910.5257633,0.54438143968582153 0.77975040674209595 0.31747698783874512,-0.48460167646408081  0.51338076591491699  0.50702327489852905 -0.49449852108955383,0.54438143968582153 0.77975040674209595 0.31747698783874512,-0.48460167646408081  0.51338076591491699  0.50702327489852905 -0.49449852108955383
