RosTime,PositionForIiwa7,OrientationForIiwa7,PositionForIiwa14,OrientationForIiwa14
1715792169.8164599, 0.5065571665763855 0.61356300115585327 0.31858277320861816, 0.58754372596740723 -0.39312282204627991 -0.39012104272842407  0.58995962142944336, 0.5065571665763855 0.61356300115585327 0.31858277320861816, 0.58754372596740723 -0.39312282204627991 -0.39012104272842407  0.58995962142944336
1715792169.8414388,0.51350206136703491 0.59694290161132812 0.31869149208068848,  0.5769660472869873 -0.40882691740989685 -0.40573465824127197  0.57909423112869263,0.51350206136703491 0.59694290161132812 0.31869149208068848,  0.5769660472869873 -0.40882691740989685 -0.40573465824127197  0.57909423112869263
