RosTime,PositionForIiwa7,OrientationForIiwa7,PositionForIiwa14,OrientationForIiwa14
1715793667.1287642,0.51594501733779907 0.80845087766647339 0.31773442029953003, 0.51285302639007568  -0.4834257960319519 -0.47598126530647278  0.52604478597640991,0.51594501733779907 0.80845087766647339 0.31773442029953003, 0.51285302639007568  -0.4834257960319519 -0.47598126530647278  0.52604478597640991
