RosTime,PositionForIiwa7,OrientationForIiwa7,PositionForIiwa14,OrientationForIiwa14
1715791962.4248402,0.52053272724151611  0.8810991644859314 0.31580337882041931,-0.27464443445205688   0.6555446982383728  0.64525949954986572 -0.28012809157371521,0.52053272724151611  0.8810991644859314 0.31580337882041931,-0.27464443445205688   0.6555446982383728  0.64525949954986572 -0.28012809157371521
1715791962.4298239,0.51897454261779785 0.88585531711578369 0.31593099236488342,-0.28491127490997314  0.65104532241821289  0.64071774482727051 -0.29059651494026184,0.51897454261779785 0.88585531711578369 0.31593099236488342,-0.28491127490997314  0.65104532241821289  0.64071774482727051 -0.29059651494026184
