RosTime,PositionForIiwa7,OrientationForIiwa7,PositionForIiwa14,OrientationForIiwa14
1715792067.5909672,0.50407791137695312 0.61977952718734741 0.31803369522094727, 0.53220474720001221 -0.46489155292510986 -0.46374601125717163  0.53439086675643921,0.50407791137695312 0.61977952718734741 0.31803369522094727, 0.53220474720001221 -0.46489155292510986 -0.46374601125717163  0.53439086675643921
1715792067.6659877,0.52102398872375488 0.56960982084274292 0.31839743256568909,-0.49385136365890503  0.50519269704818726  0.50349986553192139 -0.49737215042114258,0.52102398872375488 0.56960982084274292 0.31839743256568909,-0.49385136365890503  0.50519269704818726  0.50349986553192139 -0.49737215042114258
