RosTime,PositionForIiwa7,OrientationForIiwa7,PositionForIiwa14,OrientationForIiwa14
1715791902.2358296,0.49505573511123657 0.57927811145782471 0.31765851378440857, 0.53530532121658325 -0.46133661270141602 -0.46035107970237732  0.53730219602584839,0.49505573511123657 0.57927811145782471 0.31765851378440857, 0.53530532121658325 -0.46133661270141602 -0.46035107970237732  0.53730219602584839
1715791902.2608273,0.50130242109298706 0.56526666879653931 0.31806227564811707, 0.52587389945983887  -0.4717068076133728 -0.47121521830558777  0.52811509370803833,0.50130242109298706 0.56526666879653931 0.31806227564811707, 0.52587389945983887  -0.4717068076133728 -0.47121521830558777  0.52811509370803833
