RosTime,PositionForIiwa7,OrientationForIiwa7,PositionForIiwa14,OrientationForIiwa14
1715793035.8730073,0.52845603227615356 0.78858351707458496 0.31693488359451294, -0.3931577205657959  0.58809089660644531  0.58331316709518433 -0.39915141463279724,0.52845603227615356 0.78858351707458496 0.31693488359451294, -0.3931577205657959  0.58809089660644531  0.58331316709518433 -0.39915141463279724
