RosTime,PositionForIiwa7,OrientationForIiwa7,PositionForIiwa14,OrientationForIiwa14
1715793795.2487113,0.55770659446716309 0.49247220158576965 0.31821846961975098, 0.54667544364929199 -0.44665640592575073 -0.44947400689125061  0.54737293720245361,0.55770659446716309 0.49247220158576965 0.31821846961975098, 0.54667544364929199 -0.44665640592575073 -0.44947400689125061  0.54737293720245361
