RosTime,PositionForIiwa7,OrientationForIiwa7,PositionForIiwa14,OrientationForIiwa14
1715793560.4380567, 0.5575861930847168 0.65798395872116089 0.31825375556945801, 0.60445278882980347  -0.3665299117565155 -0.36393949389457703  0.60649871826171875, 0.5575861930847168 0.65798395872116089 0.31825375556945801, 0.60445278882980347  -0.3665299117565155 -0.36393949389457703  0.60649871826171875
1715793560.4530559,0.56081485748291016 0.64391249418258667 0.31836152076721191, 0.59759789705276489 -0.37806421518325806 -0.37492936849594116  0.59947657585144043,0.56081485748291016 0.64391249418258667 0.31836152076721191, 0.59759789705276489 -0.37806421518325806 -0.37492936849594116  0.59947657585144043
1715793560.4630542,0.56282901763916016 0.63463062047958374 0.31838634610176086, 0.59287136793136597 -0.38575375080108643 -0.38208603858947754  0.59473347663879395,0.56282901763916016 0.63463062047958374 0.31838634610176086, 0.59287136793136597 -0.38575375080108643 -0.38208603858947754  0.59473347663879395
