RosTime,PositionForIiwa7,OrientationForIiwa7,PositionForIiwa14,OrientationForIiwa14
1715792520.2049134,0.51159137487411499 0.74065357446670532 0.31767398118972778, 0.64524585008621216 -0.28710553050041199 -0.29309648275375366  0.64445525407791138,0.51159137487411499 0.74065357446670532 0.31767398118972778, 0.64524585008621216 -0.28710553050041199 -0.29309648275375366  0.64445525407791138
1715792520.2150888,0.51247495412826538 0.73337298631668091 0.31767958402633667, 0.64057296514511108 -0.29707872867584229 -0.30354595184326172  0.63974243402481079,0.51247495412826538 0.73337298631668091 0.31767958402633667, 0.64057296514511108 -0.29707872867584229 -0.30354595184326172  0.63974243402481079
1715792520.2249119,0.51340240240097046 0.72564244270324707 0.31785979866981506, 0.63556367158889771 -0.30754292011260986 -0.31440427899360657  0.63452827930450439,0.51340240240097046 0.72564244270324707 0.31785979866981506, 0.63556367158889771 -0.30754292011260986 -0.31440427899360657  0.63452827930450439
1715792520.2399123,0.51466292142868042 0.71506857872009277 0.31824427843093872, 0.62920743227005005 -0.32438057661056519 -0.32700431346893311  0.62605386972427368,0.51466292142868042 0.71506857872009277 0.31824427843093872, 0.62920743227005005 -0.32438057661056519 -0.32700431346893311  0.62605386972427368
1715792520.2949069,0.52163100242614746 0.67164289951324463 0.31866726279258728, 0.59826457500457764 -0.37849399447441101 -0.38017591834068298  0.59522104263305664,0.52163100242614746 0.67164289951324463 0.31866726279258728, 0.59826457500457764 -0.37849399447441101 -0.38017591834068298  0.59522104263305664
