RosTime,PositionForIiwa7,OrientationForIiwa7,PositionForIiwa14,OrientationForIiwa14
1715794038.8124726, 0.5288689136505127 0.90298241376876831 0.31620103120803833,-0.47087666392326355  0.52540308237075806  0.51928550004959106 -0.48225441575050354, 0.5288689136505127 0.90298241376876831 0.31620103120803833,-0.47087666392326355  0.52540308237075806  0.51928550004959106 -0.48225441575050354
1715794038.8624718,0.53073042631149292 0.93753498792648315 0.31631159782409668,-0.47099488973617554  0.52541244029998779  0.51922541856765747  -0.4821934700012207,0.53073042631149292 0.93753498792648315 0.31631159782409668,-0.47099488973617554  0.52541244029998779  0.51922541856765747  -0.4821934700012207
1715794038.8874726,0.53207284212112427 0.95412224531173706 0.31634682416915894,-0.47300896048545837  0.52382844686508179  0.51794236898422241 -0.48332387208938599,0.53207284212112427 0.95412224531173706 0.31634682416915894,-0.47300896048545837  0.52382844686508179  0.51794236898422241 -0.48332387208938599
