RosTime,PositionForIiwa7,OrientationForIiwa7,PositionForIiwa14,OrientationForIiwa14
1715792699.6562355,0.48475396633148193 0.67454367876052856 0.31858956813812256,-0.49045786261558533  0.50725370645523071  0.51444274187088013 -0.48733296990394592,0.48475396633148193 0.67454367876052856 0.31858956813812256,-0.49045786261558533  0.50725370645523071  0.51444274187088013 -0.48733296990394592
1715792699.8312576,0.52789145708084106 0.56302946805953979 0.31863480806350708,-0.46026161313056946  0.53428483009338379  0.53929561376571655 -0.46028164029121399,0.52789145708084106 0.56302946805953979 0.31863480806350708,-0.46026161313056946  0.53428483009338379  0.53929561376571655 -0.46028164029121399
1715792699.8812573,0.53860551118850708 0.53258121013641357 0.31862238049507141,-0.46802973747253418  0.52788597345352173  0.53163331747055054 -0.46866890788078308,0.53860551118850708 0.53258121013641357 0.31862238049507141,-0.46802973747253418  0.52788597345352173  0.53163331747055054 -0.46866890788078308
