RosTime,PositionForIiwa7,OrientationForIiwa7,PositionForIiwa14,OrientationForIiwa14
1715794097.7365444,0.51167744398117065 0.85538840293884277 0.31660255789756775,-0.49031186103820801  0.50882440805435181  0.50086456537246704 -0.49982661008834839,0.51167744398117065 0.85538840293884277 0.31660255789756775,-0.49031186103820801  0.50882440805435181  0.50086456537246704 -0.49982661008834839
1715794097.7514858,0.51168924570083618 0.86739075183868408 0.31634849309921265,-0.48957499861717224  0.50970155000686646  0.50230586528778076 -0.49820622801780701,0.51168924570083618 0.86739075183868408 0.31634849309921265,-0.48957499861717224  0.50970155000686646  0.50230586528778076 -0.49820622801780701
1715794097.9064395,0.50553745031356812 0.98696660995483398 0.31628471612930298,-0.48526385426521301  0.51469594240188599  0.50916719436645508 -0.49026095867156982,0.50553745031356812 0.98696660995483398 0.31628471612930298,-0.48526385426521301  0.51469594240188599  0.50916719436645508 -0.49026095867156982
