RosTime,PositionForIiwa7,OrientationForIiwa7,PositionForIiwa14,OrientationForIiwa14
1715792749.4003282,0.48236235976219177 0.61659574508666992 0.31780523061752319, 0.56089794635772705 -0.42864665389060974 -0.42483904957771301  0.56671625375747681,0.48236235976219177 0.61659574508666992 0.31780523061752319, 0.56089794635772705 -0.42864665389060974 -0.42483904957771301  0.56671625375747681
1715792749.4503286,0.49328857660293579 0.58714878559112549 0.31792590022087097, 0.55844211578369141 -0.43177732825279236  -0.4278126060962677  0.56452381610870361,0.49328857660293579 0.58714878559112549 0.31792590022087097, 0.55844211578369141 -0.43177732825279236  -0.4278126060962677  0.56452381610870361
