RosTime,PositionForIiwa7,OrientationForIiwa7,PositionForIiwa14,OrientationForIiwa14
1715792910.6487775, 0.4873177707195282 0.66998821496963501 0.31776687502861023, 0.59687215089797974 -0.37641584873199463 -0.37377095222473145  0.60195517539978027, 0.4873177707195282 0.66998821496963501 0.31776687502861023, 0.59687215089797974 -0.37641584873199463 -0.37377095222473145  0.60195517539978027
1715792910.6687794,0.49315851926803589 0.65510427951812744  0.3178102970123291, 0.59396958351135254 -0.38073018193244934 -0.37808758020401001   0.5994117259979248,0.49315851926803589 0.65510427951812744  0.3178102970123291, 0.59396958351135254 -0.38073018193244934 -0.37808758020401001   0.5994117259979248
