RosTime,PositionForIiwa7,OrientationForIiwa7,PositionForIiwa14,OrientationForIiwa14
1715791953.9311588,0.52525061368942261 0.86960685253143311 0.31658241152763367,-0.24362505972385406  0.66718322038650513  0.65952831506729126 -0.24604012072086334,0.52525061368942261 0.86960685253143311 0.31658241152763367,-0.24362505972385406  0.66718322038650513  0.65952831506729126 -0.24604012072086334
