RosTime,PositionForIiwa7,OrientationForIiwa7,PositionForIiwa14,OrientationForIiwa14
1715793156.1331239,0.52478200197219849 0.87470072507858276 0.31632879376411438, -0.4837321937084198  0.51402270793914795  0.50730359554290771 -0.49439552426338196,0.52478200197219849 0.87470072507858276 0.31632879376411438, -0.4837321937084198  0.51402270793914795  0.50730359554290771 -0.49439552426338196
