RosTime,PositionForIiwa7,OrientationForIiwa7,PositionForIiwa14,OrientationForIiwa14
1715794017.3818245,0.52832847833633423 0.78343522548675537 0.31656420230865479, 0.52222764492034912  -0.4735243022441864 -0.46778333187103271  0.53313392400741577,0.52832847833633423 0.78343522548675537 0.31656420230865479, 0.52222764492034912  -0.4735243022441864 -0.46778333187103271  0.53313392400741577
1715794017.4568458,0.52581650018692017 0.83725959062576294 0.31634038686752319,0.51177209615707397 -0.4859488308429718 -0.4805377721786499 0.52060204744338989,0.52581650018692017 0.83725959062576294 0.31634038686752319,0.51177209615707397 -0.4859488308429718 -0.4805377721786499 0.52060204744338989
