RosTime,PositionForIiwa7,OrientationForIiwa7,PositionForIiwa14,OrientationForIiwa14
1715792157.1499121,0.48081934452056885 0.81161707639694214  0.3176112174987793, 0.56064808368682861 -0.42887678742408752 -0.42186307907104492  0.56900787353515625,0.48081934452056885 0.81161707639694214  0.3176112174987793, 0.56064808368682861 -0.42887678742408752 -0.42186307907104492  0.56900787353515625
