RosTime,PositionForIiwa7,OrientationForIiwa7,PositionForIiwa14,OrientationForIiwa14
1715793859.2969975, 0.5416831374168396 0.91825556755065918 0.31598156690597534,-0.45830115675926208   0.5374336838722229  0.53340607881546021 -0.46540632843971252, 0.5416831374168396 0.91825556755065918 0.31598156690597534,-0.45830115675926208   0.5374336838722229  0.53340607881546021 -0.46540632843971252
