RosTime,PositionForIiwa7,OrientationForIiwa7,PositionForIiwa14,OrientationForIiwa14
1715792826.8545065,0.51086413860321045 0.82668352127075195 0.31694182753562927, -0.4818783700466156  0.51740002632141113  0.51056748628616333 -0.48929676413536072,0.51086413860321045 0.82668352127075195 0.31694182753562927, -0.4818783700466156  0.51740002632141113  0.51056748628616333 -0.48929676413536072
