RosTime,PositionForIiwa7,OrientationForIiwa7,PositionForIiwa14,OrientationForIiwa14
1715792581.6848338,0.52696585655212402 0.62266302108764648 0.31788325309753418, 0.50816470384597778  -0.4920513927936554 -0.49107888340950012  0.50842463970184326,0.52696585655212402 0.62266302108764648 0.31788325309753418, 0.50816470384597778  -0.4920513927936554 -0.49107888340950012  0.50842463970184326
1715792581.6898334,0.52820199728012085 0.61757594347000122 0.31801909208297729,  0.5077088475227356 -0.49203306436538696 -0.49186176061630249   0.5081409215927124,0.52820199728012085 0.61757594347000122 0.31801909208297729,  0.5077088475227356 -0.49203306436538696 -0.49186176061630249   0.5081409215927124
1715792581.6948454,0.52949923276901245 0.61237430572509766 0.31801387667655945, 0.50744444131851196 -0.49179497361183167 -0.49270355701446533  0.50781983137130737,0.52949923276901245 0.61237430572509766 0.31801387667655945, 0.50744444131851196 -0.49179497361183167 -0.49270355701446533  0.50781983137130737
1715792581.6998346, 0.5307314395904541 0.60719919204711914 0.31807631254196167, 0.50720101594924927 -0.49156689643859863 -0.49331435561180115   0.5076909065246582, 0.5307314395904541 0.60719919204711914 0.31807631254196167, 0.50720101594924927 -0.49156689643859863 -0.49331435561180115   0.5076909065246582
1715792581.7098346,0.53246569633483887  0.5996440052986145 0.31827592849731445, 0.50758349895477295 -0.49097335338592529 -0.49393293261528015  0.50728136301040649,0.53246569633483887  0.5996440052986145 0.31827592849731445, 0.50758349895477295 -0.49097335338592529 -0.49393293261528015  0.50728136301040649
1715792581.7148407,0.53363692760467529 0.59475988149642944 0.31828951835632324,  0.5076521635055542 -0.49055621027946472 -0.49409812688827515  0.50745528936386108,0.53363692760467529 0.59475988149642944 0.31828951835632324,  0.5076521635055542 -0.49055621027946472 -0.49409812688827515  0.50745528936386108
