RosTime,PositionForIiwa7,OrientationForIiwa7,PositionForIiwa14,OrientationForIiwa14
1715793311.6043427,0.53726410865783691 0.85359567403793335 0.31665372848510742, 0.49732136726379395 -0.50213044881820679  -0.4969639778137207  0.50355064868927002,0.53726410865783691 0.85359567403793335 0.31665372848510742, 0.49732136726379395 -0.50213044881820679  -0.4969639778137207  0.50355064868927002
1715793311.7493443,0.53106474876403809 0.94765186309814453  0.3165343701839447, 0.49899554252624512 -0.50086623430252075 -0.49589532613754272  0.50420659780502319,0.53106474876403809 0.94765186309814453  0.3165343701839447, 0.49899554252624512 -0.50086623430252075 -0.49589532613754272  0.50420659780502319
