RosTime,PositionForIiwa7,OrientationForIiwa7,PositionForIiwa14,OrientationForIiwa14
1715793762.2042751,0.54992228746414185 0.67550498247146606 0.31815943121910095, 0.58444821834564209   -0.398079514503479 -0.39572149515151978  0.58596712350845337,0.54992228746414185 0.67550498247146606 0.31815943121910095, 0.58444821834564209   -0.398079514503479 -0.39572149515151978  0.58596712350845337
