RosTime,PositionForIiwa7,OrientationForIiwa7,PositionForIiwa14,OrientationForIiwa14
1715792664.7602451,0.54296445846557617 0.69876980781555176 0.31798470020294189, 0.61612319946289062 -0.34708335995674133 -0.34611690044403076  0.61654555797576904,0.54296445846557617 0.69876980781555176 0.31798470020294189, 0.61612319946289062 -0.34708335995674133 -0.34611690044403076  0.61654555797576904
1715792664.7752912,0.54703247547149658 0.68640220165252686 0.31827390193939209, 0.61036735773086548 -0.35748019814491272 -0.35730829834938049  0.60991019010543823,0.54703247547149658 0.68640220165252686 0.31827390193939209, 0.61036735773086548 -0.35748019814491272 -0.35730829834938049  0.60991019010543823
1715792664.8352926,0.56386649608612061 0.64080917835235596 0.31830459833145142, 0.58698165416717529 -0.39459741115570068 -0.39409253001213074  0.58688712120056152,0.56386649608612061 0.64080917835235596 0.31830459833145142, 0.58698165416717529 -0.39459741115570068 -0.39409253001213074  0.58688712120056152
