RosTime,PositionForIiwa7,OrientationForIiwa7,PositionForIiwa14,OrientationForIiwa14
1715793881.1604123, 0.5369795560836792   0.712024986743927 0.31843584775924683, 0.51354837417602539 -0.48320508003234863 -0.49413818120956421  0.50853550434112549, 0.5369795560836792   0.712024986743927 0.31843584775924683, 0.51354837417602539 -0.48320508003234863 -0.49413818120956421  0.50853550434112549
