RosTime,PositionForIiwa7,OrientationForIiwa7,PositionForIiwa14,OrientationForIiwa14
1715792822.5853534,0.51643991470336914 0.64022183418273926  0.3180534839630127, 0.54578083753585815  -0.4476085901260376 -0.44486063718795776  0.55124294757843018,0.51643991470336914 0.64022183418273926  0.3180534839630127, 0.54578083753585815  -0.4476085901260376 -0.44486063718795776  0.55124294757843018
