RosTime,PositionForIiwa7,OrientationForIiwa7,PositionForIiwa14,OrientationForIiwa14
1715005441.7878988,0.52792173624038696 0.71170169115066528 0.27857393026351929,-0.00012899388093501329   0.0025389434304088354    0.042490411549806595     0.99909365177154541,0.52792173624038696 0.71170169115066528 0.27857393026351929,-0.00012899388093501329   0.0025389434304088354    0.042490411549806595     0.99909365177154541
