RosTime,PositionForIiwa7,OrientationForIiwa7,PositionForIiwa14,OrientationForIiwa14
1715005846.4434981,0.51760679483413696  0.7266051173210144 0.27827587723731995,-0.00034549264819361269   0.0037052582483738661     0.39619126915931702     0.91816043853759766,0.51760679483413696  0.7266051173210144 0.27827587723731995,-0.00034549264819361269   0.0037052582483738661     0.39619126915931702     0.91816043853759766
1715005846.533525,0.53257662057876587 0.66372847557067871 0.27863255143165588,-4.5554984353657346e-06   0.0033328025601804256     0.25397714972496033     0.96720445156097412,0.53257662057876587 0.66372847557067871 0.27863255143165588,-4.5554984353657346e-06   0.0033328025601804256     0.25397714972496033     0.96720445156097412
1715005846.568526,0.53956598043441772 0.63945662975311279 0.27874791622161865,-0.0023282745387405157  0.0020345805678516626    0.19339343905448914    0.98111641407012939,0.53956598043441772 0.63945662975311279 0.27874791622161865,-0.0023282745387405157  0.0020345805678516626    0.19339343905448914    0.98111641407012939
