RosTime,PositionForIiwa7,OrientationForIiwa7,PositionForIiwa14,OrientationForIiwa14
1715005433.2766776,0.54426801204681396 0.74278408288955688 0.27827781438827515,0.0020978790707886219 0.0025189388543367386   0.03791576623916626    0.9992755651473999,0.54426801204681396 0.74278408288955688 0.27827781438827515,0.0020978790707886219 0.0025189388543367386   0.03791576623916626    0.9992755651473999
1715005433.4016783,0.55821007490158081  0.6460605263710022 0.27873235940933228,-0.00027794859488494694   0.0017158085247501731   -0.021855844184756279     0.99975961446762085,0.55821007490158081  0.6460605263710022 0.27873235940933228,-0.00027794859488494694   0.0017158085247501731   -0.021855844184756279     0.99975961446762085
1715005433.4116778,0.55974280834197998 0.63879615068435669 0.27856940031051636,-0.00022097931650932878   0.0022546153049916029   -0.020525986328721046     0.99978673458099365,0.55974280834197998 0.63879615068435669 0.27856940031051636,-0.00022097931650932878   0.0022546153049916029   -0.020525986328721046     0.99978673458099365
1715005433.4267857,0.56066149473190308 0.62602353096008301 0.27882003784179688,-3.6238670872990042e-05   0.0016262243734672666   -0.016484916210174561     0.99986279010772705,0.56066149473190308 0.62602353096008301 0.27882003784179688,-3.6238670872990042e-05   0.0016262243734672666   -0.016484916210174561     0.99986279010772705
1715005433.4417012,0.56221699714660645 0.61411142349243164 0.27880644798278809,0.0003165498492307961 0.0016059854533523321 -0.013522065244615078   0.99990725517272949,0.56221699714660645 0.61411142349243164 0.27880644798278809,0.0003165498492307961 0.0016059854533523321 -0.013522065244615078   0.99990725517272949
