RosTime,PositionForIiwa7,OrientationForIiwa7,PositionForIiwa14,OrientationForIiwa14
1715005641.9783707, 0.4798000156879425 0.87629485130310059 0.27709051966667175,-0.0036605442874133587  0.0018200732301920652    0.16586977243423462    0.98613917827606201, 0.4798000156879425 0.87629485130310059 0.27709051966667175,-0.0036605442874133587  0.0018200732301920652    0.16586977243423462    0.98613917827606201
