RosTime,PositionForIiwa7,OrientationForIiwa7,PositionForIiwa14,OrientationForIiwa14
1715005715.7234499,0.56118017435073853  0.9518464207649231 0.27691495418548584,-0.0032172652427107096  0.0015503955073654652   -0.16082780063152313     0.9869760274887085,0.56118017435073853  0.9518464207649231 0.27691495418548584,-0.0032172652427107096  0.0015503955073654652   -0.16082780063152313     0.9869760274887085
1715005715.7534552,0.55749624967575073 0.97750550508499146 0.27682682871818542,-0.0036343378014862537  0.0012978211743757129    -0.1368410736322403    0.99058550596237183,0.55749624967575073 0.97750550508499146 0.27682682871818542,-0.0036343378014862537  0.0012978211743757129    -0.1368410736322403    0.99058550596237183
1715005715.7734325,0.55529922246932983 0.99311494827270508 0.27697154879570007,-0.0037312412168830633  0.0010424510110169649   -0.11844919621944427    0.99295258522033691,0.55529922246932983 0.99311494827270508 0.27697154879570007,-0.0037312412168830633  0.0010424510110169649   -0.11844919621944427    0.99295258522033691
