RosTime,PositionForIiwa7,OrientationForIiwa7,PositionForIiwa14,OrientationForIiwa14
1715005711.1799152,0.54471433162689209 0.67058044672012329 0.27896329760551453,-0.0019550928846001625  0.0018847743049263954    0.19023245573043823    0.98173534870147705,0.54471433162689209 0.67058044672012329 0.27896329760551453,-0.0019550928846001625  0.0018847743049263954    0.19023245573043823    0.98173534870147705
