RosTime,PositionForIiwa7,OrientationForIiwa7,PositionForIiwa14,OrientationForIiwa14
1715005602.1914198,0.48994940519332886 0.84755897521972656 0.27800044417381287,-0.0051375771872699261  0.0033460129052400589    0.36517328023910522      0.930919349193573,0.48994940519332886 0.84755897521972656 0.27800044417381287,-0.0051375771872699261  0.0033460129052400589    0.36517328023910522      0.930919349193573
1715005602.20138,0.49276122450828552 0.85709577798843384 0.27790144085884094,-0.0047967731952667236  0.0038888107519596815    0.34800717234611511    0.93747150897979736,0.49276122450828552 0.85709577798843384 0.27790144085884094,-0.0047967731952667236  0.0038888107519596815    0.34800717234611511    0.93747150897979736
1715005602.2164509,0.49641183018684387 0.86912459135055542 0.27776604890823364,-0.0047632609494030476  0.0035954646300524473    0.32519760727882385    0.94562727212905884,0.49641183018684387 0.86912459135055542 0.27776604890823364,-0.0047632609494030476  0.0035954646300524473    0.32519760727882385    0.94562727212905884
1715005602.2214229,0.49794676899909973 0.87396830320358276 0.27775362133979797,-0.0045961774885654449  0.0033700170461088419    0.31558150053024292    0.94888138771057129,0.49794676899909973 0.87396830320358276 0.27775362133979797,-0.0045961774885654449  0.0033700170461088419    0.31558150053024292    0.94888138771057129
1715005602.2314208,0.50109702348709106  0.8836514949798584 0.27758336067199707,-0.0043155262246727943  0.0026665015611797571    0.29631856083869934    0.95507568120956421,0.50109702348709106  0.8836514949798584 0.27758336067199707,-0.0043155262246727943  0.0026665015611797571    0.29631856083869934    0.95507568120956421
1715005602.2414203, 0.5036577582359314 0.89087992906570435 0.27755811810493469,-0.0039565390907227993  0.0025989445857703686    0.28153368830680847    0.95953965187072754, 0.5036577582359314 0.89087992906570435 0.27755811810493469,-0.0039565390907227993  0.0025989445857703686    0.28153368830680847    0.95953965187072754
1715005602.251426,0.50714790821075439  0.9002576470375061 0.27748966217041016,-0.0041885687969624996  0.0020584913436323404    0.26117029786109924    0.96528148651123047,0.50714790821075439  0.9002576470375061 0.27748966217041016,-0.0041885687969624996  0.0020584913436323404    0.26117029786109924    0.96528148651123047
