RosTime,PositionForIiwa7,OrientationForIiwa7,PositionForIiwa14,OrientationForIiwa14
1715005875.282553,0.51147764921188354 0.71840935945510864 0.27823725342750549,-0.0024437156971544027  0.0033896481618285179    0.44626995921134949    0.89488863945007324,0.51147764921188354 0.71840935945510864 0.27823725342750549,-0.0024437156971544027  0.0033896481618285179    0.44626995921134949    0.89488863945007324
1715005875.3226049,0.51972121000289917 0.69288665056228638 0.27821922302246094,-0.0022080119233578444  0.0031560750212520361    0.40616980195045471    0.91378951072692871,0.51972121000289917 0.69288665056228638 0.27821922302246094,-0.0022080119233578444  0.0031560750212520361    0.40616980195045471    0.91378951072692871
1715005875.3326004,0.52227908372879028 0.68446683883666992 0.27830833196640015,-0.0022925385273993015  0.0027378399390727282    0.39259746670722961    0.91970348358154297,0.52227908372879028 0.68446683883666992 0.27830833196640015,-0.0022925385273993015  0.0027378399390727282    0.39259746670722961    0.91970348358154297
1715005875.4425929,0.55226016044616699 0.59691596031188965 0.27915233373641968,-0.0032955205533653498  0.0016536911716684699    0.23131251335144043    0.97287249565124512,0.55226016044616699 0.59691596031188965 0.27915233373641968,-0.0032955205533653498  0.0016536911716684699    0.23131251335144043    0.97287249565124512
1715005875.4575825,0.55630528926849365 0.58482235670089722  0.2794075608253479,-0.0030663288198411465  0.0016612746985629201    0.20511925220489502    0.97873079776763916,0.55630528926849365 0.58482235670089722  0.2794075608253479,-0.0030663288198411465  0.0016612746985629201    0.20511925220489502    0.97873079776763916
