RosTime,PositionForIiwa7,OrientationForIiwa7,PositionForIiwa14,OrientationForIiwa14
1715005785.5823693,0.55315285921096802 0.67706543207168579 0.27890387177467346,0.0019220968242734671 0.0041074850596487522   0.29904565215110779   0.95422804355621338,0.55315285921096802 0.67706543207168579 0.27890387177467346,0.0019220968242734671 0.0041074850596487522   0.29904565215110779   0.95422804355621338
1715005785.6124015,0.56118321418762207 0.65267729759216309 0.27931323647499084,0.0018774520140141249 0.0031812649685889482   0.23938833177089691   0.97091686725616455,0.56118321418762207 0.65267729759216309 0.27931323647499084,0.0018774520140141249 0.0031812649685889482   0.23938833177089691   0.97091686725616455
1715005785.6273532,0.56604993343353271 0.64111334085464478 0.27932903170585632,0.0012955425772815943 0.0028516824822872877   0.21073518693447113   0.97753816843032837,0.56604993343353271 0.64111334085464478 0.27932903170585632,0.0012955425772815943 0.0028516824822872877   0.21073518693447113   0.97753816843032837
1715005785.6323719,0.56876194477081299 0.63583433628082275 0.27916672825813293,0.0013643621932715178 0.0033198262099176645   0.19896391034126282   0.98000025749206543,0.56876194477081299 0.63583433628082275 0.27916672825813293,0.0013643621932715178 0.0033198262099176645   0.19896391034126282   0.98000025749206543
1715005785.6523674,0.57593947649002075 0.62080174684524536 0.27930456399917603,4.1519792830513325e-06   0.001858479343354702    0.15896005928516388    0.98728328943252563,0.57593947649002075 0.62080174684524536 0.27930456399917603,4.1519792830513325e-06   0.001858479343354702    0.15896005928516388    0.98728328943252563
