RosTime,PositionForIiwa7,OrientationForIiwa7,PositionForIiwa14,OrientationForIiwa14
1715005982.2338409,0.39909288287162781 0.91627204418182373 0.27807009220123291,0.00082246481906622648  0.0033757293131202459    0.32116284966468811     0.9470176100730896,0.39909288287162781 0.91627204418182373 0.27807009220123291,0.00082246481906622648  0.0033757293131202459    0.32116284966468811     0.9470176100730896
