RosTime,PositionForIiwa7,OrientationForIiwa7,PositionForIiwa14,OrientationForIiwa14
1715005543.5959136,0.49643394351005554 0.73322612047195435 0.27839785814285278,-0.0022388140205293894  0.0019168801372870803    0.25593957304954529    0.96668827533721924,0.49643394351005554 0.73322612047195435 0.27839785814285278,-0.0022388140205293894  0.0019168801372870803    0.25593957304954529    0.96668827533721924
1715005543.6208937,0.50410491228103638 0.71489459276199341 0.27848801016807556,-0.0025159174110740423  0.0018487938214093447     0.2425207644701004    0.97014117240905762,0.50410491228103638 0.71489459276199341 0.27848801016807556,-0.0025159174110740423  0.0018487938214093447     0.2425207644701004    0.97014117240905762
1715005543.6358941,0.50855565071105957  0.7046966552734375 0.27860778570175171,-0.0021732402965426445  0.0017247024225071073    0.23641441762447357    0.97164833545684814,0.50855565071105957  0.7046966552734375 0.27860778570175171,-0.0021732402965426445  0.0017247024225071073    0.23641441762447357    0.97164833545684814
1715005543.6559224,0.51459354162216187 0.69020682573318481 0.27878856658935547,-0.0008094864315353334  0.0017663297476246953    0.22886037826538086    0.97345733642578125,0.51459354162216187 0.69020682573318481 0.27878856658935547,-0.0008094864315353334  0.0017663297476246953    0.22886037826538086    0.97345733642578125
