RosTime,PositionForIiwa7,OrientationForIiwa7,PositionForIiwa14,OrientationForIiwa14
1715006156.9911053,0.48868811130523682  1.0284208059310913 0.27731320261955261,-0.0034704899881035089  0.0018054812680929899    0.14354881644248962    0.98963552713394165,0.48868811130523682  1.0284208059310913 0.27731320261955261,-0.0034704899881035089  0.0018054812680929899    0.14354881644248962    0.98963552713394165
