RosTime,PositionForIiwa7,OrientationForIiwa7,PositionForIiwa14,OrientationForIiwa14
1715005570.868808,0.49803206324577332 0.65965163707733154 0.27893352508544922,0.0023959283716976643  0.003465946763753891   0.14940951764583588   0.98876643180847168,0.49803206324577332 0.65965163707733154 0.27893352508544922,0.0023959283716976643  0.003465946763753891   0.14940951764583588   0.98876643180847168
1715005570.8987994,0.51932829618453979 0.64413821697235107 0.27898710966110229,0.0013897374738007784 0.0029144419822841883  0.081755600869655609    0.9966471791267395,0.51932829618453979 0.64413821697235107 0.27898710966110229,0.0013897374738007784 0.0029144419822841883  0.081755600869655609    0.9966471791267395
1715005570.9137983,0.52911585569381714 0.63665604591369629 0.27900493144989014,0.0013376252027228475  0.002522642957046628  0.052445422857999802   0.99861973524093628,0.52911585569381714 0.63665604591369629 0.27900493144989014,0.0013376252027228475  0.002522642957046628  0.052445422857999802   0.99861973524093628
1715005570.9788251,0.55747050046920776 0.59762370586395264 0.27914708852767944,0.0014019174268469214 0.0023529124446213245 -0.023364381864666939   0.99972325563430786,0.55747050046920776 0.59762370586395264 0.27914708852767944,0.0014019174268469214 0.0023529124446213245 -0.023364381864666939   0.99972325563430786
