RosTime,PositionForIiwa7,OrientationForIiwa7,PositionForIiwa14,OrientationForIiwa14
1715005734.1024384,0.47708716988563538 0.94140434265136719 0.27794641256332397,-0.0042646001093089581  0.0015969561645761132    0.14151574671268463    0.98992550373077393,0.47708716988563538 0.94140434265136719 0.27794641256332397,-0.0042646001093089581  0.0015969561645761132    0.14151574671268463    0.98992550373077393
