RosTime,PositionForIiwa7,OrientationForIiwa7,PositionForIiwa14,OrientationForIiwa14
1715006888.3705618,0.45453068614006042 0.75948089361190796 0.27804824709892273,-0.0022819254081696272 0.00096604629652574658   -0.20236434042453766    0.97930717468261719,0.45453068614006042 0.75948089361190796 0.27804824709892273,-0.0022819254081696272 0.00096604629652574658   -0.20236434042453766    0.97930717468261719
1715006888.4305346,0.47424748539924622 0.71259540319442749 0.27834150195121765,  -0.00233494583517313 0.00061013264348730445    -0.1446593850851059    0.98947858810424805,0.47424748539924622 0.71259540319442749 0.27834150195121765,  -0.00233494583517313 0.00061013264348730445    -0.1446593850851059    0.98947858810424805
1715006888.4756052,0.49057707190513611 0.67685800790786743 0.27850842475891113,-0.002747709397226572 0.0010590659221634269  -0.10574854910373688   0.99438852071762085,0.49057707190513611 0.67685800790786743 0.27850842475891113,-0.002747709397226572 0.0010590659221634269  -0.10574854910373688   0.99438852071762085
1715006888.5555627,0.51822441816329956 0.61619949340820312 0.27882003784179688,-0.0030165410134941339  0.0010904101654887199  -0.060365699231624603    0.99817115068435669,0.51822441816329956 0.61619949340820312 0.27882003784179688,-0.0030165410134941339  0.0010904101654887199  -0.060365699231624603    0.99817115068435669
