RosTime,PositionForIiwa7,OrientationForIiwa7,PositionForIiwa14,OrientationForIiwa14
1715005913.9891357,0.54134529829025269 0.65023636817932129  0.2790585458278656,-0.0020143366418778896   0.002818855457007885    0.42803958058357239    0.90375334024429321,0.54134529829025269 0.65023636817932129  0.2790585458278656,-0.0020143366418778896   0.002818855457007885    0.42803958058357239    0.90375334024429321
