RosTime,PositionForIiwa7,OrientationForIiwa7,PositionForIiwa14,OrientationForIiwa14
1715005866.1595724,  0.521808922290802 0.70077371597290039 0.27842319011688232,-0.00026536369114182889   0.0032953887712210417      0.2857535183429718     0.95829743146896362,  0.521808922290802 0.70077371597290039 0.27842319011688232,-0.00026536369114182889   0.0032953887712210417      0.2857535183429718     0.95829743146896362
1715005866.2995954,0.56061506271362305 0.61561423540115356 0.27884352207183838,-0.0020927214063704014  0.0019248174503445625    0.20605364441871643    0.97853654623031616,0.56061506271362305 0.61561423540115356 0.27884352207183838,-0.0020927214063704014  0.0019248174503445625    0.20605364441871643    0.97853654623031616
