RosTime,PositionForIiwa7,OrientationForIiwa7,PositionForIiwa14,OrientationForIiwa14
1715005651.6012225,0.47955805063247681 0.85883122682571411 0.27675196528434753,-0.00045742976362816989   0.0066149942576885223     0.39849179983139038      0.9171479344367981,0.47955805063247681 0.85883122682571411 0.27675196528434753,-0.00045742976362816989   0.0066149942576885223     0.39849179983139038      0.9171479344367981
