RosTime,PositionForIiwa7,OrientationForIiwa7,PositionForIiwa14,OrientationForIiwa14
1715005746.0171807,0.56369680166244507 0.53403371572494507  0.2790524959564209,-0.00082725065294653177      0.0021383345592767    0.070402525365352631     0.99751603603363037,0.56369680166244507 0.53403371572494507  0.2790524959564209,-0.00082725065294653177      0.0021383345592767    0.070402525365352631     0.99751603603363037
