RosTime,PositionForIiwa7,OrientationForIiwa7,PositionForIiwa14,OrientationForIiwa14
1715005618.2531159,0.54577523469924927   0.563515305519104 0.27861848473548889,-0.0018662594957277179  0.0020983931608498096   -0.15193946659564972    0.98838579654693604,0.54577523469924927   0.563515305519104 0.27861848473548889,-0.0018662594957277179  0.0020983931608498096   -0.15193946659564972    0.98838579654693604
1715005618.2631094,0.55021905899047852 0.55520087480545044 0.27861416339874268,-0.0023859401699155569  0.0024667782709002495   -0.14624340832233429    0.98924267292022705,0.55021905899047852 0.55520087480545044 0.27861416339874268,-0.0023859401699155569  0.0024667782709002495   -0.14624340832233429    0.98924267292022705
