RosTime,PositionForIiwa7,OrientationForIiwa7,PositionForIiwa14,OrientationForIiwa14
1715006772.3316917,0.46880155801773071 0.53192019462585449 0.27922561764717102,-0.0041347313672304153  0.0007315237307921052  -0.021074200049042702    0.99976909160614014,0.46880155801773071 0.53192019462585449 0.27922561764717102,-0.0041347313672304153  0.0007315237307921052  -0.021074200049042702    0.99976909160614014
