RosTime,PositionForIiwa7,OrientationForIiwa7,PositionForIiwa14,OrientationForIiwa14
1715006843.0023031,0.50182563066482544 0.53723835945129395 0.27996861934661865, 0.0010808348888531327 0.00074026989750564098    0.14234493672847748    0.98981624841690063,0.50182563066482544 0.53723835945129395 0.27996861934661865, 0.0010808348888531327 0.00074026989750564098    0.14234493672847748    0.98981624841690063
