RosTime,PositionForIiwa7,OrientationForIiwa7,PositionForIiwa14,OrientationForIiwa14
1715005464.8086455,0.49510237574577332 0.81598758697509766 0.27706676721572876,-0.0046925116330385208  0.0026553375646471977    0.14418298006057739     0.9895363450050354,0.49510237574577332 0.81598758697509766 0.27706676721572876,-0.0046925116330385208  0.0026553375646471977    0.14418298006057739     0.9895363450050354
1715005464.8336346,0.49825835227966309 0.83771222829818726 0.27692845463752747,-0.0042696385644376278  0.0023947088047862053    0.11514750868082047    0.99333631992340088,0.49825835227966309 0.83771222829818726 0.27692845463752747,-0.0042696385644376278  0.0023947088047862053    0.11514750868082047    0.99333631992340088
1715005464.8586459,0.50129580497741699 0.85997956991195679 0.27681848406791687,-0.0044069685973227024  0.0025372505187988281   0.087247826159000397     0.9961736798286438,0.50129580497741699 0.85997956991195679 0.27681848406791687,-0.0044069685973227024  0.0025372505187988281   0.087247826159000397     0.9961736798286438
1715005464.8736439,0.50318217277526855   0.872292160987854 0.27678453922271729,-0.0046011465601623058  0.0019369882065802813   0.072960421442985535    0.99732232093811035,0.50318217277526855   0.872292160987854 0.27678453922271729,-0.0046011465601623058  0.0019369882065802813   0.072960421442985535    0.99732232093811035
1715005464.8786707,0.50404661893844604 0.87733232975006104 0.27684345841407776,-0.0044103837572038174   0.002242556307464838   0.067164421081542969    0.99772965908050537,0.50404661893844604 0.87733232975006104 0.27684345841407776,-0.0044103837572038174   0.002242556307464838   0.067164421081542969    0.99772965908050537
1715005464.9136462, 0.5100705623626709 0.90877711772918701 0.27692687511444092,-0.0041771680116653442  0.0015013492666184902   0.032191198319196701    0.99947184324264526, 0.5100705623626709 0.90877711772918701 0.27692687511444092,-0.0041771680116653442  0.0015013492666184902   0.032191198319196701    0.99947184324264526
1715005464.9286461,0.51269280910491943 0.92032384872436523 0.27692508697509766,-0.0041908919811248779  0.0015535865677520633   0.020386777818202972    0.99978220462799072,0.51269280910491943 0.92032384872436523 0.27692508697509766,-0.0041908919811248779  0.0015535865677520633   0.020386777818202972    0.99978220462799072
