RosTime,PositionForIiwa7,OrientationForIiwa7,PositionForIiwa14,OrientationForIiwa14
1715005742.8640406,0.48508840799331665 0.93537682294845581 0.27660733461380005,-0.0039728605188429356  0.0021455762907862663     0.1667131632566452    0.98599511384963989,0.48508840799331665 0.93537682294845581 0.27660733461380005,-0.0039728605188429356  0.0021455762907862663     0.1667131632566452    0.98599511384963989
