RosTime,PositionForIiwa7,OrientationForIiwa7,PositionForIiwa14,OrientationForIiwa14
1715005582.1681266,0.53826671838760376 0.72070461511611938 0.27823039889335632,-0.00091143936151638627    0.002655653515830636    0.090367384254932404     0.99590456485748291,0.53826671838760376 0.72070461511611938 0.27823039889335632,-0.00091143936151638627    0.002655653515830636    0.090367384254932404     0.99590456485748291
1715005582.2881236,0.54890412092208862 0.62329268455505371 0.27825543284416199,-0.002733549103140831 0.0027344906702637672  0.047729499638080597   0.99885278940200806,0.54890412092208862 0.62329268455505371 0.27825543284416199,-0.002733549103140831 0.0027344906702637672  0.047729499638080597   0.99885278940200806
1715005582.3081262,0.55038923025131226 0.60623675584793091 0.27835199236869812,-0.0030396385118365288  0.0029070999007672071   0.046402644366025925    0.99891394376754761,0.55038923025131226 0.60623675584793091 0.27835199236869812,-0.0030396385118365288  0.0029070999007672071   0.046402644366025925    0.99891394376754761
1715005582.3281274,0.55228358507156372 0.58915311098098755 0.27845942974090576,-0.0030126001220196486  0.0026675269473344088    0.04437607154250145    0.99900680780410767,0.55228358507156372 0.58915311098098755 0.27845942974090576,-0.0030126001220196486  0.0026675269473344088    0.04437607154250145    0.99900680780410767
1715005582.3831284,0.55961549282073975 0.54161077737808228 0.27857521176338196,-0.0033480394631624222  0.0026679690927267075   0.038765020668506622    0.99923920631408691,0.55961549282073975 0.54161077737808228 0.27857521176338196,-0.0033480394631624222  0.0026679690927267075   0.038765020668506622    0.99923920631408691
1715005582.4481297,0.56561213731765747 0.49332690238952637 0.27874138951301575,-0.0036844571586698294   0.002527967793866992   0.034737564623355865     0.9993864893913269,0.56561213731765747 0.49332690238952637 0.27874138951301575,-0.0036844571586698294   0.002527967793866992   0.034737564623355865     0.9993864893913269
