RosTime,PositionForIiwa7,OrientationForIiwa7,PositionForIiwa14,OrientationForIiwa14
1715005852.2069769,0.44749704003334045 0.85017204284667969 0.27789998054504395,-0.00049091095570474863   0.0067893574014306068     0.46598681807518005     0.88476544618606567,0.44749704003334045 0.85017204284667969 0.27789998054504395,-0.00049091095570474863   0.0067893574014306068     0.46598681807518005     0.88476544618606567
1715005852.231976,0.46220853924751282 0.86413633823394775  0.2778359055519104,-0.0010434965370222926  0.0053479066118597984    0.42351120710372925    0.90587449073791504,0.46220853924751282 0.86413633823394775  0.2778359055519104,-0.0010434965370222926  0.0053479066118597984    0.42351120710372925    0.90587449073791504
1715005852.501951, 0.5178566575050354 0.96951532363891602 0.27716705203056335,-0.0034558114130049944 0.00074285984737798572   0.073228225111961365    0.99730896949768066, 0.5178566575050354 0.96951532363891602 0.27716705203056335,-0.0034558114130049944 0.00074285984737798572   0.073228225111961365    0.99730896949768066
1715005852.6069503,0.50022411346435547  1.0274707078933716 0.27683568000793457,-0.0036420149262994528 0.00062081922078505158   0.005520945880562067    0.99997794628143311,0.50022411346435547  1.0274707078933716 0.27683568000793457,-0.0036420149262994528 0.00062081922078505158   0.005520945880562067    0.99997794628143311
