RosTime,PositionForIiwa7,OrientationForIiwa7,PositionForIiwa14,OrientationForIiwa14
1715005794.8883753,0.51445364952087402 0.63314223289489746 0.27809756994247437,-0.0016371754463762045  0.0020185888279229403    0.10797001421451569    0.99415075778961182,0.51445364952087402 0.63314223289489746 0.27809756994247437,-0.0016371754463762045  0.0020185888279229403    0.10797001421451569    0.99415075778961182
1715005794.8983788,0.51701366901397705  0.6245461106300354 0.27810731530189514,-0.0021820035763084888  0.0019211249891668558    0.10547591000795364    0.99441760778427124,0.51701366901397705  0.6245461106300354 0.27810731530189514,-0.0021820035763084888  0.0019211249891668558    0.10547591000795364    0.99441760778427124
1715005794.9783769,0.53445917367935181 0.56405669450759888 0.27838841080665588,-0.0032945375423878431  0.0016497190808877349   0.093677274882793427    0.99559581279754639,0.53445917367935181 0.56405669450759888 0.27838841080665588,-0.0032945375423878431  0.0016497190808877349   0.093677274882793427    0.99559581279754639
