RosTime,PositionForIiwa7,OrientationForIiwa7,PositionForIiwa14,OrientationForIiwa14
1715005776.9671819,0.53420764207839966  0.6462852954864502 0.27855458855628967,0.00087542471010237932  0.0025382253807038069    0.11509755253791809     0.9933505654335022,0.53420764207839966  0.6462852954864502 0.27855458855628967,0.00087542471010237932  0.0025382253807038069    0.11509755253791809     0.9933505654335022
1715005777.0021839,0.54453682899475098 0.61998140811920166 0.27865669131278992,0.0006451337831094861 0.0026915532071143389  0.079415604472160339   0.99683773517608643,0.54453682899475098 0.61998140811920166 0.27865669131278992,0.0006451337831094861 0.0026915532071143389  0.079415604472160339   0.99683773517608643
