RosTime,PositionForIiwa7,OrientationForIiwa7,PositionForIiwa14,OrientationForIiwa14
1715005705.9743216,0.48703646659851074 0.92392408847808838  0.2772756814956665,-0.0046351007185876369  0.0019120873184874654    0.15901364386081696    0.98726367950439453,0.48703646659851074 0.92392408847808838  0.2772756814956665,-0.0046351007185876369  0.0019120873184874654    0.15901364386081696    0.98726367950439453
1715005706.0143209,0.49669262766838074  0.9561728835105896 0.27676749229431152,-0.0038973463233560324  0.0022652223706245422    0.10311578214168549    0.99465912580490112,0.49669262766838074  0.9561728835105896 0.27676749229431152,-0.0038973463233560324  0.0022652223706245422    0.10311578214168549    0.99465912580490112
1715005706.0243199, 0.4996606707572937   0.965659499168396 0.27679681777954102,-0.003824940649792552 0.0021598814055323601  0.087756365537643433    0.9961322546005249, 0.4996606707572937   0.965659499168396 0.27679681777954102,-0.003824940649792552 0.0021598814055323601  0.087756365537643433    0.9961322546005249
1715005706.0343204,0.50190210342407227 0.97277581691741943 0.27666351199150085,-0.0040835575200617313  0.0020722753833979368   0.076793357729911804    0.99703651666641235,0.50190210342407227 0.97277581691741943 0.27666351199150085,-0.0040835575200617313  0.0020722753833979368   0.076793357729911804    0.99703651666641235
1715005706.0393219,0.50339651107788086 0.97759515047073364 0.27661779522895813,-0.004159566480666399 0.0018444141605868936  0.069822192192077637   0.99754905700683594,0.50339651107788086 0.97759515047073364 0.27661779522895813,-0.004159566480666399 0.0018444141605868936  0.069822192192077637   0.99754905700683594
1715005706.0593221,0.50874263048171997 0.99402713775634766  0.2765236496925354,-0.0035551032051444054  0.0021646092645823956   0.046176820993423462     0.9989246129989624,0.50874263048171997 0.99402713775634766  0.2765236496925354,-0.0035551032051444054  0.0021646092645823956   0.046176820993423462     0.9989246129989624
1715005706.0743239,0.51258349418640137  1.0074495077133179 0.27733087539672852,-0.0032464375253766775  0.0013964079553261399   0.029299693182110786    0.99956440925598145,0.51258349418640137  1.0074495077133179 0.27733087539672852,-0.0032464375253766775  0.0013964079553261399   0.029299693182110786    0.99956440925598145
