RosTime,PositionForIiwa7,OrientationForIiwa7,PositionForIiwa14,OrientationForIiwa14
1715006856.9732981,0.67244905233383179 0.93404114246368408  0.2771415114402771,-0.00020611989020835608  0.00034190612495876849    -0.51896816492080688      0.8547934889793396,0.67244905233383179 0.93404114246368408  0.2771415114402771,-0.00020611989020835608  0.00034190612495876849    -0.51896816492080688      0.8547934889793396
