RosTime,PositionForIiwa7,OrientationForIiwa7,PositionForIiwa14,OrientationForIiwa14
1715005986.8007774,0.56924176216125488 0.62826037406921387 0.27971580624580383,-0.0016400720924139023  0.0027436902746558189    0.39319154620170593    0.91945099830627441,0.56924176216125488 0.62826037406921387 0.27971580624580383,-0.0016400720924139023  0.0027436902746558189    0.39319154620170593    0.91945099830627441
1715005986.9007826,0.59217196702957153 0.55988574028015137 0.27989408373832703,-0.0018841318087652326  0.0016550709260627627    0.21673889458179474    0.97622638940811157,0.59217196702957153 0.55988574028015137 0.27989408373832703,-0.0018841318087652326  0.0016550709260627627    0.21673889458179474    0.97622638940811157
