RosTime,PositionForIiwa7,OrientationForIiwa7,PositionForIiwa14,OrientationForIiwa14
1715005427.1376138,0.50461286306381226 0.75413566827774048 0.27835187315940857,-0.0040910295210778713  0.0026763328351080418    0.15077061951160431    0.98855668306350708,0.50461286306381226 0.75413566827774048 0.27835187315940857,-0.0040910295210778713  0.0026763328351080418    0.15077061951160431    0.98855668306350708
1715005427.2626145,0.51942771673202515 0.83569324016571045 0.27814480662345886,-0.0034041404724121094  0.0017047889996320009   0.080643244087696075    0.99673575162887573,0.51942771673202515 0.83569324016571045 0.27814480662345886,-0.0034041404724121094  0.0017047889996320009   0.080643244087696075    0.99673575162887573
1715005427.3625908,0.53149503469467163 0.90118706226348877 0.27832674980163574,-0.0028942073695361614  0.0014079478569328785   0.034265883266925812    0.99940758943557739,0.53149503469467163 0.90118706226348877 0.27832674980163574,-0.0028942073695361614  0.0014079478569328785   0.034265883266925812    0.99940758943557739
