RosTime,PositionForIiwa7,OrientationForIiwa7,PositionForIiwa14,OrientationForIiwa14
1715010239.0295391,0.43326634168624878 0.88371765613555908 0.27757805585861206,-0.0037200669758021832  0.0013364424230530858    0.14803220331668854    0.98897463083267212,0.43326634168624878 0.88371765613555908 0.27757805585861206,-0.0037200669758021832  0.0013364424230530858    0.14803220331668854    0.98897463083267212
