RosTime,PositionForIiwa7,OrientationForIiwa7,PositionForIiwa14,OrientationForIiwa14
1715010301.5983806,0.42930424213409424 0.89799773693084717 0.27734518051147461,-0.0039435974322259426   0.002071974566206336     0.1585896760225296    0.98733454942703247,0.42930424213409424 0.89799773693084717 0.27734518051147461,-0.0039435974322259426   0.002071974566206336     0.1585896760225296    0.98733454942703247
1715010301.6034236, 0.4311598539352417 0.90316969156265259 0.27699679136276245,-0.0045093679800629616  0.0005033744964748621    0.14541313052177429    0.98936063051223755, 0.4311598539352417 0.90316969156265259 0.27699679136276245,-0.0045093679800629616  0.0005033744964748621    0.14541313052177429    0.98936063051223755
1715010301.6084204,0.43317657709121704 0.90841877460479736  0.2770940363407135,-0.004666387103497982  0.001229857443831861   0.13228043913841248   0.99120056629180908,0.43317657709121704 0.90841877460479736  0.2770940363407135,-0.004666387103497982  0.001229857443831861   0.13228043913841248   0.99120056629180908
1715010301.6134207,0.43515849113464355 0.91340386867523193 0.27702364325523376,-0.0048707867972552776 0.00079105183249339461    0.11995343118906021    0.99276727437973022,0.43515849113464355 0.91340386867523193 0.27702364325523376,-0.0048707867972552776 0.00079105183249339461    0.11995343118906021    0.99276727437973022
1715010301.6183741,0.43710193037986755 0.91861867904663086 0.27667948603630066,-0.0027159824967384338   0.003131491132080555    0.10879334062337875    0.99405574798583984,0.43710193037986755 0.91861867904663086 0.27667948603630066,-0.0027159824967384338   0.003131491132080555    0.10879334062337875    0.99405574798583984
1715010301.6284225,0.43937709927558899 0.92553973197937012 0.27704688906669617,-0.0036284439265727997 0.00097747950349003077   0.088882170617580414    0.99603503942489624,0.43937709927558899 0.92553973197937012 0.27704688906669617,-0.0036284439265727997 0.00097747950349003077   0.088882170617580414    0.99603503942489624
