RosTime,PositionForIiwa7,OrientationForIiwa7,PositionForIiwa14,OrientationForIiwa14
1715010168.3057904,0.48113536834716797 0.69649553298950195 0.27820923924446106,-0.0019922645296901464  0.0019442198099568486   -0.10784600675106049    0.99416369199752808,0.48113536834716797 0.69649553298950195 0.27820923924446106,-0.0019922645296901464  0.0019442198099568486   -0.10784600675106049    0.99416369199752808
1715010168.3157859, 0.4857233464717865 0.69045484066009521 0.27811038494110107,-0.001762365223839879 0.0021813714411109686  -0.10905975103378296   0.99403125047683716, 0.4857233464717865 0.69045484066009521 0.27811038494110107,-0.001762365223839879 0.0021813714411109686  -0.10905975103378296   0.99403125047683716
1715010168.3307607,0.49428895115852356 0.67967581748962402  0.2783304750919342,-0.0018759012455120683  0.0014374024467542768   -0.10914703458547592    0.99402278661727905,0.49428895115852356 0.67967581748962402  0.2783304750919342,-0.0018759012455120683  0.0014374024467542768   -0.10914703458547592    0.99402278661727905
1715010168.355783,0.50755590200424194  0.6632353663444519  0.2782759964466095,-0.0016328266356140375  0.0013852593256160617   -0.10468659549951553     0.9945029616355896,0.50755590200424194  0.6632353663444519  0.2782759964466095,-0.0016328266356140375  0.0013852593256160617   -0.10468659549951553     0.9945029616355896
1715010168.3657849,0.51202505826950073 0.65765959024429321 0.27836054563522339,-0.001746375928632915 0.0016574023757129908  -0.10232610255479813   0.99474799633026123,0.51202505826950073 0.65765959024429321 0.27836054563522339,-0.001746375928632915 0.0016574023757129908  -0.10232610255479813   0.99474799633026123
1715010168.3807423,0.52039843797683716 0.64645951986312866 0.27827093005180359,-0.0017999196425080299  0.0019223506096750498  -0.097057491540908813    0.99527531862258911,0.52039843797683716 0.64645951986312866 0.27827093005180359,-0.0017999196425080299  0.0019223506096750498  -0.097057491540908813    0.99527531862258911
