RosTime,PositionForIiwa7,OrientationForIiwa7,PositionForIiwa14,OrientationForIiwa14
1715010207.0343153,0.56827008724212646  0.7113996148109436  0.2789236307144165,-0.0019576919730752707  0.0017025995766744018    0.29738461971282959    0.95475423336029053,0.56827008724212646  0.7113996148109436  0.2789236307144165,-0.0019576919730752707  0.0017025995766744018    0.29738461971282959    0.95475423336029053
