RosTime,PositionForIiwa7,OrientationForIiwa7,PositionForIiwa14,OrientationForIiwa14
1715010016.8115375,0.50560140609741211 0.75946766138076782 0.27842849493026733,-0.0024381715338677168  0.0014618554851040244    0.27477291226387024    0.96150493621826172,0.50560140609741211 0.75946766138076782 0.27842849493026733,-0.0024381715338677168  0.0014618554851040244    0.27477291226387024    0.96150493621826172
1715010016.8211551,0.50597232580184937  0.7499549388885498 0.27848383784294128,-0.0017636814154684544  0.0022950796410441399    0.26071783900260925    0.96541070938110352,0.50597232580184937  0.7499549388885498 0.27848383784294128,-0.0017636814154684544  0.0022950796410441399    0.26071783900260925    0.96541070938110352
1715010016.8510945,0.50731784105300903   0.733112633228302 0.27857446670532227,-0.00089873821707442403   0.0027687714900821447      0.2363772988319397     0.97165697813034058,0.50731784105300903   0.733112633228302 0.27857446670532227,-0.00089873821707442403   0.0027687714900821447      0.2363772988319397     0.97165697813034058
1715010016.8761401,0.50964409112930298 0.71733897924423218 0.27873328328132629,-0.00071738730184733868   0.0024985924828797579      0.2130342423915863     0.97704130411148071,0.50964409112930298 0.71733897924423218 0.27873328328132629,-0.00071738730184733868   0.0024985924828797579      0.2130342423915863     0.97704130411148071
1715010016.8810997,0.51058900356292725 0.71204429864883423 0.27874565124511719,-0.000643513398244977 0.0027794395573437214   0.20537324249744415   0.97867953777313232,0.51058900356292725 0.71204429864883423 0.27874565124511719,-0.000643513398244977 0.0027794395573437214   0.20537324249744415   0.97867953777313232
1715010016.9011383,0.51320600509643555 0.69968223571777344 0.27883079648017883,0.00031477678567171097  0.0028158694040030241    0.18697072565555573    0.98236137628555298,0.51320600509643555 0.69968223571777344 0.27883079648017883,0.00031477678567171097  0.0028158694040030241    0.18697072565555573    0.98236137628555298
1715010016.9261193, 0.5174136757850647 0.68367457389831543 0.27894988656044006, 0.001091931713744998 0.0027442099526524544   0.16322769224643707   0.98658400774002075, 0.5174136757850647 0.68367457389831543 0.27894988656044006, 0.001091931713744998 0.0027442099526524544   0.16322769224643707   0.98658400774002075
