RosTime,PositionForIiwa7,OrientationForIiwa7,PositionForIiwa14,OrientationForIiwa14
1715010564.3666313, 0.4641452431678772 0.95837527513504028  0.2769087553024292,-0.0043566450476646423  0.0019532807637006044    0.17955881357192993    0.98373568058013916, 0.4641452431678772 0.95837527513504028  0.2769087553024292,-0.0043566450476646423  0.0019532807637006044    0.17955881357192993    0.98373568058013916
