RosTime,PositionForIiwa7,OrientationForIiwa7,PositionForIiwa14,OrientationForIiwa14
1715010172.8524902,0.47112041711807251 0.95380169153213501 0.27713406085968018,-0.0028756733518093824  0.0018791663460433483    0.12244073301553726     0.9924699068069458,0.47112041711807251 0.95380169153213501 0.27713406085968018,-0.0028756733518093824  0.0018791663460433483    0.12244073301553726     0.9924699068069458
