RosTime,PositionForIiwa7,OrientationForIiwa7,PositionForIiwa14,OrientationForIiwa14
1715010531.6218898,0.47878122329711914  1.0045210123062134 0.27768886089324951,-0.003548614913597703 0.0079926904290914536   0.11547659337520599   0.99327170848846436,0.47878122329711914  1.0045210123062134 0.27768886089324951,-0.003548614913597703 0.0079926904290914536   0.11547659337520599   0.99327170848846436
1715010531.6519201,0.48312115669250488  1.0249713659286499 0.27650138735771179,-0.0025014018174260855   0.001850988483056426   0.048462659120559692    0.99882012605667114,0.48312115669250488  1.0249713659286499 0.27650138735771179,-0.0025014018174260855   0.001850988483056426   0.048462659120559692    0.99882012605667114
