RosTime,PositionForIiwa7,OrientationForIiwa7,PositionForIiwa14,OrientationForIiwa14
1715010518.6733997,0.52850282192230225  0.5317186713218689 0.27930441498756409,-0.0014155687531456351  0.0014486321015283465  -0.049803204834461212      0.998757004737854,0.52850282192230225  0.5317186713218689 0.27930441498756409,-0.0014155687531456351  0.0014486321015283465  -0.049803204834461212      0.998757004737854
