RosTime,PositionForIiwa7,OrientationForIiwa7,PositionForIiwa14,OrientationForIiwa14
1715012547.1444991,0.61123490333557129  1.0812581777572632 0.27649712562561035, 0.0026364701334387064 0.00039104835013858974   -0.38985627889633179    0.92087185382843018,0.61123490333557129  1.0812581777572632 0.27649712562561035, 0.0026364701334387064 0.00039104835013858974   -0.38985627889633179    0.92087185382843018
