RosTime,PositionForIiwa7,OrientationForIiwa7,PositionForIiwa14,OrientationForIiwa14
1715009964.7747755,0.47108414769172668 0.76809859275817871 0.27840107679367065,-0.0047685028985142708   0.002398814307525754    0.37133315205574036    0.92848438024520874,0.47108414769172668 0.76809859275817871 0.27840107679367065,-0.0047685028985142708   0.002398814307525754    0.37133315205574036    0.92848438024520874
