RosTime,PositionForIiwa7,OrientationForIiwa7,PositionForIiwa14,OrientationForIiwa14
1715009499.476795,0.52666056156158447 0.68762606382369995 0.27856153249740601,-0.0025269030593335629  0.0013409992679953575  -0.045349869877099991    0.99896705150604248,0.52666056156158447 0.68762606382369995 0.27856153249740601,-0.0025269030593335629  0.0013409992679953575  -0.045349869877099991    0.99896705150604248
1715009499.5567973,0.53653556108474731 0.61992257833480835 0.27884548902511597,-0.0028880727477371693  0.0013212222838774323   -0.03573203831911087    0.99935638904571533,0.53653556108474731 0.61992257833480835 0.27884548902511597,-0.0028880727477371693  0.0013212222838774323   -0.03573203831911087    0.99935638904571533
1715009499.5717967,0.53863567113876343 0.60832291841506958 0.27893266081809998,-0.0030651732813566923  0.0011026734719052911  -0.032915815711021423    0.99945282936096191,0.53863567113876343 0.60832291841506958 0.27893266081809998,-0.0030651732813566923  0.0011026734719052911  -0.032915815711021423    0.99945282936096191
