RosTime,PositionForIiwa7,OrientationForIiwa7,PositionForIiwa14,OrientationForIiwa14
1715010243.7187374,0.44165554642677307 0.64451855421066284   0.278553307056427,-0.002966384869068861 0.0016080806963145733  -0.15759563446044922   0.98749798536300659,0.44165554642677307 0.64451855421066284   0.278553307056427,-0.002966384869068861 0.0016080806963145733  -0.15759563446044922   0.98749798536300659
1715010243.7786462,0.47216662764549255 0.60209929943084717 0.27898651361465454,-0.0032248208299279213  0.0013636170187965035  -0.097692430019378662    0.99521046876907349,0.47216662764549255 0.60209929943084717 0.27898651361465454,-0.0032248208299279213  0.0013636170187965035  -0.097692430019378662    0.99521046876907349
1715010243.7937038, 0.4795529842376709 0.59258466958999634  0.2788291871547699,-0.0033179039601236582  0.0017398078925907612  -0.086714208126068115    0.99622619152069092, 0.4795529842376709 0.59258466958999634  0.2788291871547699,-0.0033179039601236582  0.0017398078925907612  -0.086714208126068115    0.99622619152069092
1715010243.8187261,0.49272966384887695 0.57593411207199097 0.27899983525276184,-0.0032316665165126324  0.0015755847562104464  -0.069053135812282562    0.99760651588439941,0.49272966384887695 0.57593411207199097 0.27899983525276184,-0.0032316665165126324  0.0015755847562104464  -0.069053135812282562    0.99760651588439941
