RosTime,PositionForIiwa7,OrientationForIiwa7,PositionForIiwa14,OrientationForIiwa14
1715010527.0266411,0.53550708293914795 0.66713881492614746 0.27846628427505493,-0.0028501315973699093  0.0026790983974933624    0.21897728741168976    0.97572213411331177,0.53550708293914795 0.66713881492614746 0.27846628427505493,-0.0028501315973699093  0.0026790983974933624    0.21897728741168976    0.97572213411331177
1715010527.0416713,0.54047483205795288 0.65634572505950928  0.2784123420715332,-0.003136566374450922 0.0025075608864426613   0.20176666975021362   0.97942537069320679,0.54047483205795288 0.65634572505950928  0.2784123420715332,-0.003136566374450922 0.0025075608864426613   0.20176666975021362   0.97942537069320679
1715010527.0516887,0.54322290420532227  0.6490059494972229 0.27873522043228149,-0.002180630574002862 0.0016436439473181963   0.18963700532913208   0.98185044527053833,0.54322290420532227  0.6490059494972229 0.27873522043228149,-0.002180630574002862 0.0016436439473181963   0.18963700532913208   0.98185044527053833
1715010527.0766881,0.55179816484451294 0.63063865900039673 0.27926138043403625, 0.00023541941482108086 -0.00060197652783244848      0.1603199690580368      0.9870648980140686,0.55179816484451294 0.63063865900039673 0.27926138043403625, 0.00023541941482108086 -0.00060197652783244848      0.1603199690580368      0.9870648980140686
1715010527.0916429,0.55623006820678711 0.62128520011901855 0.27944713830947876, 0.0015297853387892246 -0.0014499529497697949    0.14467306435108185    0.98947727680206299,0.55623006820678711 0.62128520011901855 0.27944713830947876, 0.0015297853387892246 -0.0014499529497697949    0.14467306435108185    0.98947727680206299
1715010527.1016922,0.55858069658279419 0.61559337377548218 0.27897116541862488,-0.0023345137014985085  0.0014915572246536613    0.13534832000732422    0.99079418182373047,0.55858069658279419 0.61559337377548218 0.27897116541862488,-0.0023345137014985085  0.0014915572246536613    0.13534832000732422    0.99079418182373047
1715010527.1516936,0.57004404067993164 0.58467960357666016 0.27865016460418701,-0.005621754564344883 0.0025948809925466776  0.091385804116725922    0.9957963228225708,0.57004404067993164 0.58467960357666016 0.27865016460418701,-0.005621754564344883 0.0025948809925466776  0.091385804116725922    0.9957963228225708
