RosTime,PositionForIiwa7,OrientationForIiwa7,PositionForIiwa14,OrientationForIiwa14
1715009778.6940143,0.51883625984191895 0.79732662439346313 0.27838152647018433,0.0024548305664211512 0.0029154974035918713   0.17433726787567139   0.98467862606048584,0.51883625984191895 0.79732662439346313 0.27838152647018433,0.0024548305664211512 0.0029154974035918713   0.17433726787567139   0.98467862606048584
1715009778.7190142, 0.5244978666305542 0.77718067169189453 0.27858647704124451,0.0025685394648462534 0.0027487885672599077   0.17319279909133911   0.98488074541091919, 0.5244978666305542 0.77718067169189453 0.27858647704124451,0.0025685394648462534 0.0027487885672599077   0.17319279909133911   0.98488074541091919
1715009778.7340124,0.52817857265472412 0.76566457748413086 0.27868473529815674,0.0016828498337417841 0.0020859153009951115   0.17066992819309235   0.98532462120056152,0.52817857265472412 0.76566457748413086 0.27868473529815674,0.0016828498337417841 0.0020859153009951115   0.17066992819309235   0.98532462120056152
1715009778.7690194,0.53755033016204834 0.73684078454971313 0.27859410643577576,-0.0013797392603009939  0.0014765715459361672    0.16390661895275116    0.98647379875183105,0.53755033016204834 0.73684078454971313 0.27859410643577576,-0.0013797392603009939  0.0014765715459361672    0.16390661895275116    0.98647379875183105
1715009778.8190181,0.54808664321899414 0.69876080751419067 0.27886077761650085,9.2914975539315492e-05  0.0015097305877134204    0.15481077134609222    0.98794299364089966,0.54808664321899414 0.69876080751419067 0.27886077761650085,9.2914975539315492e-05  0.0015097305877134204    0.15481077134609222    0.98794299364089966
