RosTime,PositionForIiwa7,OrientationForIiwa7,PositionForIiwa14,OrientationForIiwa14
1715010548.1268454,0.43288001418113708 0.95821100473403931 0.27811577916145325,-0.006498721893876791 0.0096928169950842857   0.27793139219284058   0.96053004264831543,0.43288001418113708 0.95821100473403931 0.27811577916145325,-0.006498721893876791 0.0096928169950842857   0.27793139219284058   0.96053004264831543
1715010548.1518452,0.44073659181594849 0.97237753868103027 0.27774536609649658,-0.0055553545244038105  0.0077901245094835758    0.23828975856304169    0.97114700078964233,0.44073659181594849 0.97237753868103027 0.27774536609649658,-0.0055553545244038105  0.0077901245094835758    0.23828975856304169    0.97114700078964233
