RosTime,PositionForIiwa7,OrientationForIiwa7,PositionForIiwa14,OrientationForIiwa14
1715009622.9746211,0.55040264129638672 0.76029497385025024 0.27857235074043274,-0.0010748214554041624  0.0010922746732831001    0.17540130019187927    0.98449581861495972,0.55040264129638672 0.76029497385025024 0.27857235074043274,-0.0010748214554041624  0.0010922746732831001    0.17540130019187927    0.98449581861495972
