RosTime,PositionForIiwa7,OrientationForIiwa7,PositionForIiwa14,OrientationForIiwa14
1715010750.4919965,0.47739461064338684 0.57773762941360474 0.27715656161308289,-0.0046734246425330639   0.002627592533826828  -0.038681000471115112    0.99923723936080933,0.47739461064338684 0.57773762941360474 0.27715656161308289,-0.0046734246425330639   0.002627592533826828  -0.038681000471115112    0.99923723936080933
1715010750.5019627,0.48224321007728577 0.57014834880828857 0.27751225233078003,-0.0049507659859955311  0.0028568671550601721  -0.035719141364097595    0.99934554100036621,0.48224321007728577 0.57014834880828857 0.27751225233078003,-0.0049507659859955311  0.0028568671550601721  -0.035719141364097595    0.99934554100036621
