RosTime,PositionForIiwa7,OrientationForIiwa7,PositionForIiwa14,OrientationForIiwa14
1715010187.0488925,0.48421627283096313 0.64744681119918823  0.2776789665222168,-0.003012130968272686 0.0027300082147121429 -0.075498200953006744   0.99713766574859619,0.48421627283096313 0.64744681119918823  0.2776789665222168,-0.003012130968272686 0.0027300082147121429 -0.075498200953006744   0.99713766574859619
1715010187.068903,0.49196666479110718 0.63469815254211426 0.27774035930633545,-0.0028311754576861858  0.0026904167607426643  -0.063019610941410065    0.99800467491149902,0.49196666479110718 0.63469815254211426 0.27774035930633545,-0.0028311754576861858  0.0026904167607426643  -0.063019610941410065    0.99800467491149902
