RosTime,PositionForIiwa7,OrientationForIiwa7,PositionForIiwa14,OrientationForIiwa14
1715009999.1855068,0.55251699686050415 0.73041647672653198 0.27882039546966553,0.0025203072000294924 0.0033874532673507929   0.17751944065093994   0.98410820960998535,0.55251699686050415 0.73041647672653198 0.27882039546966553,0.0025203072000294924 0.0033874532673507929   0.17751944065093994   0.98410820960998535
1715009999.1955101,0.55425059795379639 0.72094947099685669  0.2789362370967865,0.0035578010138124228 0.0035718546714633703   0.16145586967468262   0.98686707019805908,0.55425059795379639 0.72094947099685669  0.2789362370967865,0.0035578010138124228 0.0035718546714633703   0.16145586967468262   0.98686707019805908
1715009999.2205081,0.55790966749191284 0.69993770122528076 0.27939713001251221,0.0056230486370623112 0.0036979801952838898   0.12778179347515106   0.99177944660186768,0.55790966749191284 0.69993770122528076 0.27939713001251221,0.0056230486370623112 0.0036979801952838898   0.12778179347515106   0.99177944660186768
1715009999.2305098,0.56016755104064941 0.69239979982376099 0.27937468886375427,0.0065854550339281559 0.0043772617354989052   0.11670512706041336   0.99313515424728394,0.56016755104064941 0.69239979982376099 0.27937468886375427,0.0065854550339281559 0.0043772617354989052   0.11670512706041336   0.99313515424728394
1715009999.2455084,0.56332641839981079 0.67898023128509521 0.27931597828865051,0.0056372215040028095 0.0038278009742498398  0.096714481711387634   0.99528884887695312,0.56332641839981079 0.67898023128509521 0.27931597828865051,0.0056372215040028095 0.0038278009742498398  0.096714481711387634   0.99528884887695312
1715009999.265518,0.56711483001708984 0.66440993547439575 0.27885445952415466,0.0039001046679913998 0.0041968426667153835  0.076342761516571045   0.99706518650054932,0.56711483001708984 0.66440993547439575 0.27885445952415466,0.0039001046679913998 0.0041968426667153835  0.076342761516571045   0.99706518650054932
