RosTime,PositionForIiwa7,OrientationForIiwa7,PositionForIiwa14,OrientationForIiwa14
1715009960.9707801,0.50023043155670166 0.74020463228225708 0.27784615755081177, -0.0010791157837957144   0.0012791749322786927 -0.00055586133385077119     0.99999845027923584,0.50023043155670166 0.74020463228225708 0.27784615755081177, -0.0010791157837957144   0.0012791749322786927 -0.00055586133385077119     0.99999845027923584
1715009960.9806931,0.50226646661758423 0.73381340503692627 0.27788376808166504,-0.0014380090869963169  0.0010597942164167762 -0.0002501887793187052    0.99999839067459106,0.50226646661758423 0.73381340503692627 0.27788376808166504,-0.0014380090869963169  0.0010597942164167762 -0.0002501887793187052    0.99999839067459106
1715009960.9857755, 0.5050889253616333 0.72830426692962646 0.27765011787414551,-0.0010230609914287925  0.0019050950650125742 -0.0012430658098310232    0.99999690055847168, 0.5050889253616333 0.72830426692962646 0.27765011787414551,-0.0010230609914287925  0.0019050950650125742 -0.0012430658098310232    0.99999690055847168
1715009960.9956949,0.50817519426345825 0.71970534324645996 0.27782613039016724,-0.0012023389572277665  0.0013412947300821543 0.00020527493325062096    0.99999833106994629,0.50817519426345825 0.71970534324645996 0.27782613039016724,-0.0012023389572277665  0.0013412947300821543 0.00020527493325062096    0.99999833106994629
1715009961.060688,0.52922165393829346 0.66723006963729858 0.27797812223434448,-0.0015123796183615923  0.0020213916432112455   0.017322001978754997    0.99984675645828247,0.52922165393829346 0.66723006963729858 0.27797812223434448,-0.0015123796183615923  0.0020213916432112455   0.017322001978754997    0.99984675645828247
1715009961.0806737,0.53395074605941772 0.65160197019577026 0.27801269292831421,-0.0018348608864471316  0.0020133464131504297   0.022966679185628891    0.99973249435424805,0.53395074605941772 0.65160197019577026 0.27801269292831421,-0.0018348608864471316  0.0020133464131504297   0.022966679185628891    0.99973249435424805
