RosTime,PositionForIiwa7,OrientationForIiwa7,PositionForIiwa14,OrientationForIiwa14
1715009718.824858,0.47571781277656555 0.81461459398269653 0.27813586592674255,-0.003716758918017149 0.0012071511009708047   0.18971417844295502   0.98183161020278931,0.47571781277656555 0.81461459398269653 0.27813586592674255,-0.003716758918017149 0.0012071511009708047   0.18971417844295502   0.98183161020278931
1715009718.8498349,0.47720608115196228 0.83593118190765381  0.2780836820602417,-0.0034928387030959129  0.0018941393354907632    0.17364859580993652    0.98479968309402466,0.47720608115196228 0.83593118190765381  0.2780836820602417,-0.0034928387030959129  0.0018941393354907632    0.17364859580993652    0.98479968309402466
1715009718.8798327, 0.4779910147190094 0.86058419942855835 0.27784931659698486,-0.0037481503095477819  0.0013158225920051336    0.15614688396453857    0.98772585391998291, 0.4779910147190094 0.86058419942855835 0.27784931659698486,-0.0037481503095477819  0.0013158225920051336    0.15614688396453857    0.98772585391998291
1715009718.914855,0.48033630847930908 0.89262652397155762 0.27769950032234192,-0.003651544451713562 0.0016895667649805546    0.1313784122467041   0.99132412672042847,0.48033630847930908 0.89262652397155762 0.27769950032234192,-0.003651544451713562 0.0016895667649805546    0.1313784122467041   0.99132412672042847
1715009718.9498315,0.48324817419052124 0.92410069704055786 0.27805867791175842,-0.0034587718546390533  0.0011953046778216958    0.10593903064727783     0.9943658709526062,0.48324817419052124 0.92410069704055786 0.27805867791175842,-0.0034587718546390533  0.0011953046778216958    0.10593903064727783     0.9943658709526062
1715009718.9998305,0.48973983526229858 0.96441555023193359 0.27774378657341003,-0.0034474709536880255  0.0011197399580851197   0.071632146835327148    0.99742454290390015,0.48973983526229858 0.96441555023193359 0.27774378657341003,-0.0034474709536880255  0.0011197399580851197   0.071632146835327148    0.99742454290390015
