RosTime,PositionForIiwa7,OrientationForIiwa7,PositionForIiwa14,OrientationForIiwa14
1715009791.5720923,0.48979493975639343  0.7847360372543335  0.2777402400970459,-0.0029788259416818619   0.001606321195140481  -0.087405495345592499    0.99616706371307373,0.48979493975639343  0.7847360372543335  0.2777402400970459,-0.0029788259416818619   0.001606321195140481  -0.087405495345592499    0.99616706371307373
1715009791.632067, 0.5044664740562439 0.73583304882049561 0.27809217572212219,-0.00056330766528844833   0.0013376658316701651   -0.086796686053276062     0.99622499942779541, 0.5044664740562439 0.73583304882049561 0.27809217572212219,-0.00056330766528844833   0.0013376658316701651   -0.086796686053276062     0.99622499942779541
1715009791.6421149,0.50639897584915161 0.72898167371749878 0.27811357378959656,-0.00097115692915394902   0.0019814164843410254   -0.084014035761356354     0.99646210670471191,0.50639897584915161 0.72898167371749878 0.27811357378959656,-0.00097115692915394902   0.0019814164843410254   -0.084014035761356354     0.99646210670471191
1715009791.6621187,0.51105386018753052  0.7126842737197876 0.27805915474891663,-0.0022462033666670322  0.0019220277899876237  -0.076623916625976562    0.99705570936203003,0.51105386018753052  0.7126842737197876 0.27805915474891663,-0.0022462033666670322  0.0019220277899876237  -0.076623916625976562    0.99705570936203003
1715009791.6821198,0.51566994190216064 0.69434785842895508 0.27837041020393372,-0.0025777940172702074  0.0015080104349181056  -0.066830813884735107    0.99775987863540649,0.51566994190216064 0.69434785842895508 0.27837041020393372,-0.0025777940172702074  0.0015080104349181056  -0.066830813884735107    0.99775987863540649
1715009791.752089,0.53283888101577759 0.63561969995498657 0.27850419282913208,-0.0027240640483796597   0.001788961817510426  -0.035198800265789032    0.99937504529953003,0.53283888101577759 0.63561969995498657 0.27850419282913208,-0.0027240640483796597   0.001788961817510426  -0.035198800265789032    0.99937504529953003
1715009791.8021247,0.54394841194152832 0.59624898433685303 0.27878141403198242,-0.003154153935611248 0.0017847274430096149 -0.012280729599297047   0.99991804361343384,0.54394841194152832 0.59624898433685303 0.27878141403198242,-0.003154153935611248 0.0017847274430096149 -0.012280729599297047   0.99991804361343384
