RosTime,PositionForIiwa7,OrientationForIiwa7,PositionForIiwa14,OrientationForIiwa14
1715009597.0409064,0.52569198608398438 0.60758888721466064 0.27959340810775757, 0.0048962226137518883 -0.0019285198068246245   -0.26541578769683838    0.96411967277526855,0.52569198608398438 0.60758888721466064 0.27959340810775757, 0.0048962226137518883 -0.0019285198068246245   -0.26541578769683838    0.96411967277526855
1715009597.0509236,0.52398872375488281 0.59996753931045532 0.27996248006820679, 0.0066053434275090694 -0.0025279843248426914   -0.26831546425819397    0.96330511569976807,0.52398872375488281 0.59996753931045532 0.27996248006820679, 0.0066053434275090694 -0.0025279843248426914   -0.26831546425819397    0.96330511569976807
1715009597.0559013, 0.5228726863861084 0.59502434730529785 0.28013947606086731, 0.0069175241515040398 -0.0029037278145551682   -0.27027744054794312    0.96275323629379272, 0.5228726863861084 0.59502434730529785 0.28013947606086731, 0.0069175241515040398 -0.0029037278145551682   -0.27027744054794312    0.96275323629379272
1715009597.0609028,0.52201277017593384 0.59009742736816406  0.2800849974155426, 0.0061085657216608524 -0.0023326161317527294   -0.27214479446411133    0.96223407983779907,0.52201277017593384 0.59009742736816406  0.2800849974155426, 0.0061085657216608524 -0.0023326161317527294   -0.27214479446411133    0.96223407983779907
1715009597.1009009, 0.5186614990234375 0.55823022127151489 0.27977085113525391,-0.0077490601688623428  0.0011396059999242425   -0.27856114506721497    0.96038657426834106, 0.5186614990234375 0.55823022127151489 0.27977085113525391,-0.0077490601688623428  0.0011396059999242425   -0.27856114506721497    0.96038657426834106
