RosTime,PositionForIiwa7,OrientationForIiwa7,PositionForIiwa14,OrientationForIiwa14
1715009681.5958815,0.50102072954177856 0.62392407655715942 0.31971311569213867, 0.076128512620925903 -0.097019016742706299  0.042162425816059113   0.99147069454193115,0.50102072954177856 0.62392407655715942 0.31971311569213867, 0.076128512620925903 -0.097019016742706299  0.042162425816059113   0.99147069454193115
1715009681.6008453,0.49843668937683105 0.62309181690216064 0.32420364022254944,0.081836782395839691 -0.11064538359642029  0.03882613405585289  0.98972362279891968,0.49843668937683105 0.62309181690216064 0.32420364022254944,0.081836782395839691 -0.11064538359642029  0.03882613405585289  0.98972362279891968
1715009681.6058455,0.49621593952178955 0.62207663059234619 0.32874977588653564,0.087785378098487854 -0.12498500943183899 0.035147789865732193  0.98764216899871826,0.49621593952178955 0.62207663059234619 0.32874977588653564,0.087785378098487854 -0.12498500943183899 0.035147789865732193  0.98764216899871826
1715009681.6159697,0.49268060922622681 0.62094748020172119 0.33541995286941528,0.096312649548053741  -0.1470443457365036  0.02946271188557148  0.98398870229721069,0.49268060922622681 0.62094748020172119 0.33541995286941528,0.096312649548053741  -0.1470443457365036  0.02946271188557148  0.98398870229721069
