RosTime,PositionForIiwa7,OrientationForIiwa7,PositionForIiwa14,OrientationForIiwa14
1715010639.1244297,0.50960791110992432 0.53876316547393799 0.27927824854850769,-0.0040078847669064999 0.00076326983980834484  -0.005388257559388876    0.99997717142105103,0.50960791110992432 0.53876316547393799 0.27927824854850769,-0.0040078847669064999 0.00076326983980834484  -0.005388257559388876    0.99997717142105103
1715010639.1294272,0.51232683658599854 0.53394919633865356 0.27931869029998779,-0.0038245879113674164 0.00054799421923235059  -0.005050993524491787    0.99997979402542114,0.51232683658599854 0.53394919633865356 0.27931869029998779,-0.0038245879113674164 0.00054799421923235059  -0.005050993524491787    0.99997979402542114
