RosTime,PositionForIiwa7,OrientationForIiwa7,PositionForIiwa14,OrientationForIiwa14
1715010389.9030552,0.48656347393989563 0.59844112396240234   0.278668612241745,-0.0023940452374517918  0.0011507238959893584  -0.052700795233249664    0.99860680103302002,0.48656347393989563 0.59844112396240234   0.278668612241745,-0.0023940452374517918  0.0011507238959893584  -0.052700795233249664    0.99860680103302002
