RosTime,PositionForIiwa7,OrientationForIiwa7,PositionForIiwa14,OrientationForIiwa14
1715010717.4211912,0.48122876882553101 0.66651898622512817  0.2782556414604187,0.00022785537294112146  0.0022551235742866993    0.10049577802419662    0.99493491649627686,0.48122876882553101 0.66651898622512817  0.2782556414604187,0.00022785537294112146  0.0022551235742866993    0.10049577802419662    0.99493491649627686
1715010717.4612057,0.48804211616516113 0.63698732852935791 0.27830296754837036,0.00027633827994577587  0.0021446938626468182   0.075374677777290344    0.99715292453765869,0.48804211616516113 0.63698732852935791 0.27830296754837036,0.00027633827994577587  0.0021446938626468182   0.075374677777290344    0.99715292453765869
1715010717.4711983,0.48970502614974976 0.62862133979797363  0.2784915566444397,-9.8705000709742308e-05   0.0021351308096200228    0.068163156509399414     0.99767190217971802,0.48970502614974976 0.62862133979797363  0.2784915566444397,-9.8705000709742308e-05   0.0021351308096200228    0.068163156509399414     0.99767190217971802
1715010717.5062184,0.49867609143257141 0.60096275806427002 0.27849856019020081,-0.00088332168525084853   0.0019649690948426723     0.04537784680724144     0.99896758794784546,0.49867609143257141 0.60096275806427002 0.27849856019020081,-0.00088332168525084853   0.0019649690948426723     0.04537784680724144     0.99896758794784546
1715010717.5211985,0.50325644016265869 0.58774572610855103 0.27857425808906555,-0.0014465602580457926  0.0021099199075251818   0.036118268966674805    0.99934422969818115,0.50325644016265869 0.58774572610855103 0.27857425808906555,-0.0014465602580457926  0.0021099199075251818   0.036118268966674805    0.99934422969818115
1715010717.5361686,0.50708305835723877 0.57694703340530396 0.27866634726524353,-0.0015745902201160789  0.0016707748873159289   0.030491052195429802    0.99953240156173706,0.50708305835723877 0.57694703340530396 0.27866634726524353,-0.0015745902201160789  0.0016707748873159289   0.030491052195429802    0.99953240156173706
1715010717.5511692,0.51082003116607666 0.56658631563186646 0.27856522798538208, -0.00214337557554245 0.0015518531436100602  0.027172068133950233   0.99962729215621948,0.51082003116607666 0.56658631563186646 0.27856522798538208, -0.00214337557554245 0.0015518531436100602  0.027172068133950233   0.99962729215621948
