RosTime,PositionForIiwa7,OrientationForIiwa7,PositionForIiwa14,OrientationForIiwa14
1715009705.1574552,0.49926349520683289 0.70677846670150757 0.27855303883552551,0.0010200261604040861 0.0013717878609895706 -0.023633863776922226   0.99971920251846313,0.49926349520683289 0.70677846670150757 0.27855303883552551,0.0010200261604040861 0.0013717878609895706 -0.023633863776922226   0.99971920251846313
1715009705.3574555,0.51425355672836304 0.57728230953216553 0.27893167734146118,-0.00070173258427530527   0.0015872587682679296    -0.10415749251842499     0.99455928802490234,0.51425355672836304 0.57728230953216553 0.27893167734146118,-0.00070173258427530527   0.0015872587682679296    -0.10415749251842499     0.99455928802490234
1715009705.3824527,0.51654225587844849 0.56036019325256348 0.27906224131584167,-0.0014224839396774769  0.0012852234067395329   -0.10031178593635559    0.99495422840118408,0.51654225587844849 0.56036019325256348 0.27906224131584167,-0.0014224839396774769  0.0012852234067395329   -0.10031178593635559    0.99495422840118408
1715009705.4074516,0.51890987157821655 0.54345798492431641 0.27921122312545776,-0.0013417396694421768  0.0012745138956233859  -0.094688050448894501    0.99550527334213257,0.51890987157821655 0.54345798492431641 0.27921122312545776,-0.0013417396694421768  0.0012745138956233859  -0.094688050448894501    0.99550527334213257
