RosTime,PositionForIiwa7,OrientationForIiwa7,PositionForIiwa14,OrientationForIiwa14
1715010136.3883049,0.55098289251327515 0.92040592432022095 0.27705082297325134,-0.0039391820318996906   0.001371544087305665  -0.091585643589496613    0.99578845500946045,0.55098289251327515 0.92040592432022095 0.27705082297325134,-0.0039391820318996906   0.001371544087305665  -0.091585643589496613    0.99578845500946045
