RosTime,PositionForIiwa7,OrientationForIiwa7,PositionForIiwa14,OrientationForIiwa14
1715010315.1742504,0.44551631808280945 0.65386027097702026 0.27845919132232666,-0.0033664479851722717  0.0015751828905194998   -0.09286566823720932    0.99567168951034546,0.44551631808280945 0.65386027097702026 0.27845919132232666,-0.0033664479851722717  0.0015751828905194998   -0.09286566823720932    0.99567168951034546
1715010315.1992419,0.45561668276786804 0.63525766134262085 0.27861917018890381,-0.0034949798136949539  0.0015257236082106829  -0.073109716176986694    0.99731659889221191,0.45561668276786804 0.63525766134262085 0.27861917018890381,-0.0034949798136949539  0.0015257236082106829  -0.073109716176986694    0.99731659889221191
1715010315.2342753,0.47174504399299622 0.60737842321395874 0.27878901362419128,-0.0038899779319763184  0.0013622688129544258  -0.044004481285810471    0.99902284145355225,0.47174504399299622 0.60737842321395874 0.27878901362419128,-0.0038899779319763184  0.0013622688129544258  -0.044004481285810471    0.99902284145355225
1715010315.2542508,0.48018589615821838   0.592937171459198 0.27906733751296997,-0.0042979600839316845 0.00086048821685835719  -0.029606880620121956    0.99955201148986816,0.48018589615821838   0.592937171459198 0.27906733751296997,-0.0042979600839316845 0.00086048821685835719  -0.029606880620121956    0.99955201148986816
1715010315.25928,0.48329001665115356 0.58817088603973389 0.27905702590942383,-0.004021273460239172 0.0011007203720510006 -0.026535280048847198   0.99963915348052979,0.48329001665115356 0.58817088603973389 0.27905702590942383,-0.004021273460239172 0.0011007203720510006 -0.026535280048847198   0.99963915348052979
1715010315.2792611,0.49201285839080811  0.5738258957862854 0.27897757291793823,-0.0041582048870623112  0.0010940217180177569  -0.014944987371563911    0.99987906217575073,0.49201285839080811  0.5738258957862854 0.27897757291793823,-0.0041582048870623112  0.0010940217180177569  -0.014944987371563911    0.99987906217575073
