RosTime,PositionForIiwa7,OrientationForIiwa7,PositionForIiwa14,OrientationForIiwa14
1715009715.1284781,0.52246320247650146 0.66302019357681274 0.27894431352615356,0.0028695969376713037 0.0014029216254130006 -0.042824201285839081   0.99907749891281128,0.52246320247650146 0.66302019357681274 0.27894431352615356,0.0028695969376713037 0.0014029216254130006 -0.042824201285839081   0.99907749891281128
