RosTime,PositionForIiwa7,OrientationForIiwa7,PositionForIiwa14,OrientationForIiwa14
1715009605.7384205,0.54854100942611694 0.65855801105499268 0.27848714590072632,-0.0011142360744997859  0.0020335677545517683  -0.059363782405853271    0.99823373556137085,0.54854100942611694 0.65855801105499268 0.27848714590072632,-0.0011142360744997859  0.0020335677545517683  -0.059363782405853271    0.99823373556137085
1715009605.7534227,0.55159884691238403 0.64763820171356201 0.27851077914237976,-0.0014441263629123569  0.0020951924379914999  -0.052314404398202896     0.9986274242401123,0.55159884691238403 0.64763820171356201 0.27851077914237976,-0.0014441263629123569  0.0020951924379914999  -0.052314404398202896     0.9986274242401123
1715009605.8084548, 0.5612679123878479 0.60471594333648682 0.27871346473693848,-0.0015678469790145755  0.0018374613719061017  -0.027222553268074989    0.99962645769119263, 0.5612679123878479 0.60471594333648682 0.27871346473693848,-0.0015678469790145755  0.0018374613719061017  -0.027222553268074989    0.99962645769119263
