RosTime,PositionForIiwa7,OrientationForIiwa7,PositionForIiwa14,OrientationForIiwa14
1715009955.7256067,0.48717233538627625  0.8604087233543396 0.27734336256980896,-0.0044269803911447525  0.0015159937320277095    0.15767551958560944    0.98747986555099487,0.48717233538627625  0.8604087233543396 0.27734336256980896,-0.0044269803911447525  0.0015159937320277095    0.15767551958560944    0.98747986555099487
1715009955.7755859,0.49045735597610474 0.90406006574630737 0.27713647484779358,-0.0036410901229828596  0.0015154189895838499   0.098206594586372375    0.99515825510025024,0.49045735597610474 0.90406006574630737 0.27713647484779358,-0.0036410901229828596  0.0015154189895838499   0.098206594586372375    0.99515825510025024
1715009955.8555887,0.49748501181602478 0.96266627311706543 0.27759048342704773,-0.0039567053318023682 0.00055025407345965505    0.02040320448577404    0.99978387355804443,0.49748501181602478 0.96266627311706543 0.27759048342704773,-0.0039567053318023682 0.00055025407345965505    0.02040320448577404    0.99978387355804443
