RosTime,PositionForIiwa7,OrientationForIiwa7,PositionForIiwa14,OrientationForIiwa14
1715010655.7671413,0.47254222631454468 0.59415549039840698 0.27855286002159119,-0.0028877658769488335  0.0010980512015521526  -0.011878092773258686    0.99992465972900391,0.47254222631454468 0.59415549039840698 0.27855286002159119,-0.0028877658769488335  0.0010980512015521526  -0.011878092773258686    0.99992465972900391
