RosTime,PositionForIiwa7,OrientationForIiwa7,PositionForIiwa14,OrientationForIiwa14
1715010923.3401172,0.47670289874076843 0.59621471166610718 0.27872392535209656,-0.0037809291388839483  0.0012766829458996654  -0.010459920391440392    0.99993735551834106,0.47670289874076843 0.59621471166610718 0.27872392535209656,-0.0037809291388839483  0.0012766829458996654  -0.010459920391440392    0.99993735551834106
1715010923.365118, 0.4883500337600708 0.58410900831222534 0.27900251746177673,-0.0036467281170189381  0.0011776316678151488 -0.0035092895850539207    0.99998652935028076, 0.4883500337600708 0.58410900831222534 0.27900251746177673,-0.0036467281170189381  0.0011776316678151488 -0.0035092895850539207    0.99998652935028076
1715010923.3901176,0.50035089254379272 0.57150846719741821 0.27888146042823792,-0.0043336497619748116 0.00095960119506344199   0.002003970555961132     0.9999881386756897,0.50035089254379272 0.57150846719741821 0.27888146042823792,-0.0043336497619748116 0.00095960119506344199   0.002003970555961132     0.9999881386756897
1715010923.435147,0.52172040939331055 0.54868084192276001 0.27901488542556763,-0.0043565854430198669  0.0012892710510641336   0.006382819265127182    0.99996930360794067,0.52172040939331055 0.54868084192276001 0.27901488542556763,-0.0043565854430198669  0.0012892710510641336   0.006382819265127182    0.99996930360794067
1715010923.4901195,0.54516303539276123 0.52119749784469604 0.27921772003173828,-0.0043049044907093048   0.001277696923352778  0.0087002487853169441    0.99995207786560059,0.54516303539276123 0.52119749784469604 0.27921772003173828,-0.0043049044907093048   0.001277696923352778  0.0087002487853169441    0.99995207786560059
