RosTime,PositionForIiwa7,OrientationForIiwa7,PositionForIiwa14,OrientationForIiwa14
1715012116.7131329,0.64316254854202271 0.98633968830108643 0.27607649564743042,-0.0014484609710052609  0.0013085105456411839    -0.3813590407371521    0.92442494630813599,0.64316254854202271 0.98633968830108643 0.27607649564743042,-0.0014484609710052609  0.0013085105456411839    -0.3813590407371521    0.92442494630813599
1715012116.7381053,0.62606799602508545 0.99449163675308228 0.27607628703117371,-0.0018267172854393721  0.0015443718293681741   -0.33984500169754028    0.94047844409942627,0.62606799602508545 0.99449163675308228 0.27607628703117371,-0.0018267172854393721  0.0015443718293681741   -0.33984500169754028    0.94047844409942627
1715012116.7631056,0.61088758707046509  1.0038421154022217 0.27611196041107178,-0.0026761209592223167  0.0010566998971626163    -0.3034457266330719    0.95284438133239746,0.61088758707046509  1.0038421154022217 0.27611196041107178,-0.0026761209592223167  0.0010566998971626163    -0.3034457266330719    0.95284438133239746
