RosTime,PositionForIiwa7,OrientationForIiwa7,PositionForIiwa14,OrientationForIiwa14
1715009517.5001893,0.54355782270431519 0.67196273803710938 0.27899220585823059,-0.0028902494814246893 0.00064194953301921487   0.023401448503136635    0.99972176551818848,0.54355782270431519 0.67196273803710938 0.27899220585823059,-0.0028902494814246893 0.00064194953301921487   0.023401448503136635    0.99972176551818848
1715009517.5051403,0.54291623830795288 0.66692841053009033 0.27905622124671936,-0.0031240230891853571  0.0005480755353346467    0.01943407766520977    0.99980610609054565,0.54291623830795288 0.66692841053009033 0.27905622124671936,-0.0031240230891853571  0.0005480755353346467    0.01943407766520977    0.99980610609054565
1715009517.510201,0.54223322868347168 0.66192567348480225 0.27905252575874329,-0.0031570252031087875 0.00087500811787322164   0.015916440635919571    0.99986797571182251,0.54223322868347168 0.66192567348480225 0.27905252575874329,-0.0031570252031087875 0.00087500811787322164   0.015916440635919571    0.99986797571182251
1715009517.5351863,0.53984379768371582 0.63996917009353638 0.27912014722824097,-0.0028788784984499216  0.0012905054027214646  0.0061652166768908501    0.99997603893280029,0.53984379768371582 0.63996917009353638 0.27912014722824097,-0.0028788784984499216  0.0012905054027214646  0.0061652166768908501    0.99997603893280029
