RosTime,PositionForIiwa7,OrientationForIiwa7,PositionForIiwa14,OrientationForIiwa14
1715009737.3273377,0.47597023844718933 0.74677580595016479 0.27831810712814331,0.00023477445938624442  0.0024884212762117386    0.18905487656593323    0.98196333646774292,0.47597023844718933 0.74677580595016479 0.27831810712814331,0.00023477445938624442  0.0024884212762117386    0.18905487656593323    0.98196333646774292
1715009737.3423414,0.48032844066619873 0.75764518976211548 0.27833852171897888,0.00045832386240363121  0.0022061970084905624    0.17836470901966095    0.98396188020706177,0.48032844066619873 0.75764518976211548 0.27833852171897888,0.00045832386240363121  0.0022061970084905624    0.17836470901966095    0.98396188020706177
1715009737.3523381,0.48301360011100769 0.76426315307617188 0.27832850813865662,0.00052068574586883187  0.0023565343581140041    0.17165461182594299    0.98515421152114868,0.48301360011100769 0.76426315307617188 0.27832850813865662,0.00052068574586883187  0.0023565343581140041    0.17165461182594299    0.98515421152114868
1715009737.3772917,0.49146828055381775 0.78473997116088867 0.27834019064903259,0.00027294940082356334  0.0018867542967200279    0.15328925848007202    0.98817950487136841,0.49146828055381775 0.78473997116088867 0.27834019064903259,0.00027294940082356334  0.0018867542967200279    0.15328925848007202    0.98817950487136841
1715009737.4023335,0.50098645687103271 0.80780875682830811 0.27826020121574402,-0.00039153365651145577   0.0017129973275586963     0.13296240568161011     0.99111950397491455,0.50098645687103271 0.80780875682830811 0.27826020121574402,-0.00039153365651145577   0.0017129973275586963     0.13296240568161011     0.99111950397491455
