RosTime,PositionForIiwa7,OrientationForIiwa7,PositionForIiwa14,OrientationForIiwa14
1715009508.688194,0.48271849751472473 0.58827966451644897 0.27915215492248535,-0.0031610841397196054 0.00073724443791434169  -0.043813373893499374    0.99903446435928345,0.48271849751472473 0.58827966451644897 0.27915215492248535,-0.0031610841397196054 0.00073724443791434169  -0.043813373893499374    0.99903446435928345
