RosTime,PositionForIiwa7,OrientationForIiwa7,PositionForIiwa14,OrientationForIiwa14
1715010400.1609983,0.52887433767318726 0.62385845184326172 0.27934154868125916, 0.001373239909298718 0.0028298879042267799   0.13649392127990723   0.99063593149185181,0.52887433767318726 0.62385845184326172 0.27934154868125916, 0.001373239909298718 0.0028298879042267799   0.13649392127990723   0.99063593149185181
