RosTime,PositionForIiwa7,OrientationForIiwa7,PositionForIiwa14,OrientationForIiwa14
1715009562.9140694,0.51759141683578491 0.91292643547058105 0.27779605984687805,0.00098017428535968065 0.00064644904341548681  -0.031793337315320969    0.99949377775192261,0.51759141683578491 0.91292643547058105 0.27779605984687805,0.00098017428535968065 0.00064644904341548681  -0.031793337315320969    0.99949377775192261
