RosTime,PositionForIiwa7,OrientationForIiwa7,PositionForIiwa14,OrientationForIiwa14
1715009746.7097652,0.50306040048599243 0.88679921627044678 0.27797502279281616,-0.0039994996041059494  0.0011614589020609856    0.10332368314266205    0.99463903903961182,0.50306040048599243 0.88679921627044678 0.27797502279281616,-0.0039994996041059494  0.0011614589020609856    0.10332368314266205    0.99463903903961182
1715009746.734762,0.50559598207473755 0.90586012601852417 0.27791380882263184,-0.0038827995304018259  0.0012745652347803116   0.090120047330856323     0.9959225058555603,0.50559598207473755 0.90586012601852417 0.27791380882263184,-0.0038827995304018259  0.0012745652347803116   0.090120047330856323     0.9959225058555603
1715009746.7397611,0.50587731599807739 0.91259109973907471 0.27786928415298462,-0.0036190904211252928  0.0016997036291286349   0.086242541670799255    0.99626612663269043,0.50587731599807739 0.91259109973907471 0.27786928415298462,-0.0036190904211252928  0.0016997036291286349   0.086242541670799255    0.99626612663269043
