RosTime,PositionForIiwa7,OrientationForIiwa7,PositionForIiwa14,OrientationForIiwa14
1715010352.7651529,0.41654676198959351 0.56862008571624756 0.27845090627670288, -0.0028747336473315954 -0.00031506834784522653     -0.1627325713634491     0.98666596412658691,0.41654676198959351 0.56862008571624756 0.27845090627670288, -0.0028747336473315954 -0.00031506834784522653     -0.1627325713634491     0.98666596412658691
1715010352.7851522,0.42916139960289001  0.5576598048210144 0.27858045697212219,-0.0032878541387617588 0.00021344084234442562   -0.13966026902198792    0.99019402265548706,0.42916139960289001  0.5576598048210144 0.27858045697212219,-0.0032878541387617588 0.00021344084234442562   -0.13966026902198792    0.99019402265548706
