RosTime,PositionForIiwa7,OrientationForIiwa7,PositionForIiwa14,OrientationForIiwa14
1715012383.2020829,0.63474076986312866 0.98290711641311646   0.276378333568573,0.00018017164256889373 0.00022314944362733513   -0.41992121934890747    0.90756052732467651,0.63474076986312866 0.98290711641311646   0.276378333568573,0.00018017164256889373 0.00022314944362733513   -0.41992121934890747    0.90756052732467651
1715012383.2120676,0.62491238117218018 0.98117625713348389 0.27633348107337952,-0.00057765928795561194  0.00060894933994859457    -0.38726168870925903     0.92196947336196899,0.62491238117218018 0.98117625713348389 0.27633348107337952,-0.00057765928795561194  0.00060894933994859457    -0.38726168870925903     0.92196947336196899
