RosTime,PositionForIiwa7,OrientationForIiwa7,PositionForIiwa14,OrientationForIiwa14
1715009659.1471193,0.51213407516479492 0.75849926471710205 0.27854782342910767,-0.0023639157880097628  0.0006636332836933434   0.089006386697292328    0.99602800607681274,0.51213407516479492 0.75849926471710205 0.27854782342910767,-0.0023639157880097628  0.0006636332836933434   0.089006386697292328    0.99602800607681274
1715009659.1571457,0.51318025588989258 0.74976575374603271  0.2786153256893158,-0.0021458491683006287  0.0011371041182428598   0.083393752574920654     0.9965137243270874,0.51318025588989258 0.74976575374603271  0.2786153256893158,-0.0021458491683006287  0.0011371041182428598   0.083393752574920654     0.9965137243270874
1715009659.1821249,0.51545888185501099 0.73004806041717529  0.2786838710308075,-0.0028939559124410152  0.0009611411951482296   0.070592820644378662    0.99750053882598877,0.51545888185501099 0.73004806041717529  0.2786838710308075,-0.0028939559124410152  0.0009611411951482296   0.070592820644378662    0.99750053882598877
1715009659.202147,0.51724809408187866 0.71477037668228149 0.27872708439826965,-0.0028987957630306482 0.00082183419726788998   0.060601141303777695    0.99815750122070312,0.51724809408187866 0.71477037668228149 0.27872708439826965,-0.0028987957630306482 0.00082183419726788998   0.060601141303777695    0.99815750122070312
