RosTime,PositionForIiwa7,OrientationForIiwa7,PositionForIiwa14,OrientationForIiwa14
1715009921.0858026,0.52543717622756958  0.8623773455619812 0.27726390957832336,-0.0035155208315700293   0.001744005479849875   0.027436111122369766    0.99961584806442261,0.52543717622756958  0.8623773455619812 0.27726390957832336,-0.0035155208315700293   0.001744005479849875   0.027436111122369766    0.99961584806442261
1715009921.1258855,0.52262389659881592 0.89769995212554932 0.27699717879295349,-0.0037569378037005663  0.0012755970237776637   0.011550388298928738    0.99992543458938599,0.52262389659881592 0.89769995212554932 0.27699717879295349,-0.0037569378037005663  0.0012755970237776637   0.011550388298928738    0.99992543458938599
