RosTime,PositionForIiwa7,OrientationForIiwa7,PositionForIiwa14,OrientationForIiwa14
1715009916.4754393,0.53593528270721436 0.72873574495315552 0.27875199913978577,0.00073167489608749747 0.00084152148338034749   0.079484201967716217    0.99683552980422974,0.53593528270721436 0.72873574495315552 0.27875199913978577,0.00073167489608749747 0.00084152148338034749   0.079484201967716217    0.99683552980422974
