RosTime,PositionForIiwa7,OrientationForIiwa7,PositionForIiwa14,OrientationForIiwa14
1715009934.7611494, 0.5085521936416626 0.69804269075393677 0.27841547131538391,0.00019136298215016723  0.0018922415329143405  -0.041128706187009811    0.99915206432342529, 0.5085521936416626 0.69804269075393677 0.27841547131538391,0.00019136298215016723  0.0018922415329143405  -0.041128706187009811    0.99915206432342529
1715009934.8111506,0.52279603481292725 0.66195076704025269 0.27865707874298096,4.4903998059453443e-05  0.0022268577013164759  -0.024595469236373901    0.99969500303268433,0.52279603481292725 0.66195076704025269 0.27865707874298096,4.4903998059453443e-05  0.0022268577013164759  -0.024595469236373901    0.99969500303268433
1715009934.8361475,0.53036350011825562 0.64117765426635742 0.27870684862136841,-0.00093370204558596015   0.0020435473416000605   -0.016493450850248337     0.99986147880554199,0.53036350011825562 0.64117765426635742 0.27870684862136841,-0.00093370204558596015   0.0020435473416000605   -0.016493450850248337     0.99986147880554199
1715009934.8862004,0.54304772615432739 0.60471755266189575 0.27887913584709167, -0.001361588598228991  0.0018464120803400874 -0.0063167219050228596    0.99997740983963013,0.54304772615432739 0.60471755266189575 0.27887913584709167, -0.001361588598228991  0.0018464120803400874 -0.0063167219050228596    0.99997740983963013
1715009934.9361484,0.55208748579025269 0.57204949855804443 0.27901506423950195, -0.0021774978376924992   0.0021185704972594976 -0.00042454351205378771     0.99999529123306274,0.55208748579025269 0.57204949855804443 0.27901506423950195, -0.0021774978376924992   0.0021185704972594976 -0.00042454351205378771     0.99999529123306274
