RosTime,PositionForIiwa7,OrientationForIiwa7,PositionForIiwa14,OrientationForIiwa14
1715010709.4041748,0.44810104370117188 0.59206515550613403 0.27867254614830017,-0.0033346470445394516  0.0017442698590457439  -0.079862594604492188    0.99679875373840332,0.44810104370117188 0.59206515550613403 0.27867254614830017,-0.0033346470445394516  0.0017442698590457439  -0.079862594604492188    0.99679875373840332
1715010709.424175,0.45982745289802551 0.58121025562286377 0.27869677543640137,-0.0037561382632702589   0.001414867234416306  -0.059854697436094284    0.99819904565811157,0.45982745289802551 0.58121025562286377 0.27869677543640137,-0.0037561382632702589   0.001414867234416306  -0.059854697436094284    0.99819904565811157
1715010709.4392247,0.46845817565917969 0.57363778352737427 0.27881625294685364,-0.0037461686879396439  0.0015020642895251513  -0.046079225838184357    0.99892961978912354,0.46845817565917969 0.57363778352737427 0.27881625294685364,-0.0037461686879396439  0.0015020642895251513  -0.046079225838184357    0.99892961978912354
