RosTime,PositionForIiwa7,OrientationForIiwa7,PositionForIiwa14,OrientationForIiwa14
1715009930.0434022,0.46274325251579285 0.83112400770187378 0.27721616625785828,-0.0040403688326478004  0.0024464689195156097    0.19801335036754608    0.98018795251846313,0.46274325251579285 0.83112400770187378 0.27721616625785828,-0.0040403688326478004  0.0024464689195156097    0.19801335036754608    0.98018795251846313
1715009930.0984299,0.46773114800453186 0.87805265188217163 0.27690848708152771,-0.0038648885674774647  0.0017928491579368711     0.1631416529417038    0.98659348487854004,0.46773114800453186 0.87805265188217163 0.27690848708152771,-0.0038648885674774647  0.0017928491579368711     0.1631416529417038    0.98659348487854004
1715009930.1084337,0.46906700730323792 0.88800781965255737 0.27695062756538391,-0.0035534647759050131  0.0021603466011583805    0.15583004057407379    0.98777514696121216,0.46906700730323792 0.88800781965255737 0.27695062756538391,-0.0035534647759050131  0.0021603466011583805    0.15583004057407379    0.98777514696121216
1715009930.1234055,0.47141095995903015 0.89990907907485962 0.27690070867538452,-0.0036800336092710495  0.0021803709678351879    0.14687579870223999    0.98914569616317749,0.47141095995903015 0.89990907907485962 0.27690070867538452,-0.0036800336092710495  0.0021803709678351879    0.14687579870223999    0.98914569616317749
1715009930.1684062,0.47981783747673035 0.94039887189865112 0.27692335844039917,-0.0033905522432178259  0.0024767373688519001    0.11730116605758667     0.9930875301361084,0.47981783747673035 0.94039887189865112 0.27692335844039917,-0.0033905522432178259  0.0024767373688519001    0.11730116605758667     0.9930875301361084
