RosTime,PositionForIiwa7,OrientationForIiwa7,PositionForIiwa14,OrientationForIiwa14
1715010985.5680051,0.50687414407730103 0.51285994052886963 0.27858954668045044,-0.0030854078941047192  0.0026233531534671783  -0.071977183222770691    0.99739807844161987,0.50687414407730103 0.51285994052886963 0.27858954668045044,-0.0030854078941047192  0.0026233531534671783  -0.071977183222770691    0.99739807844161987
