RosTime,PositionForIiwa7,OrientationForIiwa7,PositionForIiwa14,OrientationForIiwa14
1715009769.3425586,0.54694247245788574 0.65780115127563477 0.27859222888946533,-0.00012663015513680875   0.0022982533555477858     0.11333303898572922     0.99355441331863403,0.54694247245788574 0.65780115127563477 0.27859222888946533,-0.00012663015513680875   0.0022982533555477858     0.11333303898572922     0.99355441331863403
