RosTime,PositionForIiwa7,OrientationForIiwa7,PositionForIiwa14,OrientationForIiwa14
1715010049.9569175,0.48457822203636169 0.69710344076156616 0.27791517972946167,-0.0014063186245039105   0.001192263443954289   -0.10548055171966553     0.9944196343421936,0.48457822203636169 0.69710344076156616 0.27791517972946167,-0.0014063186245039105   0.001192263443954289   -0.10548055171966553     0.9944196343421936
1715010049.9969156,0.49994981288909912 0.66964668035507202 0.27789279818534851,-0.0012062260648235679  0.0018843777943402529  -0.089913405478000641    0.99594706296920776,0.49994981288909912 0.66964668035507202 0.27789279818534851,-0.0012062260648235679  0.0018843777943402529  -0.089913405478000641    0.99594706296920776
