RosTime,PositionForIiwa7,OrientationForIiwa7,PositionForIiwa14,OrientationForIiwa14
1715009669.2399464,0.49702069163322449 0.73777252435684204 0.27830389142036438,-0.0030280312057584524 0.00069898215588182211   0.014294782653450966    0.99989300966262817,0.49702069163322449 0.73777252435684204 0.27830389142036438,-0.0030280312057584524 0.00069898215588182211   0.014294782653450966    0.99989300966262817
1715009669.2548311, 0.5026930570602417 0.72410708665847778 0.27839678525924683,-0.0031575839966535568 0.00061215599998831749   0.020170412957668304    0.99979138374328613, 0.5026930570602417 0.72410708665847778 0.27839678525924683,-0.0031575839966535568 0.00061215599998831749   0.020170412957668304    0.99979138374328613
1715009669.2648373,0.50485801696777344 0.71772974729537964 0.27849113941192627,  -0.00297340820543468 0.00044430096750147641   0.023038245737552643    0.99973005056381226,0.50485801696777344 0.71772974729537964 0.27849113941192627,  -0.00297340820543468 0.00044430096750147641   0.023038245737552643    0.99973005056381226
1715009669.2749083,0.50852340459823608 0.70842492580413818 0.27851349115371704,-0.0031320382840931416 0.00049938686424866319    0.02588033489882946    0.99966001510620117,0.50852340459823608 0.70842492580413818 0.27851349115371704,-0.0031320382840931416 0.00049938686424866319    0.02588033489882946    0.99966001510620117
1715009669.369863,0.53567534685134888 0.63231837749481201 0.27898979187011719,-0.0034815608523786068  0.0005431734025478363   0.031581100076436996    0.99949496984481812,0.53567534685134888 0.63231837749481201 0.27898979187011719,-0.0034815608523786068  0.0005431734025478363   0.031581100076436996    0.99949496984481812
