RosTime,PositionForIiwa7,OrientationForIiwa7,PositionForIiwa14,OrientationForIiwa14
1715009727.8715808,0.57252049446105957 0.76092857122421265 0.27859780192375183,-0.0013292350340634584  0.0008620887529104948  -0.061004273593425751    0.99813622236251831,0.57252049446105957 0.76092857122421265 0.27859780192375183,-0.0013292350340634584  0.0008620887529104948  -0.061004273593425751    0.99813622236251831
