RosTime,PositionForIiwa7,OrientationForIiwa7,PositionForIiwa14,OrientationForIiwa14
1715010794.3353548,0.51119410991668701 0.48575985431671143 0.27864480018615723,-0.0036810163874179125  0.0022056340239942074  -0.026053441688418388    0.99965131282806396,0.51119410991668701 0.48575985431671143 0.27864480018615723,-0.0036810163874179125  0.0022056340239942074  -0.026053441688418388    0.99965131282806396
