RosTime,PositionForIiwa7,OrientationForIiwa7,PositionForIiwa14,OrientationForIiwa14
1715010646.9372904,0.48828622698783875 0.54335248470306396 0.27910375595092773,-0.0036394167691469193   0.000885355519130826 -0.0056864330545067787    0.99997681379318237,0.48828622698783875 0.54335248470306396 0.27910375595092773,-0.0036394167691469193   0.000885355519130826 -0.0056864330545067787    0.99997681379318237
1715010646.9624128,0.49747481942176819 0.52925866842269897  0.2792208194732666, -0.003717237850651145 0.00095387827605009079  0.0056008943356573582    0.99997693300247192,0.49747481942176819 0.52925866842269897  0.2792208194732666, -0.003717237850651145 0.00095387827605009079  0.0056008943356573582    0.99997693300247192
1715010646.9872854,0.50759309530258179 0.51272541284561157 0.27936667203903198,-0.0040480485185980797 0.00097191572422161698   0.015196973457932472    0.99987584352493286,0.50759309530258179 0.51272541284561157 0.27936667203903198,-0.0040480485185980797 0.00097191572422161698   0.015196973457932472    0.99987584352493286
