RosTime,PositionForIiwa7,OrientationForIiwa7,PositionForIiwa14,OrientationForIiwa14
1715010616.5612047,0.40571519732475281 0.87486261129379272 0.27670148015022278,-0.0012174552539363503  0.0048064435832202435    0.39302980899810791    0.91951239109039307,0.40571519732475281 0.87486261129379272 0.27670148015022278,-0.0012174552539363503  0.0048064435832202435    0.39302980899810791    0.91951239109039307
1715010616.6612105, 0.4463438093662262 0.93071764707565308 0.27670547366142273,-0.0014291973784565926  0.0018632789142429829    0.21463486552238464    0.97669154405593872, 0.4463438093662262 0.93071764707565308 0.27670547366142273,-0.0014291973784565926  0.0018632789142429829    0.21463486552238464    0.97669154405593872
