RosTime,PositionForIiwa7,OrientationForIiwa7,PositionForIiwa14,OrientationForIiwa14
1715010802.7552037,0.43215668201446533 0.51474094390869141 0.27875056862831116,-0.0048860274255275726  0.0020873593166470528  -0.075458310544490814    0.99713480472564697,0.43215668201446533 0.51474094390869141 0.27875056862831116,-0.0048860274255275726  0.0020873593166470528  -0.075458310544490814    0.99713480472564697
1715010802.7952034,0.45999673008918762   0.497956782579422 0.27884095907211304,-0.0054318211041390896  0.0015096188290044665  -0.030153363943099976    0.99952936172485352,0.45999673008918762   0.497956782579422 0.27884095907211304,-0.0054318211041390896  0.0015096188290044665  -0.030153363943099976    0.99952936172485352
1715010802.8102233,0.46990311145782471 0.49251684546470642 0.27886432409286499,-0.0054129958152770996  0.0014776750467717648   -0.01589575782418251    0.99985790252685547,0.46990311145782471 0.49251684546470642 0.27886432409286499,-0.0054129958152770996  0.0014776750467717648   -0.01589575782418251    0.99985790252685547
