RosTime,PositionForIiwa7,OrientationForIiwa7,PositionForIiwa14,OrientationForIiwa14
1715011077.453218,0.56438344717025757 0.62558674812316895 0.27987891435623169,0.0030074208043515682 0.0052537792362272739   0.36887985467910767   0.92945736646652222,0.56438344717025757 0.62558674812316895 0.27987891435623169,0.0030074208043515682 0.0052537792362272739   0.36887985467910767   0.92945736646652222
