RosTime,PositionForIiwa7,OrientationForIiwa7,PositionForIiwa14,OrientationForIiwa14
1715010699.8351376,0.52403295040130615 0.69455933570861816 0.27915927767753601,0.00061816954985260963  0.0042719203047454357     0.4626142680644989    0.88654917478561401,0.52403295040130615 0.69455933570861816 0.27915927767753601,0.00061816954985260963  0.0042719203047454357     0.4626142680644989    0.88654917478561401
1715010699.890137,0.53785097599029541 0.65233850479125977 0.27924084663391113,0.00032760898466221988  0.0032186964526772499    0.34296464920043945    0.93934273719787598,0.53785097599029541 0.65233850479125977 0.27924084663391113,0.00032760898466221988  0.0032186964526772499    0.34296464920043945    0.93934273719787598
