RosTime,PositionForIiwa7,OrientationForIiwa7,PositionForIiwa14,OrientationForIiwa14
1715010578.4474964,0.44339388608932495 0.62553226947784424 0.27861180901527405,-0.0032308290246874094  0.0019731968641281128  -0.086360663175582886    0.99625676870346069,0.44339388608932495 0.62553226947784424 0.27861180901527405,-0.0032308290246874094  0.0019731968641281128  -0.086360663175582886    0.99625676870346069
1715010578.5075355,0.46753531694412231 0.58353465795516968  0.2783653736114502,-0.0039809448644518852   0.001809449284337461  -0.058856047689914703    0.99825692176818848,0.46753531694412231 0.58353465795516968  0.2783653736114502,-0.0039809448644518852   0.001809449284337461  -0.058856047689914703    0.99825692176818848
