RosTime,PositionForIiwa7,OrientationForIiwa7,PositionForIiwa14,OrientationForIiwa14
1715010028.4096999,0.49563717842102051  1.0478776693344116 0.27703678607940674,-0.0037597164046019316  0.0010792553657665849   0.028483550995588303    0.99958658218383789,0.49563717842102051  1.0478776693344116 0.27703678607940674,-0.0037597164046019316  0.0010792553657665849   0.028483550995588303    0.99958658218383789
