RosTime,PositionForIiwa7,OrientationForIiwa7,PositionForIiwa14,OrientationForIiwa14
1715010810.677177,0.48918876051902771 0.54621654748916626 0.27847644686698914,-0.0035213420633226633  0.0021357445511966944  -0.029832234606146812    0.99954640865325928,0.48918876051902771 0.54621654748916626 0.27847644686698914,-0.0035213420633226633  0.0021357445511966944  -0.029832234606146812    0.99954640865325928
1715010810.7022769,0.49892920255661011  0.5329594612121582 0.27855387330055237,-0.0037819899152964354  0.0021757485810667276  -0.023516906425356865    0.99971389770507812,0.49892920255661011  0.5329594612121582 0.27855387330055237,-0.0037819899152964354  0.0021757485810667276  -0.023516906425356865    0.99971389770507812
