RosTime,PositionForIiwa7,OrientationForIiwa7,PositionForIiwa14,OrientationForIiwa14
1715009938.4996245,0.48950520157814026 0.81873542070388794 0.27765646576881409,-0.0040389657951891422  0.0028749238699674606     0.2480369359254837     0.9687379002571106,0.48950520157814026 0.81873542070388794 0.27765646576881409,-0.0040389657951891422  0.0028749238699674606     0.2480369359254837     0.9687379002571106
1715009938.5496268,0.49317443370819092 0.85421323776245117 0.27752208709716797,-0.0037852914538234472  0.0028580990619957447    0.19842620193958282    0.98010432720184326,0.49317443370819092 0.85421323776245117 0.27752208709716797,-0.0037852914538234472  0.0028580990619957447    0.19842620193958282    0.98010432720184326
1715009938.5746279,0.49469155073165894 0.87328749895095825  0.2773597240447998,-0.0035061491653323174  0.0026808148249983788    0.17247116565704346    0.98500466346740723,0.49469155073165894 0.87328749895095825  0.2773597240447998,-0.0035061491653323174  0.0026808148249983788    0.17247116565704346    0.98500466346740723
1715009938.5996251,0.49596971273422241 0.89246994256973267 0.27733054757118225,-0.0034164302051067352  0.0022949581034481525    0.14745920896530151    0.98905956745147705,0.49596971273422241 0.89246994256973267 0.27733054757118225,-0.0034164302051067352  0.0022949581034481525    0.14745920896530151    0.98905956745147705
1715009938.6746261,0.49795541167259216 0.94517797231674194 0.27755329012870789,-0.0038920287042856216  0.0016759440768510103   0.095330275595188141    0.99543666839599609,0.49795541167259216 0.94517797231674194 0.27755329012870789,-0.0038920287042856216  0.0016759440768510103   0.095330275595188141    0.99543666839599609
