RosTime,PositionForIiwa7,OrientationForIiwa7,PositionForIiwa14,OrientationForIiwa14
1715009786.9308679,0.53303718566894531  1.0264604091644287 0.20579144358634949, 0.32130244374275208  0.55017030239105225 -0.39885830879211426  0.65953731536865234,0.53303718566894531  1.0264604091644287 0.20579144358634949, 0.32130244374275208  0.55017030239105225 -0.39885830879211426  0.65953731536865234
1715009786.950891,0.54598432779312134  1.0291491746902466 0.21983163058757782, 0.30035433173179626  0.53974628448486328 -0.38413673639297485   0.6862216591835022,0.54598432779312134  1.0291491746902466 0.21983163058757782, 0.30035433173179626  0.53974628448486328 -0.38413673639297485   0.6862216591835022
1715009786.985868,0.56115800142288208  1.0311596393585205 0.24649308621883392,0.22530417144298553 0.49331852793693542 -0.3637005090713501 0.75736171007156372,0.56115800142288208  1.0311596393585205 0.24649308621883392,0.22530417144298553 0.49331852793693542 -0.3637005090713501 0.75736171007156372
1715009787.0358963,0.57425558567047119  1.0372722148895264 0.28016647696495056,  0.1572418212890625  0.42183107137680054 -0.31947559118270874  0.83382785320281982,0.57425558567047119  1.0372722148895264 0.28016647696495056,  0.1572418212890625  0.42183107137680054 -0.31947559118270874  0.83382785320281982
