RosTime,PositionForIiwa7,OrientationForIiwa7,PositionForIiwa14,OrientationForIiwa14
1715009774.5454059,0.53130602836608887 0.79238057136535645 0.27804672718048096,-0.0058573205024003983  0.0010458615142852068   0.089020796120166779    0.99601197242736816,0.53130602836608887 0.79238057136535645 0.27804672718048096,-0.0058573205024003983  0.0010458615142852068   0.089020796120166779    0.99601197242736816
1715009774.6203797,0.52707821130752563  0.8515859842300415 0.27767252922058105,-0.0054238489829003811 0.00091718521434813738   0.061586104333400726    0.99808663129806519,0.52707821130752563  0.8515859842300415 0.27767252922058105,-0.0054238489829003811 0.00091718521434813738   0.061586104333400726    0.99808663129806519
1715009774.7203808,0.52732747793197632 0.92995190620422363 0.27735474705696106,-0.0054773329757153988  0.0014108886243775487   0.030864531174302101    0.99950754642486572,0.52732747793197632 0.92995190620422363 0.27735474705696106,-0.0054773329757153988  0.0014108886243775487   0.030864531174302101    0.99950754642486572
1715009774.8453443,0.53092378377914429  1.0135825872421265 0.27690961956977844,-0.0049954988062381744 0.00059052987489849329  0.0072114099748432636    0.99996131658554077,0.53092378377914429  1.0135825872421265 0.27690961956977844,-0.0049954988062381744 0.00059052987489849329  0.0072114099748432636    0.99996131658554077
