RosTime,PositionForIiwa7,OrientationForIiwa7,PositionForIiwa14,OrientationForIiwa14
1715010522.3876278,0.43030080199241638 0.91309458017349243 0.27725765109062195,-0.0044749043881893158  0.0010046788956969976    0.21403943002223969    0.97681427001953125,0.43030080199241638 0.91309458017349243 0.27725765109062195,-0.0044749043881893158  0.0010046788956969976    0.21403943002223969    0.97681427001953125
