RosTime,PositionForIiwa7,OrientationForIiwa7,PositionForIiwa14,OrientationForIiwa14
1715010148.2263496,0.49042081832885742 0.63582557439804077 0.27810266613960266,-0.00036034028744325042   0.0024798284284770489   -0.054725874215364456     0.99849826097488403,0.49042081832885742 0.63582557439804077 0.27810266613960266,-0.00036034028744325042   0.0024798284284770489   -0.054725874215364456     0.99849826097488403
1715010148.2363665,0.49481621384620667 0.62778699398040771 0.27807831764221191,-0.001015865127556026 0.0026003899984061718 -0.048168376088142395   0.99883532524108887,0.49481621384620667 0.62778699398040771 0.27807831764221191,-0.001015865127556026 0.0026003899984061718 -0.048168376088142395   0.99883532524108887
1715010148.2513499,0.50007057189941406 0.61778134107589722 0.27813377976417542,-0.0013799481093883514  0.0025584783870726824  -0.039585277438163757    0.99921196699142456,0.50007057189941406 0.61778134107589722 0.27813377976417542,-0.0013799481093883514  0.0025584783870726824  -0.039585277438163757    0.99921196699142456
