RosTime,PositionForIiwa7,OrientationForIiwa7,PositionForIiwa14,OrientationForIiwa14
1715009880.5912151,0.48079043626785278 0.76490670442581177  0.2779175341129303,9.0010962594533339e-06  0.0021918551065027714  -0.069595694541931152    0.99757289886474609,0.48079043626785278 0.76490670442581177  0.2779175341129303,9.0010962594533339e-06  0.0021918551065027714  -0.069595694541931152    0.99757289886474609
1715009880.6062145,0.48505511879920959 0.75389260053634644 0.27808135747909546,0.0002737994072958827 0.0020081677939742804 -0.065958589315414429   0.99782031774520874,0.48505511879920959 0.75389260053634644 0.27808135747909546,0.0002737994072958827 0.0020081677939742804 -0.065958589315414429   0.99782031774520874
1715009880.666214,0.50496625900268555 0.70473986864089966 0.27811259031295776,-0.0018115051789209247  0.0020358569454401731   -0.04287441074848175     0.9990767240524292,0.50496625900268555 0.70473986864089966 0.27811259031295776,-0.0018115051789209247  0.0020358569454401731   -0.04287441074848175     0.9990767240524292
1715009880.6861932,0.51097583770751953 0.68935734033584595 0.27820718288421631,-0.0017142512369900942  0.0019778632558882236    -0.0365021713078022    0.99933016300201416,0.51097583770751953 0.68935734033584595 0.27820718288421631,-0.0017142512369900942  0.0019778632558882236    -0.0365021713078022    0.99933016300201416
1715009880.6961901,0.51415354013442993 0.68079733848571777 0.27829915285110474,-0.0019996874034404755  0.0024461483117192984  -0.033657122403383255    0.99942845106124878,0.51415354013442993 0.68079733848571777 0.27829915285110474,-0.0019996874034404755  0.0024461483117192984  -0.033657122403383255    0.99942845106124878
