RosTime,PositionForIiwa7,OrientationForIiwa7,PositionForIiwa14,OrientationForIiwa14
1715010375.5466967,0.41750383377075195 0.90255957841873169 0.27667632699012756,-0.0043951412662863731  0.0014063643757253885      0.193049356341362    0.98117822408676147,0.41750383377075195 0.90255957841873169 0.27667632699012756,-0.0043951412662863731  0.0014063643757253885      0.193049356341362    0.98117822408676147
1715010375.5516965,0.41890338063240051 0.90743833780288696 0.27673405408859253,-0.0037908763624727726  0.0018244999228045344    0.18459650874137878    0.98280537128448486,0.41890338063240051 0.90743833780288696 0.27673405408859253,-0.0037908763624727726  0.0018244999228045344    0.18459650874137878    0.98280537128448486
1715010375.5567639,0.42027029395103455 0.91228538751602173 0.27678617835044861,-0.0039219777099788189  0.0010886227246373892    0.17676155269145966    0.98424530029296875,0.42027029395103455 0.91228538751602173 0.27678617835044861,-0.0039219777099788189  0.0010886227246373892    0.17676155269145966    0.98424530029296875
1715010375.5616944, 0.4217374324798584 0.91718059778213501 0.27689087390899658,-0.0036708996631205082   0.001592703047208488    0.16855010390281677    0.98568499088287354, 0.4217374324798584 0.91718059778213501 0.27689087390899658,-0.0036708996631205082   0.001592703047208488    0.16855010390281677    0.98568499088287354
1715010375.5716975,0.42396050691604614 0.92442858219146729 0.27698180079460144,-0.0037811673246324062  0.0015115466667339206    0.15637753903865814    0.98768895864486694,0.42396050691604614 0.92442858219146729 0.27698180079460144,-0.0037811673246324062  0.0015115466667339206    0.15637753903865814    0.98768895864486694
