RosTime,PositionForIiwa7,OrientationForIiwa7,PositionForIiwa14,OrientationForIiwa14
1715010775.9211459,0.53479427099227905 0.50472187995910645 0.27928647398948669,-0.0021717075724154711  0.0018283847020938993  -0.073755368590354919     0.9972723126411438,0.53479427099227905 0.50472187995910645 0.27928647398948669,-0.0021717075724154711  0.0018283847020938993  -0.073755368590354919     0.9972723126411438
