RosTime,PositionForIiwa7,OrientationForIiwa7,PositionForIiwa14,OrientationForIiwa14
1715010993.8877151,0.54436135292053223 0.54519212245941162 0.27868425846099854,-0.0014887606957927346  0.0018212982686236501  -0.018664365634322166    0.99982303380966187,0.54436135292053223 0.54519212245941162 0.27868425846099854,-0.0014887606957927346  0.0018212982686236501  -0.018664365634322166    0.99982303380966187
