RosTime,PositionForIiwa7,OrientationForIiwa7,PositionForIiwa14,OrientationForIiwa14
1715863242.0744743,0.55575019121170044 0.33396062254905701 0.31842419505119324, 0.51478290557861328 -0.48372194170951843 -0.47945845127105713  0.52070260047912598,0.55575019121170044 0.33396062254905701 0.31842419505119324, 0.51478290557861328 -0.48372194170951843 -0.47945845127105713  0.52070260047912598
