RosTime,PositionForIiwa7,OrientationForIiwa7,PositionForIiwa14,OrientationForIiwa14
1715863964.1229658,0.58230417966842651 0.48457780480384827 0.31847375631332397,-0.46522575616836548  0.52740508317947388   0.5248178243637085 -0.47955718636512756,0.58230417966842651 0.48457780480384827 0.31847375631332397,-0.46522575616836548  0.52740508317947388   0.5248178243637085 -0.47955718636512756
1715863964.1329656,0.58269906044006348 0.47706836462020874 0.31814512610435486,-0.47052121162414551  0.52577424049377441    0.519947350025177 -0.48148319125175476,0.58269906044006348 0.47706836462020874 0.31814512610435486,-0.47052121162414551  0.52577424049377441    0.519947350025177 -0.48148319125175476
1715863964.1379676,0.58340352773666382 0.47184810042381287 0.31801080703735352, -0.4735008180141449  0.52334904670715332  0.51813590526580811 -0.48315417766571045,0.58340352773666382 0.47184810042381287 0.31801080703735352, -0.4735008180141449  0.52334904670715332  0.51813590526580811 -0.48315417766571045
1715863964.1429667, 0.5843205451965332 0.46670719981193542 0.31812193989753723,-0.47596761584281921  0.52076029777526855  0.51644176244735718 -0.48533645272254944, 0.5843205451965332 0.46670719981193542 0.31812193989753723,-0.47596761584281921  0.52076029777526855  0.51644176244735718 -0.48533645272254944
1715863964.1479647, 0.5853729248046875 0.46176591515541077 0.31819939613342285,-0.47807314991950989  0.51839935779571533  0.51464450359344482 -0.48769783973693848, 0.5853729248046875 0.46176591515541077 0.31819939613342285,-0.47807314991950989  0.51839935779571533  0.51464450359344482 -0.48769783973693848
1715863964.157964,0.58675378561019897 0.45458447933197021 0.31831046938896179,-0.48110547661781311  0.51472485065460205  0.51158690452575684 -0.49180757999420166,0.58675378561019897 0.45458447933197021 0.31831046938896179,-0.48110547661781311  0.51472485065460205  0.51158690452575684 -0.49180757999420166
