RosTime,PositionForIiwa7,OrientationForIiwa7,PositionForIiwa14,OrientationForIiwa14
1715863847.6186261,0.56610280275344849 0.59490352869033813 0.32017698884010315,-0.44621700048446655  0.53929698467254639  0.55824190378189087 -0.44543814659118652,0.56610280275344849 0.59490352869033813 0.32017698884010315,-0.44621700048446655  0.53929698467254639  0.55824190378189087 -0.44543814659118652
1715863847.668592,0.56867647171020508 0.55979645252227783 0.32009941339492798,-0.46235480904579163  0.52589207887649536   0.5440489649772644 -0.46225130558013916,0.56867647171020508 0.55979645252227783 0.32009941339492798,-0.46235480904579163  0.52589207887649536   0.5440489649772644 -0.46225130558013916
1715863847.7185833,0.57292574644088745 0.51926124095916748 0.32009041309356689,-0.47772037982940674  0.51321291923522949  0.52920001745223999 -0.47785258293151855,0.57292574644088745 0.51926124095916748 0.32009041309356689,-0.47772037982940674  0.51321291923522949  0.52920001745223999 -0.47785258293151855
1715863847.7435515,0.57507079839706421 0.49782171845436096  0.3198494017124176,-0.48431888222694397  0.50842934846878052  0.52147829532623291 -0.48476302623748779,0.57507079839706421 0.49782171845436096  0.3198494017124176,-0.48431888222694397  0.50842934846878052  0.52147829532623291 -0.48476302623748779
1715863847.843652,0.58076882362365723 0.41159054636955261 0.31888848543167114, 0.49735468626022339 -0.49936774373054504 -0.50274175405502319  0.50052064657211304,0.58076882362365723 0.41159054636955261 0.31888848543167114, 0.49735468626022339 -0.49936774373054504 -0.50274175405502319  0.50052064657211304
1715863847.9186549,0.58140528202056885 0.35537987947463989 0.31922414898872375,  0.5074012279510498 -0.49057081341743469 -0.49106597900390625  0.51062560081481934,0.58140528202056885 0.35537987947463989 0.31922414898872375,  0.5074012279510498 -0.49057081341743469 -0.49106597900390625  0.51062560081481934
