RosTime,PositionForIiwa7,OrientationForIiwa7,PositionForIiwa14,OrientationForIiwa14
1715863991.0771444,0.57035261392593384  0.4456944465637207 0.31823062896728516,-0.46362397074699402  0.53131914138793945  0.52764004468917847 -0.47365465760231018,0.57035261392593384  0.4456944465637207 0.31823062896728516,-0.46362397074699402  0.53131914138793945  0.52764004468917847 -0.47365465760231018
