RosTime,PositionForIiwa7,OrientationForIiwa7,PositionForIiwa14,OrientationForIiwa14
1715863854.2077994,0.56368750333786011 0.56805860996246338 0.31947594881057739,-0.39950576424598694  0.57445025444030762  0.58292269706726074 -0.41304141283035278,0.56368750333786011 0.56805860996246338 0.31947594881057739,-0.39950576424598694  0.57445025444030762  0.58292269706726074 -0.41304141283035278
1715863854.3827362,0.56774216890335083 0.44910892844200134 0.31884497404098511,-0.46785473823547363  0.52525746822357178  0.52512174844741821 -0.47902363538742065,0.56774216890335083 0.44910892844200134 0.31884497404098511,-0.46785473823547363  0.52525746822357178  0.52512174844741821 -0.47902363538742065
