RosTime,PositionForIiwa7,OrientationForIiwa7,PositionForIiwa14,OrientationForIiwa14
1715863866.7215326,0.57105875015258789 0.57317358255386353 0.31852370500564575, -0.3936370313167572  0.58294498920440674  0.58433628082275391 -0.40469264984130859,0.57105875015258789 0.57317358255386353 0.31852370500564575, -0.3936370313167572  0.58294498920440674  0.58433628082275391 -0.40469264984130859
1715863866.7715354,0.57068425416946411 0.54226839542388916  0.3184090256690979, -0.4189431369304657  0.56651079654693604  0.56549918651580811 -0.42867568135261536,0.57068425416946411 0.54226839542388916  0.3184090256690979, -0.4189431369304657  0.56651079654693604  0.56549918651580811 -0.42867568135261536
