RosTime,PositionForIiwa7,OrientationForIiwa7,PositionForIiwa14,OrientationForIiwa14
1715863185.8726842,0.56260901689529419  0.4238663911819458  0.3183215856552124,-0.47523471713066101  0.52201080322265625  0.52235686779022217 -0.47833037376403809,0.56260901689529419  0.4238663911819458  0.3183215856552124,-0.47523471713066101  0.52201080322265625  0.52235686779022217 -0.47833037376403809
