RosTime,PositionForIiwa7,OrientationForIiwa7,PositionForIiwa14,OrientationForIiwa14
1715864044.1921761,0.51095342636108398 0.55784779787063599 0.31885766983032227, 0.63106310367584229 -0.31559816002845764 -0.32003706693649292   0.6322447657585144,0.51095342636108398 0.55784779787063599 0.31885766983032227, 0.63106310367584229 -0.31559816002845764 -0.32003706693649292   0.6322447657585144
