RosTime,PositionForIiwa7,OrientationForIiwa7,PositionForIiwa14,OrientationForIiwa14
1715864070.1440377,0.57609415054321289 0.58045542240142822 0.31931212544441223,-0.48943999409675598  0.50442367792129517  0.51667904853820801 -0.48892536759376526,0.57609415054321289 0.58045542240142822 0.31931212544441223,-0.48943999409675598  0.50442367792129517  0.51667904853820801 -0.48892536759376526
1715864070.1541033,0.57709062099456787 0.57268810272216797 0.31924676895141602,-0.49134817719459534  0.50274878740310669  0.51477879285812378  -0.4907376766204834,0.57709062099456787 0.57268810272216797 0.31924676895141602,-0.49134817719459534  0.50274878740310669  0.51477879285812378  -0.4907376766204834
1715864070.2291038,0.58643126487731934 0.51585537195205688 0.31911253929138184,-0.49541109800338745  0.49991071224212646  0.50830423831939697 -0.49626997113227844,0.58643126487731934 0.51585537195205688 0.31911253929138184,-0.49541109800338745  0.49991071224212646  0.50830423831939697 -0.49626997113227844
