RosTime,PositionForIiwa7,OrientationForIiwa7,PositionForIiwa14,OrientationForIiwa14
1715863834.6419704,0.57427400350570679 0.43693143129348755 0.31887191534042358,-0.47297763824462891  0.52204388380050659  0.51966208219528198 -0.48343935608863831,0.57427400350570679 0.43693143129348755 0.31887191534042358,-0.47297763824462891  0.52204388380050659  0.51966208219528198 -0.48343935608863831
