RosTime,PositionForIiwa7,OrientationForIiwa7,PositionForIiwa14,OrientationForIiwa14
1715863883.3997426,0.55737721920013428 0.55865627527236938 0.31891858577728271,-0.34902572631835938   0.6118171215057373  0.61283272504806519 -0.35818561911582947,0.55737721920013428 0.55865627527236938 0.31891858577728271,-0.34902572631835938   0.6118171215057373  0.61283272504806519 -0.35818561911582947
1715863883.5497646,0.55177766084671021 0.45824992656707764  0.3185010552406311,-0.41444757580757141  0.57097095251083374  0.56808924674987793 -0.42367443442344666,0.55177766084671021 0.45824992656707764  0.3185010552406311,-0.41444757580757141  0.57097095251083374  0.56808924674987793 -0.42367443442344666
