RosTime,PositionForIiwa7,OrientationForIiwa7,PositionForIiwa14,OrientationForIiwa14
1715863144.926825,0.60739374160766602 0.36763140559196472 0.31902316212654114,-0.40199953317642212  0.57970976829528809  0.58272337913513184 -0.40344321727752686,0.60739374160766602 0.36763140559196472 0.31902316212654114,-0.40199953317642212  0.57970976829528809  0.58272337913513184 -0.40344321727752686
