RosTime,PositionForIiwa7,OrientationForIiwa7,PositionForIiwa14,OrientationForIiwa14
1715863749.4543996, 0.5441889762878418 0.47422894835472107 0.32088693976402283, 0.54904937744140625 -0.44192099571228027 -0.45151185989379883  0.54716324806213379, 0.5441889762878418 0.47422894835472107 0.32088693976402283, 0.54904937744140625 -0.44192099571228027 -0.45151185989379883  0.54716324806213379
1715863749.4644229,0.54543101787567139 0.46793708205223083 0.32080867886543274, 0.54634708166122437 -0.44557344913482666 -0.45418164134025574  0.54469090700149536,0.54543101787567139 0.46793708205223083 0.32080867886543274, 0.54634708166122437 -0.44557344913482666 -0.45418164134025574  0.54469090700149536
