RosTime,PositionForIiwa7,OrientationForIiwa7,PositionForIiwa14,OrientationForIiwa14
1715863841.3086014,0.55387139320373535 0.49950042366981506 0.31856843829154968, -0.4527021050453186  0.54086780548095703  0.53779339790344238 -0.46184533834457397,0.55387139320373535 0.49950042366981506 0.31856843829154968, -0.4527021050453186  0.54086780548095703  0.53779339790344238 -0.46184533834457397
