RosTime,PositionForIiwa7,OrientationForIiwa7,PositionForIiwa14,OrientationForIiwa14
1715864050.3523586,0.56299406290054321  0.5476067066192627  0.3213028609752655, 0.52346694469451904 -0.46480348706245422 -0.48695477843284607  0.52231705188751221,0.56299406290054321  0.5476067066192627  0.3213028609752655, 0.52346694469451904 -0.46480348706245422 -0.48695477843284607  0.52231705188751221
