RosTime,PositionForIiwa7,OrientationForIiwa7,PositionForIiwa14,OrientationForIiwa14
1715863128.4395709,0.58089214563369751 0.35828110575675964 0.31894963979721069,-0.46166479587554932  0.53308796882629395  0.53644996881484985 -0.46357768774032593,0.58089214563369751 0.35828110575675964 0.31894963979721069,-0.46166479587554932  0.53308796882629395  0.53644996881484985 -0.46357768774032593
