RosTime,PositionForIiwa7,OrientationForIiwa7,PositionForIiwa14,OrientationForIiwa14
1715863944.5663185,0.56053793430328369 0.48953321576118469 0.31872633099555969,-0.47267678380012512  0.52442926168441772  0.52115082740783691 -0.47953352332115173,0.56053793430328369 0.48953321576118469 0.31872633099555969,-0.47267678380012512  0.52442926168441772  0.52115082740783691 -0.47953352332115173
