RosTime,PositionForIiwa7,OrientationForIiwa7,PositionForIiwa14,OrientationForIiwa14
1715863158.6280446,0.56584346294403076 0.41280639171600342 0.32001191377639771,-0.32284307479858398  0.62256902456283569  0.63509005308151245 -0.32379120588302612,0.56584346294403076 0.41280639171600342 0.32001191377639771,-0.32284307479858398  0.62256902456283569  0.63509005308151245 -0.32379120588302612
