RosTime,PositionForIiwa7,OrientationForIiwa7,PositionForIiwa14,OrientationForIiwa14
1715863220.5842702,0.55447357892990112 0.48323798179626465 0.31865459680557251,-0.41872614622116089  0.56646078824996948  0.56892162561416626 -0.42440399527549744,0.55447357892990112 0.48323798179626465 0.31865459680557251,-0.41872614622116089  0.56646078824996948  0.56892162561416626 -0.42440399527549744
1715863220.7092724,0.57069242000579834 0.39982488751411438 0.31822454929351807,-0.47236466407775879  0.52383339405059814  0.52240198850631714 -0.47913083434104919,0.57069242000579834 0.39982488751411438 0.31822454929351807,-0.47236466407775879  0.52383339405059814  0.52240198850631714 -0.47913083434104919
1715863220.7842855,0.57952648401260376  0.3516065776348114 0.31862121820449829,-0.49197956919670105  0.50616258382797241  0.50310087203979492 -0.49864324927330017,0.57952648401260376  0.3516065776348114 0.31862121820449829,-0.49197956919670105  0.50616258382797241  0.50310087203979492 -0.49864324927330017
