RosTime,PositionForIiwa7,OrientationForIiwa7,PositionForIiwa14,OrientationForIiwa14
1715864076.7726288,0.57804232835769653 0.54989838600158691 0.31842333078384399,-0.46419760584831238  0.53041195869445801  0.53029060363769531 -0.47114288806915283,0.57804232835769653 0.54989838600158691 0.31842333078384399,-0.46419760584831238  0.53041195869445801  0.53029060363769531 -0.47114288806915283
