RosTime,PositionForIiwa7,OrientationForIiwa7,PositionForIiwa14,OrientationForIiwa14
1715863774.549294,0.58103030920028687 0.46320953965187073 0.31859278678894043,-0.45521122217178345  0.53704237937927246  0.53478437662124634 -0.46730491518974304,0.58103030920028687 0.46320953965187073 0.31859278678894043,-0.45521122217178345  0.53704237937927246  0.53478437662124634 -0.46730491518974304
