RosTime,PositionForIiwa7,OrientationForIiwa7,PositionForIiwa14,OrientationForIiwa14
1715863976.2409878,0.57587867975234985 0.54585033655166626 0.31836697459220886, -0.4041387140750885  0.57701164484024048  0.57699376344680786 -0.41328880190849304,0.57587867975234985 0.54585033655166626 0.31836697459220886, -0.4041387140750885  0.57701164484024048  0.57699376344680786 -0.41328880190849304
