RosTime,PositionForIiwa7,OrientationForIiwa7,PositionForIiwa14,OrientationForIiwa14
1715863179.51278,0.58050423860549927 0.41397777199745178 0.31850183010101318,-0.44394636154174805  0.54959124326705933  0.54827171564102173 -0.44750332832336426,0.58050423860549927 0.41397777199745178 0.31850183010101318,-0.44394636154174805  0.54959124326705933  0.54827171564102173 -0.44750332832336426
