RosTime,PositionForIiwa7,OrientationForIiwa7,PositionForIiwa14,OrientationForIiwa14
1715863064.8175452,0.57650083303451538  0.3182702362537384 0.31910219788551331,-0.48778828978538513  0.51041382551193237  0.50698357820510864 -0.49447751045227051,0.57650083303451538  0.3182702362537384 0.31910219788551331,-0.48778828978538513  0.51041382551193237  0.50698357820510864 -0.49447751045227051
