RosTime,PositionForIiwa7,OrientationForIiwa7,PositionForIiwa14,OrientationForIiwa14
1715863956.9072058,0.59539163112640381 0.41378942131996155 0.31955555081367493,-0.47206407785415649  0.52422517538070679  0.52877026796340942 -0.47195920348167419,0.59539163112640381 0.41378942131996155 0.31955555081367493,-0.47206407785415649  0.52422517538070679  0.52877026796340942 -0.47195920348167419
