RosTime,PositionForIiwa7,OrientationForIiwa7,PositionForIiwa14,OrientationForIiwa14
1715863873.1329772,0.56420034170150757 0.52678287029266357 0.32027912139892578,-0.47771337628364563  0.51463460922241211   0.5299420952796936 -0.47550240159034729,0.56420034170150757 0.52678287029266357 0.32027912139892578,-0.47771337628364563  0.51463460922241211   0.5299420952796936 -0.47550240159034729
1715863873.3580444,0.57097232341766357 0.37899643182754517    0.31953164935112,-0.47818323969841003  0.51733601093292236  0.52261871099472046 -0.48018115758895874,0.57097232341766357 0.37899643182754517    0.31953164935112,-0.47818323969841003  0.51733601093292236  0.52261871099472046 -0.48018115758895874
