RosTime,PositionForIiwa7,OrientationForIiwa7,PositionForIiwa14,OrientationForIiwa14
1715863860.1965921,0.57163560390472412 0.53320890665054321 0.31856197118759155,-0.46162873506546021  0.53078228235244751  0.53180277347564697 -0.47154518961906433,0.57163560390472412 0.53320890665054321 0.31856197118759155,-0.46162873506546021  0.53078228235244751  0.53180277347564697 -0.47154518961906433
1715863860.2465935,0.57332849502563477 0.49391293525695801 0.31845080852508545,-0.47389975190162659  0.52097177505493164  0.52008712291717529 -0.48323580622673035,0.57332849502563477 0.49391293525695801 0.31845080852508545,-0.47389975190162659  0.52097177505493164  0.52008712291717529 -0.48323580622673035
1715863860.3965909,0.58260983228683472 0.38099345564842224 0.31868767738342285, 0.49455881118774414 -0.50234007835388184 -0.49906876683235168  0.50398051738739014,0.58260983228683472 0.38099345564842224 0.31868767738342285, 0.49455881118774414 -0.50234007835388184 -0.49906876683235168  0.50398051738739014
