RosTime,PositionForIiwa7,OrientationForIiwa7,PositionForIiwa14,OrientationForIiwa14
1715863645.0601845,0.56471264362335205 0.47314563393592834 0.31856808066368103, -0.4198077917098999  0.56596100330352783  0.56491774320602417 -0.42932215332984924,0.56471264362335205 0.47314563393592834 0.31856808066368103, -0.4198077917098999  0.56596100330352783  0.56491774320602417 -0.42932215332984924
