RosTime,PositionForIiwa7,OrientationForIiwa7,PositionForIiwa14,OrientationForIiwa14
1715863133.4174082, 0.5866510272026062 0.42563959956169128 0.31890222430229187,-0.44029387831687927  0.55224651098251343  0.55140501260757446 -0.44397935271263123, 0.5866510272026062 0.42563959956169128 0.31890222430229187,-0.44029387831687927  0.55224651098251343  0.55140501260757446 -0.44397935271263123
