RosTime,PositionForIiwa7,OrientationForIiwa7,PositionForIiwa14,OrientationForIiwa14
1715864091.2882061,0.57486724853515625 0.66327512264251709 0.31771197915077209,-0.26635187864303589  0.65132898092269897  0.65793240070343018 -0.26823905110359192,0.57486724853515625 0.66327512264251709 0.31771197915077209,-0.26635187864303589  0.65132898092269897  0.65793240070343018 -0.26823905110359192
