RosTime,PositionForIiwa7,OrientationForIiwa7,PositionForIiwa14,OrientationForIiwa14
1715863687.819916,0.59026163816452026  0.3983478844165802 0.32001277804374695, 0.50224441289901733 -0.49441137909889221 -0.49858397245407104  0.50469988584518433,0.59026163816452026  0.3983478844165802 0.32001277804374695, 0.50224441289901733 -0.49441137909889221 -0.49858397245407104  0.50469988584518433
