RosTime,PositionForIiwa7,OrientationForIiwa7,PositionForIiwa14,OrientationForIiwa14
1715863814.0572264,  0.568045973777771 0.41222327947616577 0.31970608234405518,-0.44850826263427734  0.54032731056213379  0.55059492588043213 -0.45136678218841553,  0.568045973777771 0.41222327947616577 0.31970608234405518,-0.44850826263427734  0.54032731056213379  0.55059492588043213 -0.45136678218841553
