RosTime,PositionForIiwa7,OrientationForIiwa7,PositionForIiwa14,OrientationForIiwa14
1715863828.4674516,0.56306582689285278 0.45999079942703247 0.31880578398704529, 0.50964373350143433 -0.48847776651382446 -0.48625430464744568  0.51498490571975708,0.56306582689285278 0.45999079942703247 0.31880578398704529, 0.50964373350143433 -0.48847776651382446 -0.48625430464744568  0.51498490571975708
