RosTime,PositionForIiwa7,OrientationForIiwa7,PositionForIiwa14,OrientationForIiwa14
1714990782.925266,0.54254281520843506 0.83350145816802979 0.31787940859794617, 0.49242913722991943 -0.50645416975021362 -0.49949309229850769  0.50152206420898438,0.54254281520843506 0.83350145816802979 0.31787940859794617, 0.49242913722991943 -0.50645416975021362 -0.49949309229850769  0.50152206420898438
