RosTime,PositionForIiwa7,OrientationForIiwa7,PositionForIiwa14,OrientationForIiwa14
1714991817.728158,0.55606991052627563 0.60840296745300293 0.31883111596107483, 0.52843177318572998  -0.4709756076335907 -0.46790465712547302  0.52915692329406738,0.55606991052627563 0.60840296745300293 0.31883111596107483, 0.52843177318572998  -0.4709756076335907 -0.46790465712547302  0.52915692329406738
