RosTime,PositionForIiwa7,OrientationForIiwa7,PositionForIiwa14,OrientationForIiwa14
1714992498.66398,0.55874508619308472 0.65814459323883057 0.31842917203903198, 0.52260535955429077 -0.47746932506561279 -0.47467303276062012  0.52306044101715088,0.55874508619308472 0.65814459323883057 0.31842917203903198, 0.52260535955429077 -0.47746932506561279 -0.47467303276062012  0.52306044101715088
