RosTime,PositionForIiwa7,OrientationForIiwa7,PositionForIiwa14,OrientationForIiwa14
1714991493.2969189,0.57452023029327393 0.92224091291427612 0.31756088137626648, 0.49840527772903442 -0.50217723846435547 -0.49737820029258728  0.50202101469039917,0.57452023029327393 0.92224091291427612 0.31756088137626648, 0.49840527772903442 -0.50217723846435547 -0.49737820029258728  0.50202101469039917
