RosTime,PositionForIiwa7,OrientationForIiwa7,PositionForIiwa14,OrientationForIiwa14
1714992909.0242665,0.54936093091964722 0.79851579666137695 0.31680727005004883,-0.37575146555900574  0.60094118118286133  0.59425365924835205 -0.38018825650215149,0.54936093091964722 0.79851579666137695 0.31680727005004883,-0.37575146555900574  0.60094118118286133  0.59425365924835205 -0.38018825650215149
1714992909.0592606,0.54728752374649048  0.8227190375328064 0.31664112210273743,-0.40162956714630127  0.58354175090789795  0.57674068212509155 -0.40686962008476257,0.54728752374649048  0.8227190375328064 0.31664112210273743,-0.40162956714630127  0.58354175090789795  0.57674068212509155 -0.40686962008476257
1714992909.0920453,0.54618817567825317 0.84689146280288696 0.31662005186080933,-0.42784327268600464  0.56443768739700317  0.55772644281387329 -0.43278336524963379,0.54618817567825317 0.84689146280288696 0.31662005186080933,-0.42784327268600464  0.56443768739700317  0.55772644281387329 -0.43278336524963379
1714992909.1342182,0.54543620347976685  0.8781360387802124 0.31642597913742065,-0.46078282594680786  0.53726100921630859  0.53066432476043701 -0.46628874540328979,0.54543620347976685  0.8781360387802124 0.31642597913742065,-0.46078282594680786  0.53726100921630859  0.53066432476043701 -0.46628874540328979
