RosTime,PositionForIiwa7,OrientationForIiwa7,PositionForIiwa14,OrientationForIiwa14
1714993176.4640427,0.53824323415756226 0.75166213512420654 0.31795179843902588, 0.55610924959182739 -0.43801158666610718 -0.43663129210472107  0.55519497394561768,0.53824323415756226 0.75166213512420654 0.31795179843902588, 0.55610924959182739 -0.43801158666610718 -0.43663129210472107  0.55519497394561768
1714993176.4940178,0.54177612066268921 0.72914713621139526 0.31806519627571106, 0.55496203899383545 -0.44000652432441711  -0.4381677508354187  0.55355250835418701,0.54177612066268921 0.72914713621139526 0.31806519627571106, 0.55496203899383545 -0.44000652432441711  -0.4381677508354187  0.55355250835418701
