RosTime,PositionForIiwa7,OrientationForIiwa7,PositionForIiwa14,OrientationForIiwa14
1714990506.7918651, 0.5121803879737854 0.81886225938796997 0.31734225153923035, 0.49966910481452942 -0.49978706240653992 -0.49189931154251099  0.50850635766983032, 0.5121803879737854 0.81886225938796997 0.31734225153923035, 0.49966910481452942 -0.49978706240653992 -0.49189931154251099  0.50850635766983032
