RosTime,PositionForIiwa7,OrientationForIiwa7,PositionForIiwa14,OrientationForIiwa14
1714991319.9589355,0.51778179407119751 0.83614027500152588 0.31764039397239685,-0.48508137464523315  0.51372998952865601  0.50443768501281738 -0.49630656838417053,0.51778179407119751 0.83614027500152588 0.31764039397239685,-0.48508137464523315  0.51372998952865601  0.50443768501281738 -0.49630656838417053
