RosTime,PositionForIiwa7,OrientationForIiwa7,PositionForIiwa14,OrientationForIiwa14
1714991093.3400173,0.52297306060791016 0.75147604942321777 0.31833115220069885, 0.59198498725891113 -0.38758257031440735 -0.38393381237983704  0.59323549270629883,0.52297306060791016 0.75147604942321777 0.31833115220069885, 0.59198498725891113 -0.38758257031440735 -0.38393381237983704  0.59323549270629883
