RosTime,PositionForIiwa7,OrientationForIiwa7,PositionForIiwa14,OrientationForIiwa14
1714992477.3028133,0.53580021858215332 0.86463809013366699 0.31630024313926697,-0.35328191518783569  0.61381781101226807  0.60843902826309204 -0.35808035731315613,0.53580021858215332 0.86463809013366699 0.31630024313926697,-0.35328191518783569  0.61381781101226807  0.60843902826309204 -0.35808035731315613
