RosTime,PositionForIiwa7,OrientationForIiwa7,PositionForIiwa14,OrientationForIiwa14
1714992153.4532588,0.53223258256912231 0.61686396598815918 0.31889474391937256, 0.53371948003768921 -0.46707549691200256 -0.46329551935195923  0.53135794401168823,0.53223258256912231 0.61686396598815918 0.31889474391937256, 0.53371948003768921 -0.46707549691200256 -0.46329551935195923  0.53135794401168823
