RosTime,PositionForIiwa7,OrientationForIiwa7,PositionForIiwa14,OrientationForIiwa14
1714991559.9947515,0.57403272390365601 0.57772606611251831 0.31923490762710571, 0.56198972463607788 -0.43314647674560547 -0.42845422029495239  0.55944496393203735,0.57403272390365601 0.57772606611251831 0.31923490762710571, 0.56198972463607788 -0.43314647674560547 -0.42845422029495239  0.55944496393203735
