RosTime,PositionForIiwa7,OrientationForIiwa7,PositionForIiwa14,OrientationForIiwa14
1714993109.3622394,0.54688054323196411 0.83731603622436523 0.31649526953697205,-0.20686130225658417  0.67747384309768677  0.67324382066726685 -0.21208572387695312,0.54688054323196411 0.83731603622436523 0.31649526953697205,-0.20686130225658417  0.67747384309768677  0.67324382066726685 -0.21208572387695312
