RosTime,PositionForIiwa7,OrientationForIiwa7,PositionForIiwa14,OrientationForIiwa14
1714993114.0160418,0.53959083557128906 0.62776017189025879 0.31806221604347229, 0.51128464937210083 -0.48700916767120361  -0.4831562340259552   0.5176582932472229,0.53959083557128906 0.62776017189025879 0.31806221604347229, 0.51128464937210083 -0.48700916767120361  -0.4831562340259552   0.5176582932472229
1714993114.0660944, 0.5408669114112854 0.59751719236373901 0.31844902038574219, 0.50116258859634399  -0.4978143572807312 -0.49466785788536072  0.50628119707107544, 0.5408669114112854 0.59751719236373901 0.31844902038574219, 0.50116258859634399  -0.4978143572807312 -0.49466785788536072  0.50628119707107544
