RosTime,PositionForIiwa7,OrientationForIiwa7,PositionForIiwa14,OrientationForIiwa14
1714991066.5495815, 0.5264020562171936 0.67434418201446533 0.31790021061897278,  0.5411384105682373 -0.45433467626571655 -0.45529928803443909  0.54171186685562134, 0.5264020562171936 0.67434418201446533 0.31790021061897278,  0.5411384105682373 -0.45433467626571655 -0.45529928803443909  0.54171186685562134
1714991066.6245556, 0.5449526309967041 0.62864881753921509 0.31788894534111023, 0.53049033880233765 -0.46657612919807434  -0.4666803777217865  0.53206777572631836, 0.5449526309967041 0.62864881753921509 0.31788894534111023, 0.53049033880233765 -0.46657612919807434  -0.4666803777217865  0.53206777572631836
1714991066.6495605, 0.5506172776222229 0.61323481798171997 0.31793203949928284, 0.52684855461120605 -0.47040686011314392 -0.46975365281105042  0.52960318326950073, 0.5506172776222229 0.61323481798171997 0.31793203949928284, 0.52684855461120605 -0.47040686011314392 -0.46975365281105042  0.52960318326950073
