RosTime,PositionForIiwa7,OrientationForIiwa7,PositionForIiwa14,OrientationForIiwa14
1714991154.8929741,0.49868315458297729 0.69979143142700195 0.31836789846420288, 0.50339806079864502 -0.49371960759162903 -0.49762001633644104  0.50517886877059937,0.49868315458297729 0.69979143142700195 0.31836789846420288, 0.50339806079864502 -0.49371960759162903 -0.49762001633644104  0.50517886877059937
