RosTime,PositionForIiwa7,OrientationForIiwa7,PositionForIiwa14,OrientationForIiwa14
1714992710.568192,0.53495842218399048 0.83022868633270264  0.3168482780456543,-0.25006222724914551    0.662769615650177  0.65787380933761597 -0.25574854016304016,0.53495842218399048 0.83022868633270264  0.3168482780456543,-0.25006222724914551    0.662769615650177  0.65787380933761597 -0.25574854016304016
