RosTime,PositionForIiwa7,OrientationForIiwa7,PositionForIiwa14,OrientationForIiwa14
1714990435.8167722,0.51480978727340698 0.74334180355072021 0.31803858280181885, 0.54002422094345093 -0.45195502042770386 -0.44505473971366882  0.55320590734481812,0.51480978727340698 0.74334180355072021 0.31803858280181885, 0.54002422094345093 -0.45195502042770386 -0.44505473971366882  0.55320590734481812
