RosTime,PositionForIiwa7,OrientationForIiwa7,PositionForIiwa14,OrientationForIiwa14
1714991132.4517214,0.55588799715042114 0.61898285150527954 0.31861257553100586,-0.49715903401374817  0.50396376848220825  0.50025701522827148 -0.49859437346458435,0.55588799715042114 0.61898285150527954 0.31861257553100586,-0.49715903401374817  0.50396376848220825  0.50025701522827148 -0.49859437346458435
