RosTime,PositionForIiwa7,OrientationForIiwa7,PositionForIiwa14,OrientationForIiwa14
1714992176.6235418,0.47534468770027161 0.65541774034500122 0.31850847601890564, 0.50594645738601685 -0.49490338563919067 -0.49217358231544495  0.50680762529373169,0.47534468770027161 0.65541774034500122 0.31850847601890564, 0.50594645738601685 -0.49490338563919067 -0.49217358231544495  0.50680762529373169
