RosTime,PositionForIiwa7,OrientationForIiwa7,PositionForIiwa14,OrientationForIiwa14
1714990951.2374728,0.49983230233192444   0.837249755859375 0.31736761331558228,  0.5300605297088623 -0.46615999937057495 -0.45906943082809448  0.53943115472793579,0.49983230233192444   0.837249755859375 0.31736761331558228,  0.5300605297088623 -0.46615999937057495 -0.45906943082809448  0.53943115472793579
1714990951.2624741,0.49977970123291016 0.85361796617507935 0.31738662719726562, 0.52559459209442139 -0.47169908881187439 -0.46492499113082886  0.53394293785095215,0.49977970123291016 0.85361796617507935 0.31738662719726562, 0.52559459209442139 -0.47169908881187439 -0.46492499113082886  0.53394293785095215
1714990951.3124685,0.50078481435775757  0.8873286247253418 0.31738898158073425, 0.51563405990600586  -0.4828934371471405 -0.47635543346405029  0.52347010374069214,0.50078481435775757  0.8873286247253418 0.31738898158073425, 0.51563405990600586  -0.4828934371471405 -0.47635543346405029  0.52347010374069214
1714990951.3624468,0.50274109840393066 0.92110550403594971 0.31728148460388184, 0.50586503744125366  -0.4931308925151825 -0.48740670084953308   0.5131833553314209,0.50274109840393066 0.92110550403594971 0.31728148460388184, 0.50586503744125366  -0.4931308925151825 -0.48740670084953308   0.5131833553314209
