RosTime,PositionForIiwa7,OrientationForIiwa7,PositionForIiwa14,OrientationForIiwa14
1714990575.0803683,0.56723654270172119 0.51689743995666504 0.31840240955352783, 0.56999832391738892  -0.4176451563835144 -0.41437292098999023  0.57355862855911255,0.56723654270172119 0.51689743995666504 0.31840240955352783, 0.56999832391738892  -0.4176451563835144 -0.41437292098999023  0.57355862855911255
