RosTime,PositionForIiwa7,OrientationForIiwa7,PositionForIiwa14,OrientationForIiwa14
1714992456.9942772,0.54333943128585815 0.65538913011550903 0.31814077496528625, 0.51765215396881104 -0.48148530721664429 -0.48347800970077515  0.51619488000869751,0.54333943128585815 0.65538913011550903 0.31814077496528625, 0.51765215396881104 -0.48148530721664429 -0.48347800970077515  0.51619488000869751
