RosTime,PositionForIiwa7,OrientationForIiwa7,PositionForIiwa14,OrientationForIiwa14
1714990363.1693974,0.49786755442619324  0.7724916934967041 0.31821978092193604, 0.51988649368286133 -0.47864452004432678 -0.47379565238952637   0.5254855751991272,0.49786755442619324  0.7724916934967041 0.31821978092193604, 0.51988649368286133 -0.47864452004432678 -0.47379565238952637   0.5254855751991272
