RosTime,PositionForIiwa7,OrientationForIiwa7,PositionForIiwa14,OrientationForIiwa14
1714993094.526933,0.50210374593734741 0.65482151508331299 0.31889402866363525, 0.54774743318557739   -0.450357586145401 -0.44785362482070923  0.54458969831466675,0.50210374593734741 0.65482151508331299 0.31889402866363525, 0.54774743318557739   -0.450357586145401 -0.44785362482070923  0.54458969831466675
