RosTime,PositionForIiwa7,OrientationForIiwa7,PositionForIiwa14,OrientationForIiwa14
1714990752.0663109,0.52281248569488525 0.83709871768951416 0.31727790832519531,-0.47210288047790527  0.52558040618896484  0.51774030923843384 -0.48252367973327637,0.52281248569488525 0.83709871768951416 0.31727790832519531,-0.47210288047790527  0.52558040618896484  0.51774030923843384 -0.48252367973327637
