RosTime,PositionForIiwa7,OrientationForIiwa7,PositionForIiwa14,OrientationForIiwa14
1714992595.0842924,0.54634302854537964 0.87161397933959961 0.31634935736656189,-0.43042764067649841  0.56189936399459839  0.55546653270721436 -0.43641507625579834,0.54634302854537964 0.87161397933959961 0.31634935736656189,-0.43042764067649841  0.56189936399459839  0.55546653270721436 -0.43641507625579834
