RosTime,PositionForIiwa7,OrientationForIiwa7,PositionForIiwa14,OrientationForIiwa14
1714990463.2763515,0.51895463466644287  0.7516816258430481 0.31870457530021667, 0.50616437196731567 -0.49315065145492554 -0.48767033219337463  0.51261848211288452,0.51895463466644287  0.7516816258430481 0.31870457530021667, 0.50616437196731567 -0.49315065145492554 -0.48767033219337463  0.51261848211288452
1714990463.3763676,0.52493256330490112 0.82780808210372925 0.31791707873344421, 0.50393980741500854  -0.4959946870803833 -0.49140694737434387  0.50848120450973511,0.52493256330490112 0.82780808210372925 0.31791707873344421, 0.50393980741500854  -0.4959946870803833 -0.49140694737434387  0.50848120450973511
1714990463.4013257,0.52565592527389526 0.84628522396087646 0.31783649325370789, 0.50276893377304077 -0.49731817841529846 -0.49264040589332581  0.50715231895446777,0.52565592527389526 0.84628522396087646 0.31783649325370789, 0.50276893377304077 -0.49731817841529846 -0.49264040589332581  0.50715231895446777
1714990463.4513667,0.52583378553390503 0.88118338584899902 0.31773000955581665, 0.50025653839111328 -0.49942421913146973 -0.49452462792396545  0.50573140382766724,0.52583378553390503 0.88118338584899902 0.31773000955581665, 0.50025653839111328 -0.49942421913146973 -0.49452462792396545  0.50573140382766724
1714990463.501343,0.52443975210189819 0.91294699907302856 0.31794419884681702, 0.50035673379898071 -0.49991509318351746 -0.49511167407035828  0.50457155704498291,0.52443975210189819 0.91294699907302856 0.31794419884681702, 0.50035673379898071 -0.49991509318351746 -0.49511167407035828  0.50457155704498291
