RosTime,PositionForIiwa7,OrientationForIiwa7,PositionForIiwa14,OrientationForIiwa14
1714992042.2918491,0.51090633869171143 0.75737190246582031 0.31828683614730835, 0.53130841255187988 -0.46950191259384155 -0.46596616506576538  0.52929651737213135,0.51090633869171143 0.75737190246582031 0.31828683614730835, 0.53130841255187988 -0.46950191259384155 -0.46596616506576538  0.52929651737213135
