RosTime,PositionForIiwa7,OrientationForIiwa7,PositionForIiwa14,OrientationForIiwa14
1714992932.5942087,0.49292784929275513 0.60617631673812866 0.31815579533576965,-0.46305868029594421  0.53453284502029419   0.5315556526184082 -0.46615439653396606,0.49292784929275513 0.60617631673812866 0.31815579533576965,-0.46305868029594421  0.53453284502029419   0.5315556526184082 -0.46615439653396606
