RosTime,PositionForIiwa7,OrientationForIiwa7,PositionForIiwa14,OrientationForIiwa14
1714992558.9815736,0.56412667036056519  0.8875388503074646 0.31655517220497131,-0.43143334984779358  0.56187224388122559  0.55377042293548584 -0.43761071562767029,0.56412667036056519  0.8875388503074646 0.31655517220497131,-0.43143334984779358  0.56187224388122559  0.55377042293548584 -0.43761071562767029
