RosTime,PositionForIiwa7,OrientationForIiwa7,PositionForIiwa14,OrientationForIiwa14
1714990371.7363386,0.51113760471343994 0.73348307609558105 0.31876558065414429, 0.53438657522201538 -0.46043685078620911 -0.45653346180915833  0.54222327470779419,0.51113760471343994 0.73348307609558105 0.31876558065414429, 0.53438657522201538 -0.46043685078620911 -0.45653346180915833  0.54222327470779419
