RosTime,PositionForIiwa7,OrientationForIiwa7,PositionForIiwa14,OrientationForIiwa14
1714992896.0748684,0.52640438079833984 0.60240739583969116  0.3184262216091156, 0.49831217527389526 -0.50137120485305786 -0.49792200326919556   0.5023798942565918,0.52640438079833984 0.60240739583969116  0.3184262216091156, 0.49831217527389526 -0.50137120485305786 -0.49792200326919556   0.5023798942565918
