RosTime,PositionForIiwa7,OrientationForIiwa7,PositionForIiwa14,OrientationForIiwa14
1714991737.6449158,0.57778209447860718  0.6650046706199646 0.31851464509963989, 0.55350470542907715 -0.44086629152297974  -0.4376569390296936  0.55473041534423828,0.57778209447860718  0.6650046706199646 0.31851464509963989, 0.55350470542907715 -0.44086629152297974  -0.4376569390296936  0.55473041534423828
