RosTime,PositionForIiwa7,OrientationForIiwa7,PositionForIiwa14,OrientationForIiwa14
1714992608.8779948,0.54781574010848999 0.50899314880371094 0.31865891814231873, 0.50519281625747681 -0.49367991089820862 -0.48984271287918091  0.51099365949630737,0.54781574010848999 0.50899314880371094 0.31865891814231873, 0.50519281625747681 -0.49367991089820862 -0.48984271287918091  0.51099365949630737
