RosTime,PositionForIiwa7,OrientationForIiwa7,PositionForIiwa14,OrientationForIiwa14
1714991546.2837617,0.52736175060272217 0.81799721717834473 0.31666910648345947,-0.45469772815704346  0.54193490743637085  0.53253239393234253 -0.46472123265266418,0.52736175060272217 0.81799721717834473 0.31666910648345947,-0.45469772815704346  0.54193490743637085  0.53253239393234253 -0.46472123265266418
