RosTime,PositionForIiwa7,OrientationForIiwa7,PositionForIiwa14,OrientationForIiwa14
1714992567.9559617,0.54941976070404053 0.90122038125991821 0.31638428568840027,  0.5031667947769165 -0.49537009000778198 -0.48843371868133545  0.51270276308059692,0.54941976070404053 0.90122038125991821 0.31638428568840027,  0.5031667947769165 -0.49537009000778198 -0.48843371868133545  0.51270276308059692
1714992568.030962,0.54944002628326416 0.96231192350387573 0.31594434380531311, 0.50575381517410278 -0.49321895837783813 -0.48604443669319153  0.51449877023696899,0.54944002628326416 0.96231192350387573 0.31594434380531311, 0.50575381517410278 -0.49321895837783813 -0.48604443669319153  0.51449877023696899
1714992568.0809619,0.54844069480895996 0.99886798858642578 0.31578260660171509, 0.50677663087844849  -0.4919278621673584 -0.48556366562843323  0.51518183946609497,0.54844069480895996 0.99886798858642578 0.31578260660171509, 0.50677663087844849  -0.4919278621673584 -0.48556366562843323  0.51518183946609497
