RosTime,PositionForIiwa7,OrientationForIiwa7,PositionForIiwa14,OrientationForIiwa14
1714991034.3416526,0.52234452962875366 0.70734262466430664 0.31886386871337891, 0.58778178691864014 -0.39614546298980713 -0.39551481604576111  0.58407998085021973,0.52234452962875366 0.70734262466430664 0.31886386871337891, 0.58778178691864014 -0.39614546298980713 -0.39551481604576111  0.58407998085021973
