RosTime,PositionForIiwa7,OrientationForIiwa7,PositionForIiwa14,OrientationForIiwa14
1714992122.7449203,0.50191378593444824  0.7298620343208313 0.31819674372673035, 0.56050056219100952 -0.43065771460533142 -0.42633721232414246  0.56445521116256714,0.50191378593444824  0.7298620343208313 0.31819674372673035, 0.56050056219100952 -0.43065771460533142 -0.42633721232414246  0.56445521116256714
