RosTime,PositionForIiwa7,OrientationForIiwa7,PositionForIiwa14,OrientationForIiwa14
1714991716.0136137,0.52817308902740479 0.85769599676132202 0.31682965159416199, 0.49946942925453186 -0.49933800101280212 -0.49146923422813416  0.50955849885940552,0.52817308902740479 0.85769599676132202 0.31682965159416199, 0.49946942925453186 -0.49933800101280212 -0.49146923422813416  0.50955849885940552
