RosTime,PositionForIiwa7,OrientationForIiwa7,PositionForIiwa14,OrientationForIiwa14
1714990557.9030831,0.54299646615982056 0.63666093349456787 0.31827569007873535, 0.51894676685333252 -0.47997182607650757 -0.47621628642082214  0.52300989627838135,0.54299646615982056 0.63666093349456787 0.31827569007873535, 0.51894676685333252 -0.47997182607650757 -0.47621628642082214  0.52300989627838135
