RosTime,PositionForIiwa7,OrientationForIiwa7,PositionForIiwa14,OrientationForIiwa14
1714992447.1767154,0.51034396886825562 0.68388819694519043 0.31749692559242249,-0.48994544148445129  0.50823044776916504   0.5105360746383667 -0.49092584848403931,0.51034396886825562 0.68388819694519043 0.31749692559242249,-0.48994544148445129  0.50823044776916504   0.5105360746383667 -0.49092584848403931
1714992447.1917109,0.51388943195343018  0.6717182993888855 0.31753882765769958,-0.48446109890937805  0.51389628648757935   0.5153883695602417 -0.48536881804466248,0.51388943195343018  0.6717182993888855 0.31753882765769958,-0.48446109890937805  0.51389628648757935   0.5153883695602417 -0.48536881804466248
1714992447.1967173,0.51532083749771118 0.66691267490386963 0.31760326027870178,-0.48231583833694458   0.5159870982170105  0.51711750030517578 -0.48344409465789795,0.51532083749771118 0.66691267490386963 0.31760326027870178,-0.48231583833694458   0.5159870982170105  0.51711750030517578 -0.48344409465789795
1714992447.2067101,0.51752638816833496 0.65960550308227539 0.31756126880645752,-0.47917705774307251  0.51862114667892456  0.51996505260467529 -0.48068466782569885,0.51752638816833496 0.65960550308227539 0.31756126880645752,-0.47917705774307251  0.51862114667892456  0.51996505260467529 -0.48068466782569885
1714992447.2166884,0.52083843946456909  0.6494978666305542 0.31753665208816528,-0.47543269395828247  0.52213168144226074  0.52364498376846313 -0.47659015655517578,0.52083843946456909  0.6494978666305542 0.31753665208816528,-0.47543269395828247  0.52213168144226074  0.52364498376846313 -0.47659015655517578
1714992447.2366877,0.52525264024734497 0.63294589519500732 0.31753337383270264,-0.47019577026367188  0.52747482061386108  0.52754616737365723 -0.47157320380210876,0.52525264024734497 0.63294589519500732 0.31753337383270264,-0.47019577026367188  0.52747482061386108  0.52754616737365723 -0.47157320380210876
1714992447.2466862,0.52783799171447754 0.62336969375610352 0.31758111715316772,-0.46804580092430115  0.52945971488952637  0.52953070402145386 -0.46925771236419678,0.52783799171447754 0.62336969375610352 0.31758111715316772,-0.46804580092430115  0.52945971488952637  0.52953070402145386 -0.46925771236419678
