RosTime,PositionForIiwa7,OrientationForIiwa7,PositionForIiwa14,OrientationForIiwa14
1714992763.9909971,0.54543918371200562 0.83066189289093018 0.31683340668678284,-0.43901482224464417  0.55531167984008789   0.5488746166229248   -0.444557785987854,0.54543918371200562 0.83066189289093018 0.31683340668678284,-0.43901482224464417  0.55531167984008789   0.5488746166229248   -0.444557785987854
