RosTime,PositionForIiwa7,OrientationForIiwa7,PositionForIiwa14,OrientationForIiwa14
1714991089.4948673,0.54771190881729126 0.93558543920516968 0.31654104590415955, 0.50893855094909668 -0.49037721753120422 -0.48361566662788391  0.51635998487472534,0.54771190881729126 0.93558543920516968 0.31654104590415955, 0.50893855094909668 -0.49037721753120422 -0.48361566662788391  0.51635998487472534
