RosTime,PositionForIiwa7,OrientationForIiwa7,PositionForIiwa14,OrientationForIiwa14
1714990871.4723217,0.53690409660339355 0.70938092470169067 0.31823873519897461, 0.55066424608230591 -0.44463181495666504 -0.44193547964096069  0.55114829540252686,0.53690409660339355 0.70938092470169067 0.31823873519897461, 0.55066424608230591 -0.44463181495666504 -0.44193547964096069  0.55114829540252686
