RosTime,PositionForIiwa7,OrientationForIiwa7,PositionForIiwa14,OrientationForIiwa14
1714992008.8202446,0.53976708650588989 0.93728876113891602 0.31657460331916809,-0.46359449625015259  0.53389334678649902  0.52651828527450562 -0.47203445434570312,0.53976708650588989 0.93728876113891602 0.31657460331916809,-0.46359449625015259  0.53389334678649902  0.52651828527450562 -0.47203445434570312
