RosTime,PositionForIiwa7,OrientationForIiwa7,PositionForIiwa14,OrientationForIiwa14
1714993133.3632181,0.51081335544586182 0.62395036220550537 0.31794852018356323, 0.49619707465171814 -0.50224041938781738 -0.49925395846366882  0.50228333473205566,0.51081335544586182 0.62395036220550537 0.31794852018356323, 0.49619707465171814 -0.50224041938781738 -0.49925395846366882  0.50228333473205566
1714993133.3882205,0.51837968826293945 0.60832273960113525 0.31798180937767029,  0.4977077841758728   -0.501181960105896 -0.49776199460029602  0.50332558155059814,0.51837968826293945 0.60832273960113525 0.31798180937767029,  0.4977077841758728   -0.501181960105896 -0.49776199460029602  0.50332558155059814
