RosTime,PositionForIiwa7,OrientationForIiwa7,PositionForIiwa14,OrientationForIiwa14
1714991001.1157982,0.51549941301345825 0.91049391031265259  0.3167722225189209,-0.48223292827606201  0.51678681373596191  0.51022851467132568 -0.48994863033294678,0.51549941301345825 0.91049391031265259  0.3167722225189209,-0.48223292827606201  0.51678681373596191  0.51022851467132568 -0.48994863033294678
