RosTime,PositionForIiwa7,OrientationForIiwa7,PositionForIiwa14,OrientationForIiwa14
1714991768.3894897,0.54004555940628052 0.85024988651275635 0.31754317879676819, 0.49741140007972717 -0.50261390209197998  -0.4910929799079895  0.50871288776397705,0.54004555940628052 0.85024988651275635 0.31754317879676819, 0.49741140007972717 -0.50261390209197998  -0.4910929799079895  0.50871288776397705
