RosTime,PositionForIiwa7,OrientationForIiwa7,PositionForIiwa14,OrientationForIiwa14
1714990380.7386544, 0.5249629020690918 0.73985385894775391  0.3175303041934967,-0.45022839307785034  0.54475647211074829  0.53813916444778442 -0.45928320288658142, 0.5249629020690918 0.73985385894775391  0.3175303041934967,-0.45022839307785034  0.54475647211074829  0.53813916444778442 -0.45928320288658142
1714990380.8886082,0.52714234590530396 0.85581189393997192  0.3174874484539032,-0.45605114102363586  0.54022228717803955  0.53398638963699341 -0.46371951699256897,0.52714234590530396 0.85581189393997192  0.3174874484539032,-0.45605114102363586  0.54022228717803955  0.53398638963699341 -0.46371951699256897
