RosTime,PositionForIiwa7,OrientationForIiwa7,PositionForIiwa14,OrientationForIiwa14
1715862479.3802934,0.57164651155471802 0.46716073155403137 0.31801041960716248,-0.40068435668945312  0.58099615573883057  0.58054441213607788 -0.40603405237197876,0.57164651155471802 0.46716073155403137 0.31801041960716248,-0.40068435668945312  0.58099615573883057  0.58054441213607788 -0.40603405237197876
1715862479.3953106, 0.5745430588722229 0.45616105198860168 0.31812989711761475, -0.4092755913734436  0.57528102397918701  0.57456004619598389 -0.41403621435165405, 0.5745430588722229 0.45616105198860168 0.31812989711761475, -0.4092755913734436  0.57528102397918701  0.57456004619598389 -0.41403621435165405
1715862479.4452834,0.58641290664672852 0.41775926947593689 0.31843000650405884,-0.43426108360290527  0.55716478824615479  0.55588167905807495 -0.43815553188323975,0.58641290664672852 0.41775926947593689 0.31843000650405884,-0.43426108360290527  0.55716478824615479  0.55588167905807495 -0.43815553188323975
