RosTime,PositionForIiwa7,OrientationForIiwa7,PositionForIiwa14,OrientationForIiwa14
1715861955.9482613, 0.5713457465171814 0.55037599802017212 0.31854242086410522,-0.32012063264846802  0.62996953725814819  0.62854909896850586 -0.32494193315505981, 0.5713457465171814 0.55037599802017212 0.31854242086410522,-0.32012063264846802  0.62996953725814819  0.62854909896850586 -0.32494193315505981
