RosTime,PositionForIiwa7,OrientationForIiwa7,PositionForIiwa14,OrientationForIiwa14
1715861870.8352804,0.61486959457397461 0.40350961685180664 0.31921005249023438,-0.44926103949546814  0.54554516077041626  0.54207122325897217 -0.45464688539505005,0.61486959457397461 0.40350961685180664 0.31921005249023438,-0.44926103949546814  0.54554516077041626  0.54207122325897217 -0.45464688539505005
