RosTime,PositionForIiwa7,OrientationForIiwa7,PositionForIiwa14,OrientationForIiwa14
1715862061.3235097,0.56107062101364136 0.44183468818664551 0.31836840510368347,-0.46860688924789429  0.52868527173995972  0.52760803699493408 -0.47173008322715759,0.56107062101364136 0.44183468818664551 0.31836840510368347,-0.46860688924789429  0.52868527173995972  0.52760803699493408 -0.47173008322715759
1715862061.343509,0.56046968698501587 0.42624002695083618 0.31847670674324036,-0.48012328147888184  0.51860928535461426  0.51696318387985229 -0.48298558592796326,0.56046968698501587 0.42624002695083618 0.31847670674324036,-0.48012328147888184  0.51860928535461426  0.51696318387985229 -0.48298558592796326
