RosTime,PositionForIiwa7,OrientationForIiwa7,PositionForIiwa14,OrientationForIiwa14
1715862209.5979276,0.54068630933761597  0.5166051983833313 0.31943124532699585,-0.43371596932411194  0.55354535579681396  0.56236463785171509 -0.43499892950057983,0.54068630933761597  0.5166051983833313 0.31943124532699585,-0.43371596932411194  0.55354535579681396  0.56236463785171509 -0.43499892950057983
