RosTime,PositionForIiwa7,OrientationForIiwa7,PositionForIiwa14,OrientationForIiwa14
1715862067.6662188,0.58027791976928711 0.50927996635437012  0.3181418776512146,-0.40136107802391052  0.58105945587158203  0.58101457357406616 -0.40460002422332764,0.58027791976928711 0.50927996635437012  0.3181418776512146,-0.40136107802391052  0.58105945587158203  0.58101457357406616 -0.40460002422332764
