RosTime,PositionForIiwa7,OrientationForIiwa7,PositionForIiwa14,OrientationForIiwa14
1715862055.8391333,0.54784423112869263 0.38643568754196167 0.31867605447769165,-0.42873921990394592  0.56012696027755737  0.56056720018386841 -0.43382588028907776,0.54784423112869263 0.38643568754196167 0.31867605447769165,-0.42873921990394592  0.56012696027755737  0.56056720018386841 -0.43382588028907776
