RosTime,PositionForIiwa7,OrientationForIiwa7,PositionForIiwa14,OrientationForIiwa14
1715862453.5590158,0.58745485544204712 0.42526078224182129  0.3181135356426239,-0.43849775195121765  0.55306077003479004  0.55143409967422485 -0.44470661878585815,0.58745485544204712 0.42526078224182129  0.3181135356426239,-0.43849775195121765  0.55306077003479004  0.55143409967422485 -0.44470661878585815
