RosTime,PositionForIiwa7,OrientationForIiwa7,PositionForIiwa14,OrientationForIiwa14
1715862817.1572967,0.56171184778213501  0.3762812614440918 0.31910359859466553,-0.48297899961471558  0.51700776815414429   0.5137220025062561 -0.48530808091163635,0.56171184778213501  0.3762812614440918 0.31910359859466553,-0.48297899961471558  0.51700776815414429   0.5137220025062561 -0.48530808091163635
