RosTime,PositionForIiwa7,OrientationForIiwa7,PositionForIiwa14,OrientationForIiwa14
1715862353.6596398,0.52159208059310913  0.5064617395401001 0.31839421391487122,-0.45508471131324768  0.54028427600860596  0.53752404451370239 -0.46049836277961731,0.52159208059310913  0.5064617395401001 0.31839421391487122,-0.45508471131324768  0.54028427600860596  0.53752404451370239 -0.46049836277961731
