RosTime,PositionForIiwa7,OrientationForIiwa7,PositionForIiwa14,OrientationForIiwa14
1715862195.5999186,0.53613430261611938 0.43494001030921936 0.31884321570396423, -0.4711320698261261  0.52580958604812622  0.52299141883850098 -0.47753417491912842,0.53613430261611938 0.43494001030921936 0.31884321570396423, -0.4711320698261261  0.52580958604812622  0.52299141883850098 -0.47753417491912842
