RosTime,PositionForIiwa7,OrientationForIiwa7,PositionForIiwa14,OrientationForIiwa14
1715862507.2585778,0.56720459461212158 0.40602874755859375 0.31795647740364075,-0.43555271625518799  0.55503106117248535  0.55313009023666382 -0.44303661584854126,0.56720459461212158 0.40602874755859375 0.31795647740364075,-0.43555271625518799  0.55503106117248535  0.55313009023666382 -0.44303661584854126
