RosTime,PositionForIiwa7,OrientationForIiwa7,PositionForIiwa14,OrientationForIiwa14
1715861836.3116789,0.54327505826950073  0.5906376838684082 0.31800919771194458,-0.28235962986946106  0.64249712228775024   0.6517866849899292 -0.28747963905334473,0.54327505826950073  0.5906376838684082 0.31800919771194458,-0.28235962986946106  0.64249712228775024   0.6517866849899292 -0.28747963905334473
