RosTime,PositionForIiwa7,OrientationForIiwa7,PositionForIiwa14,OrientationForIiwa14
1715862377.0422626,0.56082969903945923 0.51047855615615845 0.32030513882637024,-0.23425155878067017  0.65367162227630615  0.67730671167373657 -0.24309509992599487,0.56082969903945923 0.51047855615615845 0.32030513882637024,-0.23425155878067017  0.65367162227630615  0.67730671167373657 -0.24309509992599487
1715862377.1922348,0.56176930665969849 0.39416894316673279 0.31867194175720215,-0.36041629314422607  0.60659533739089966  0.60719650983810425 -0.36531433463096619,0.56176930665969849 0.39416894316673279 0.31867194175720215,-0.36041629314422607  0.60659533739089966  0.60719650983810425 -0.36531433463096619
