RosTime,PositionForIiwa7,OrientationForIiwa7,PositionForIiwa14,OrientationForIiwa14
1715861972.9559004,0.56641286611557007 0.44772514700889587  0.3193279504776001,-0.44469320774078369  0.55102092027664185   0.5461890697479248  -0.4475504457950592,0.56641286611557007 0.44772514700889587  0.3193279504776001,-0.44469320774078369  0.55102092027664185   0.5461890697479248  -0.4475504457950592
