RosTime,PositionForIiwa7,OrientationForIiwa7,PositionForIiwa14,OrientationForIiwa14
1715862223.4959328, 0.5419272780418396 0.45947444438934326 0.31863617897033691,-0.46402761340141296  0.53363132476806641  0.53030645847320557 -0.46764415502548218, 0.5419272780418396 0.45947444438934326 0.31863617897033691,-0.46402761340141296  0.53363132476806641  0.53030645847320557 -0.46764415502548218
