RosTime,PositionForIiwa7,OrientationForIiwa7,PositionForIiwa14,OrientationForIiwa14
1715862229.0180864,0.53843593597412109 0.50421494245529175  0.3181501030921936,-0.4491783082485199 0.54507064819335938 0.54297244548797607  -0.454222172498703,0.53843593597412109 0.50421494245529175  0.3181501030921936,-0.4491783082485199 0.54507064819335938 0.54297244548797607  -0.454222172498703
1715862229.0431061,0.54000186920166016    0.48637655377388 0.31826332211494446,-0.45684918761253357  0.53850871324539185  0.53638404607772827 -0.46215724945068359,0.54000186920166016    0.48637655377388 0.31826332211494446,-0.45684918761253357  0.53850871324539185  0.53638404607772827 -0.46215724945068359
1715862229.0680437, 0.5423133373260498 0.46798938512802124 0.31829601526260376,-0.46196514368057251  0.53448706865310669  0.53157466650009155 -0.46726876497268677, 0.5423133373260498 0.46798938512802124 0.31829601526260376,-0.46196514368057251  0.53448706865310669  0.53157466650009155 -0.46726876497268677
1715862229.0930815,0.54406535625457764 0.45101553201675415 0.31815540790557861,-0.46580180525779724  0.53034079074859619  0.52861469984054565 -0.47152280807495117,0.54406535625457764 0.45101553201675415 0.31815540790557861,-0.46580180525779724  0.53034079074859619  0.52861469984054565 -0.47152280807495117
