RosTime,PositionForIiwa7,OrientationForIiwa7,PositionForIiwa14,OrientationForIiwa14
1715862049.5521452,0.56842178106307983 0.46304371953010559 0.31873860955238342,-0.31838268041610718  0.62886929512023926  0.63268160820007324 -0.32073336839675903,0.56842178106307983 0.46304371953010559 0.31873860955238342,-0.31838268041610718  0.62886929512023926  0.63268160820007324 -0.32073336839675903
