RosTime,PositionForIiwa7,OrientationForIiwa7,PositionForIiwa14,OrientationForIiwa14
1715861935.1463308,0.52580040693283081 0.50127750635147095 0.31852096319198608,-0.41860303282737732  0.56821060180664062  0.56627523899078369 -0.42572355270385742,0.52580040693283081 0.50127750635147095 0.31852096319198608,-0.41860303282737732  0.56821060180664062  0.56627523899078369 -0.42572355270385742
