RosTime,PositionForIiwa7,OrientationForIiwa7,PositionForIiwa14,OrientationForIiwa14
1715862234.9640539, 0.5278165340423584 0.56492054462432861 0.31816163659095764,-0.47439602017402649  0.52276521921157837  0.52042931318283081 -0.48043549060821533, 0.5278165340423584 0.56492054462432861 0.31816163659095764,-0.47439602017402649  0.52276521921157837  0.52042931318283081 -0.48043549060821533
