RosTime,PositionForIiwa7,OrientationForIiwa7,PositionForIiwa14,OrientationForIiwa14
1715861910.1380868,0.55434644222259521 0.43697944283485413 0.31830963492393494,-0.47266733646392822  0.52277034521102905  0.52539807558059692 -0.47671124339103699,0.55434644222259521 0.43697944283485413 0.31830963492393494,-0.47266733646392822  0.52277034521102905  0.52539807558059692 -0.47671124339103699
1715861910.1480763,0.55468171834945679 0.43073412775993347 0.31834578514099121,-0.47492387890815735  0.52069878578186035  0.52324271202087402 -0.47910034656524658,0.55468171834945679 0.43073412775993347 0.31834578514099121,-0.47492387890815735  0.52069878578186035  0.52324271202087402 -0.47910034656524658
