RosTime,PositionForIiwa7,OrientationForIiwa7,PositionForIiwa14,OrientationForIiwa14
1715862569.0270898,0.55711352825164795  0.4478641152381897 0.31805506348609924,-0.43449687957763672  0.55661499500274658  0.55583906173706055 -0.43867430090904236,0.55711352825164795  0.4478641152381897 0.31805506348609924,-0.43449687957763672  0.55661499500274658  0.55583906173706055 -0.43867430090904236
1715862569.0620651,0.55875289440155029 0.42106354236602783 0.31814613938331604,-0.45456096529960632  0.54039061069488525  0.53852730989456177 -0.45971807837486267,0.55875289440155029 0.42106354236602783 0.31814613938331604,-0.45456096529960632  0.54039061069488525  0.53852730989456177 -0.45971807837486267
