RosTime,PositionForIiwa7,OrientationForIiwa7,PositionForIiwa14,OrientationForIiwa14
1715862014.897507,0.52088910341262817 0.50466936826705933  0.3189719021320343,-0.46261987090110779  0.52954095602035522  0.53661751747131348 -0.46648779511451721,0.52088910341262817 0.50466936826705933  0.3189719021320343,-0.46261987090110779  0.52954095602035522  0.53661751747131348 -0.46648779511451721
