RosTime,PositionForIiwa7,OrientationForIiwa7,PositionForIiwa14,OrientationForIiwa14
1715861997.7457311,0.55667144060134888 0.42807736992835999 0.31861665844917297,-0.48671832680702209  0.51171296834945679  0.51027500629425049 -0.49078971147537231,0.55667144060134888 0.42807736992835999 0.31861665844917297,-0.48671832680702209  0.51171296834945679  0.51027500629425049 -0.49078971147537231
