RosTime,PositionForIiwa7,OrientationForIiwa7,PositionForIiwa14,OrientationForIiwa14
1715862400.2933757,0.56103187799453735 0.42586112022399902  0.3193192183971405,-0.45625892281532288  0.53927314281463623  0.53780663013458252 -0.46019163727760315,0.56103187799453735 0.42586112022399902  0.3193192183971405,-0.45625892281532288  0.53927314281463623  0.53780663013458252 -0.46019163727760315
