RosTime,PositionForIiwa7,OrientationForIiwa7,PositionForIiwa14,OrientationForIiwa14
1715861864.8995123,0.53004801273345947 0.42922738194465637 0.31865587830543518, -0.4746055006980896  0.52329456806182861  0.51963037252426147 -0.48051705956459045,0.53004801273345947 0.42922738194465637 0.31865587830543518, -0.4746055006980896  0.52329456806182861  0.51963037252426147 -0.48051705956459045
