RosTime,PositionForIiwa7,OrientationForIiwa7,PositionForIiwa14,OrientationForIiwa14
1715862043.7602067,0.54621702432632446 0.49118134379386902  0.3187251091003418,-0.36987161636352539  0.59913253784179688  0.60592037439346313 -0.37026438117027283,0.54621702432632446 0.49118134379386902  0.3187251091003418,-0.36987161636352539  0.59913253784179688  0.60592037439346313 -0.37026438117027283
