RosTime,PositionForIiwa7,OrientationForIiwa7,PositionForIiwa14,OrientationForIiwa14
1715862291.3614957,0.55325126647949219 0.48076912760734558 0.31795918941497803,-0.37321159243583679  0.59696078300476074  0.59918069839477539 -0.38122615218162537,0.55325126647949219 0.48076912760734558 0.31795918941497803,-0.37321159243583679  0.59696078300476074  0.59918069839477539 -0.38122615218162537
1715862291.4415259,  0.566325843334198 0.41082116961479187 0.31812220811843872, -0.4338391125202179  0.55587553977966309  0.55441570281982422 -0.44205117225646973,  0.566325843334198 0.41082116961479187 0.31812220811843872, -0.4338391125202179  0.55587553977966309  0.55441570281982422 -0.44205117225646973
1715862291.4515939,0.56772124767303467 0.40392282605171204 0.31815198063850403,-0.43897014856338501  0.55194211006164551  0.55015844106674194  -0.4472033679485321,0.56772124767303467 0.40392282605171204 0.31815198063850403,-0.43897014856338501  0.55194211006164551  0.55015844106674194  -0.4472033679485321
