RosTime,PositionForIiwa7,OrientationForIiwa7,PositionForIiwa14,OrientationForIiwa14
1715861659.7892241,0.54426348209381104 0.46992892026901245 0.31876683235168457,  0.541179358959198 0.45255309343338013 0.45416080951690674 0.54411262273788452,0.54426348209381104 0.46992892026901245 0.31876683235168457,  0.541179358959198 0.45255309343338013 0.45416080951690674 0.54411262273788452
