RosTime,PositionForIiwa7,OrientationForIiwa7,PositionForIiwa14,OrientationForIiwa14
1715862432.4020228,0.54584985971450806 0.49325677752494812 0.31825175881385803,-0.41900366544723511  0.56689596176147461  0.56796950101852417 -0.42482414841651917,0.54584985971450806 0.49325677752494812 0.31825175881385803,-0.41900366544723511  0.56689596176147461  0.56796950101852417 -0.42482414841651917
1715862432.4969935,0.55963397026062012 0.42331990599632263 0.31815731525421143, -0.4532940685749054  0.53786718845367432  0.53730219602584839 -0.46532753109931946,0.55963397026062012 0.42331990599632263 0.31815731525421143, -0.4532940685749054  0.53786718845367432  0.53730219602584839 -0.46532753109931946
