RosTime,PositionForIiwa7,OrientationForIiwa7,PositionForIiwa14,OrientationForIiwa14
1715861842.6866803,0.55097448825836182  0.4567391574382782 0.31867626309394836,-0.39060679078102112  0.58524841070175171  0.59113496541976929 -0.39429688453674316,0.55097448825836182  0.4567391574382782 0.31867626309394836,-0.39060679078102112  0.58524841070175171  0.59113496541976929 -0.39429688453674316
