RosTime,PositionForIiwa7,OrientationForIiwa7,PositionForIiwa14,OrientationForIiwa14
1715862241.1975577,0.51404303312301636 0.49434265494346619  0.3189365565776825, -0.4232441782951355  0.56384009122848511  0.56383359432220459 -0.43016323447227478,0.51404303312301636 0.49434265494346619  0.3189365565776825, -0.4232441782951355  0.56384009122848511  0.56383359432220459 -0.43016323447227478
