RosTime,PositionForIiwa7,OrientationForIiwa7,PositionForIiwa14,OrientationForIiwa14
1715861776.2023816,0.53062796592712402 0.58265578746795654 0.32072761654853821,-0.29690411686897278   0.6292567253112793  0.64958024024963379 -0.30647909641265869,0.53062796592712402 0.58265578746795654 0.32072761654853821,-0.29690411686897278   0.6292567253112793  0.64958024024963379 -0.30647909641265869
1715861776.2773747,0.52769696712493896 0.53352969884872437 0.31918886303901672,-0.35010689496994019  0.60889548063278198  0.61652618646621704 -0.35576242208480835,0.52769696712493896 0.53352969884872437 0.31918886303901672,-0.35010689496994019  0.60889548063278198  0.61652618646621704 -0.35576242208480835
1715861776.4523544,0.53363925218582153 0.40535074472427368 0.31892457604408264,-0.44357505440711975  0.54808884859085083  0.54840606451034546 -0.44954484701156616,0.53363925218582153 0.40535074472427368 0.31892457604408264,-0.44357505440711975  0.54808884859085083  0.54840606451034546 -0.44954484701156616
