RosTime,PositionForIiwa7,OrientationForIiwa7,PositionForIiwa14,OrientationForIiwa14
1715861783.3218687,0.52997910976409912 0.48439165949821472 0.31839394569396973,-0.39427214860916138  0.58864772319793701  0.58385336399078369  -0.3964323103427887,0.52997910976409912 0.48439165949821472 0.31839394569396973,-0.39427214860916138  0.58864772319793701  0.58385336399078369  -0.3964323103427887
