RosTime,PositionForIiwa7,OrientationForIiwa7,PositionForIiwa14,OrientationForIiwa14
1715862394.5372863,0.55793899297714233 0.37329897284507751 0.31855839490890503,-0.46626085042953491  0.52939647436141968  0.53136235475540161 -0.46903544664382935,0.55793899297714233 0.37329897284507751 0.31855839490890503,-0.46626085042953491  0.52939647436141968  0.53136235475540161 -0.46903544664382935
