RosTime,PositionForIiwa7,OrientationForIiwa7,PositionForIiwa14,OrientationForIiwa14
1714995009.4801369,0.54597395658493042 0.48062732815742493 0.31857749819755554,-0.49589145183563232  0.50543177127838135  0.50040149688720703 -0.49822559952735901,0.54597395658493042 0.48062732815742493 0.31857749819755554,-0.49589145183563232  0.50543177127838135  0.50040149688720703 -0.49822559952735901
