RosTime,PositionForIiwa7,OrientationForIiwa7,PositionForIiwa14,OrientationForIiwa14
1714994661.6438322,0.49944016337394714 0.70156306028366089 0.31745967268943787, 0.52658367156982422 -0.46894145011901855 -0.46542847156524658  0.53495776653289795,0.49944016337394714 0.70156306028366089 0.31745967268943787, 0.52658367156982422 -0.46894145011901855 -0.46542847156524658  0.53495776653289795
1714994661.6738307,0.50502258539199829 0.67713117599487305 0.31737849116325378, 0.52886122465133667 -0.46636825799942017 -0.46248000860214233  0.53751158714294434,0.50502258539199829 0.67713117599487305 0.31737849116325378, 0.52886122465133667 -0.46636825799942017 -0.46248000860214233  0.53751158714294434
1714994661.7388084,0.51792806386947632  0.6241796612739563  0.3178449273109436, 0.53123342990875244 -0.46445772051811218 -0.45981544256210327  0.53911018371582031,0.51792806386947632  0.6241796612739563  0.3178449273109436, 0.53123342990875244 -0.46445772051811218 -0.45981544256210327  0.53911018371582031
