RosTime,PositionForIiwa7,OrientationForIiwa7,PositionForIiwa14,OrientationForIiwa14
1714994816.4979711,0.51046884059906006 0.87696754932403564 0.31560239195823669,-0.48652088642120361  0.51244336366653442  0.50637739896774292 -0.49424806237220764,0.51046884059906006 0.87696754932403564 0.31560239195823669,-0.48652088642120361  0.51244336366653442  0.50637739896774292 -0.49424806237220764
1714994816.5229671,0.51042616367340088 0.89154857397079468 0.31578022241592407,-0.48480817675590515  0.51364707946777344  0.50843137502670288 -0.49257007241249084,0.51042616367340088 0.89154857397079468 0.31578022241592407,-0.48480817675590515  0.51364707946777344  0.50843137502670288 -0.49257007241249084
1714994816.5479717,0.51015490293502808  0.9066392183303833 0.31560543179512024,-0.48311692476272583  0.51537734270095825  0.51007676124572754 -0.49071979522705078,0.51015490293502808  0.9066392183303833 0.31560543179512024,-0.48311692476272583  0.51537734270095825  0.51007676124572754 -0.49071979522705078
1714994816.5979686,0.50937342643737793 0.93650293350219727 0.31587532162666321,-0.48117882013320923  0.51790076494216919  0.51220661401748657 -0.48773983120918274,0.50937342643737793 0.93650293350219727 0.31587532162666321,-0.48117882013320923  0.51790076494216919  0.51220661401748657 -0.48773983120918274
