RosTime,PositionForIiwa7,OrientationForIiwa7,PositionForIiwa14,OrientationForIiwa14
1714994765.4062824,0.48127266764640808 0.63134902715682983 0.31655398011207581,-0.40932163596153259  0.57402175664901733  0.57130485773086548 -0.42019703984260559,0.48127266764640808 0.63134902715682983 0.31655398011207581,-0.40932163596153259  0.57402175664901733  0.57130485773086548 -0.42019703984260559
1714994765.4512362,0.49694371223449707 0.60073757171630859 0.31716760993003845, -0.4327082633972168  0.55665063858032227  0.55330502986907959 -0.44357314705848694,0.49694371223449707 0.60073757171630859 0.31716760993003845, -0.4327082633972168  0.55665063858032227  0.55330502986907959 -0.44357314705848694
1714994765.4712486, 0.5040583610534668 0.58748531341552734 0.31723025441169739,-0.44208401441574097  0.54939138889312744  0.54548537731170654 -0.45296415686607361, 0.5040583610534668 0.58748531341552734 0.31723025441169739,-0.44208401441574097  0.54939138889312744  0.54548537731170654 -0.45296415686607361
