RosTime,PositionForIiwa7,OrientationForIiwa7,PositionForIiwa14,OrientationForIiwa14
1714995902.4726195,0.54589563608169556 0.92743301391601562 0.31600841879844666,-0.29186096787452698  0.64544481039047241  0.64097952842712402 -0.29557311534881592,0.54589563608169556 0.92743301391601562 0.31600841879844666,-0.29186096787452698  0.64544481039047241  0.64097952842712402 -0.29557311534881592
