RosTime,PositionForIiwa7,OrientationForIiwa7,PositionForIiwa14,OrientationForIiwa14
1714995145.8757625,0.51877909898757935 0.96938562393188477 0.31640717387199402,-0.48369118571281433  0.51543748378753662  0.51092684268951416 -0.48920422792434692,0.51877909898757935 0.96938562393188477 0.31640717387199402,-0.48369118571281433  0.51543748378753662  0.51092684268951416 -0.48920422792434692
