RosTime,PositionForIiwa7,OrientationForIiwa7,PositionForIiwa14,OrientationForIiwa14
1714995735.8308344,0.52797037363052368 0.62601339817047119 0.31838041543960571, 0.57285040616989136  -0.4158998429775238 -0.41254705190658569  0.57330155372619629,0.52797037363052368 0.62601339817047119 0.31838041543960571, 0.57285040616989136  -0.4158998429775238 -0.41254705190658569  0.57330155372619629
