RosTime,PositionForIiwa7,OrientationForIiwa7,PositionForIiwa14,OrientationForIiwa14
1714994820.7876639,0.49858540296554565 0.70697051286697388 0.31846275925636292, 0.53762543201446533 -0.46383202075958252 -0.45960327982902527  0.53346377611160278,0.49858540296554565 0.70697051286697388 0.31846275925636292, 0.53762543201446533 -0.46383202075958252 -0.45960327982902527  0.53346377611160278
