RosTime,PositionForIiwa7,OrientationForIiwa7,PositionForIiwa14,OrientationForIiwa14
1714995293.8197377,0.47604307532310486 0.94653713703155518 0.31666630506515503,-0.18160732090473175  0.68533486127853394  0.68128859996795654  -0.1821557879447937,0.47604307532310486 0.94653713703155518 0.31666630506515503,-0.18160732090473175  0.68533486127853394  0.68128859996795654  -0.1821557879447937
