RosTime,PositionForIiwa7,OrientationForIiwa7,PositionForIiwa14,OrientationForIiwa14
1714994603.216779,0.51101964712142944 0.87455284595489502 0.31767880916595459,-0.49471265077590942  0.50488889217376709  0.50127089023590088 -0.49907326698303223,0.51101964712142944 0.87455284595489502 0.31767880916595459,-0.49471265077590942  0.50488889217376709  0.50127089023590088 -0.49907326698303223
