RosTime,PositionForIiwa7,OrientationForIiwa7,PositionForIiwa14,OrientationForIiwa14
1714995193.9224353,0.52431917190551758 0.72288596630096436 0.34670689702033997,-0.63704472780227661  0.71482408046722412 0.042840223759412766 -0.28524598479270935,0.52431917190551758 0.72288596630096436 0.34670689702033997,-0.63704472780227661  0.71482408046722412 0.042840223759412766 -0.28524598479270935
1714995193.9324365,0.52599626779556274 0.72352075576782227 0.33936774730682373,-0.64197313785552979  0.71785092353820801 0.032483924180269241 -0.26740485429763794,0.52599626779556274 0.72352075576782227 0.33936774730682373,-0.64197313785552979  0.71785092353820801 0.032483924180269241 -0.26740485429763794
1714995193.9374366,0.52719795703887939 0.72312086820602417 0.33408012986183167,-0.64593029022216797  0.71946513652801514  0.02515648677945137 -0.25399047136306763,0.52719795703887939 0.72312086820602417 0.33408012986183167,-0.64593029022216797  0.71946513652801514  0.02515648677945137 -0.25399047136306763
1714995193.9424648, 0.5279579758644104 0.72227382659912109 0.32883456349372864,-0.65112268924713135  0.71970134973526001 0.018688954412937164 -0.24024975299835205, 0.5279579758644104 0.72227382659912109 0.32883456349372864,-0.65112268924713135  0.71970134973526001 0.018688954412937164 -0.24024975299835205
1714995193.9474385,0.52946728467941284 0.72015964984893799 0.32377102971076965,-0.65636515617370605  0.71960359811782837 0.013206614181399345  -0.2262321263551712,0.52946728467941284 0.72015964984893799 0.32377102971076965,-0.65636515617370605  0.71960359811782837 0.013206614181399345  -0.2262321263551712
1714995193.9574382,0.53040170669555664 0.71745878458023071   0.316916823387146,  -0.6662101149559021    0.7170722484588623 0.0058629261329770088   -0.2047855406999588,0.53040170669555664 0.71745878458023071   0.316916823387146,  -0.6662101149559021    0.7170722484588623 0.0058629261329770088   -0.2047855406999588
