RosTime,PositionForIiwa7,OrientationForIiwa7,PositionForIiwa14,OrientationForIiwa14
1714994697.9481764,0.49408623576164246 0.66040349006652832 0.31786707043647766, 0.50137269496917725 -0.49685958027839661 -0.49410855770111084  0.50755566358566284,0.49408623576164246 0.66040349006652832 0.31786707043647766, 0.50137269496917725 -0.49685958027839661 -0.49410855770111084  0.50755566358566284
