RosTime,PositionForIiwa7,OrientationForIiwa7,PositionForIiwa14,OrientationForIiwa14
1714994644.4380457,0.49730637669563293 0.63643884658813477 0.31790679693222046,-0.49382999539375305   0.5063130259513855  0.50186222791671753 -0.49790900945663452,0.49730637669563293 0.63643884658813477 0.31790679693222046,-0.49382999539375305   0.5063130259513855  0.50186222791671753 -0.49790900945663452
