RosTime,PositionForIiwa7,OrientationForIiwa7,PositionForIiwa14,OrientationForIiwa14
1714994732.7217782,0.54936379194259644 0.75598520040512085 0.31757009029388428,-0.42807760834693909  0.56364071369171143  0.55853426456451416 -0.43254846334457397,0.54936379194259644 0.75598520040512085 0.31757009029388428,-0.42807760834693909  0.56364071369171143  0.55853426456451416 -0.43254846334457397
