RosTime,PositionForIiwa7,OrientationForIiwa7,PositionForIiwa14,OrientationForIiwa14
1714994984.453428,0.53778618574142456 0.88215333223342896 0.31671881675720215, -0.4385969340801239  0.55476808547973633  0.55031490325927734 -0.44386774301528931,0.53778618574142456 0.88215333223342896 0.31671881675720215, -0.4385969340801239  0.55476808547973633  0.55031490325927734 -0.44386774301528931
