RosTime,PositionForIiwa7,OrientationForIiwa7,PositionForIiwa14,OrientationForIiwa14
1714994829.2731903,0.50528979301452637 0.69200593233108521 0.31860357522964478, 0.55084651708602905 -0.44713819026947021 -0.44392901659011841  0.54732310771942139,0.50528979301452637 0.69200593233108521 0.31860357522964478, 0.55084651708602905 -0.44713819026947021 -0.44392901659011841  0.54732310771942139
