RosTime,PositionForIiwa7,OrientationForIiwa7,PositionForIiwa14,OrientationForIiwa14
1714994812.4096563,0.47807031869888306 0.64937853813171387 0.31782272458076477, 0.53002822399139404 -0.46880039572715759  -0.4635351300239563  0.53332114219665527,0.47807031869888306 0.64937853813171387 0.31782272458076477, 0.53002822399139404 -0.46880039572715759  -0.4635351300239563  0.53332114219665527
1714994812.434689,0.48275899887084961 0.63426131010055542 0.31766766309738159,   0.529488205909729 -0.46940603852272034 -0.46453538537025452  0.53245383501052856,0.48275899887084961 0.63426131010055542 0.31766766309738159,   0.529488205909729 -0.46940603852272034 -0.46453538537025452  0.53245383501052856
1714994812.4596906,0.48689189553260803 0.61957067251205444 0.31799256801605225, 0.52917808294296265 -0.47006732225418091 -0.46510782837867737  0.53167843818664551,0.48689189553260803 0.61957067251205444 0.31799256801605225, 0.52917808294296265 -0.47006732225418091 -0.46510782837867737  0.53167843818664551
