RosTime,PositionForIiwa7,OrientationForIiwa7,PositionForIiwa14,OrientationForIiwa14
1714994681.4564993,0.51209229230880737 0.65437179803848267 0.31799152493476868, 0.56271696090698242 -0.42845600843429565 -0.42420673370361328  0.56552958488464355,0.51209229230880737 0.65437179803848267 0.31799152493476868, 0.56271696090698242 -0.42845600843429565 -0.42420673370361328  0.56552958488464355
1714994681.4764957, 0.5154728889465332 0.63975542783737183   0.317911297082901, 0.55654036998748779 -0.43672534823417664   -0.431913822889328  0.55944997072219849, 0.5154728889465332 0.63975542783737183   0.317911297082901, 0.55654036998748779 -0.43672534823417664   -0.431913822889328  0.55944997072219849
