RosTime,PositionForIiwa7,OrientationForIiwa7,PositionForIiwa14,OrientationForIiwa14
1714994908.9460502,0.52889484167098999 0.63992607593536377 0.31748390197753906, 0.65581244230270386 -0.26182442903518677 -0.26126047968864441   0.6581040620803833,0.52889484167098999 0.63992607593536377 0.31748390197753906, 0.65581244230270386 -0.26182442903518677 -0.26126047968864441   0.6581040620803833
1714994909.0460231,0.55415058135986328  0.5632169246673584 0.31824189424514771, 0.62089097499847412 -0.33711540699005127 -0.33285301923751831  0.62454503774642944,0.55415058135986328  0.5632169246673584 0.31824189424514771, 0.62089097499847412 -0.33711540699005127 -0.33285301923751831  0.62454503774642944
