RosTime,PositionForIiwa7,OrientationForIiwa7,PositionForIiwa14,OrientationForIiwa14
1714995131.7489977,0.55732887983322144  0.5334618091583252 0.31900483369827271, 0.53568607568740845  -0.4628218412399292 -0.45817631483078003  0.53750425577163696,0.55732887983322144  0.5334618091583252 0.31900483369827271, 0.53568607568740845  -0.4628218412399292 -0.45817631483078003  0.53750425577163696
