RosTime,PositionForIiwa7,OrientationForIiwa7,PositionForIiwa14,OrientationForIiwa14
1714994756.8840456,0.51550143957138062 0.68412834405899048 0.31809434294700623, 0.58869457244873047 -0.39204370975494385 -0.38853129744529724  0.59057927131652832,0.51550143957138062 0.68412834405899048 0.31809434294700623, 0.58869457244873047 -0.39204370975494385 -0.38853129744529724  0.59057927131652832
