RosTime,PositionForIiwa7,OrientationForIiwa7,PositionForIiwa14,OrientationForIiwa14
1714994639.9307313,0.51994460821151733 0.91059201955795288 0.31581422686576843, 0.53302806615829468  -0.4642903208732605 -0.45988461375236511  0.53742140531539917,0.51994460821151733 0.91059201955795288 0.31581422686576843, 0.53302806615829468  -0.4642903208732605 -0.45988461375236511  0.53742140531539917
1714994639.9407504,0.52315717935562134 0.91792625188827515 0.31582191586494446, 0.52929419279098511 -0.46779268980026245 -0.46345674991607666  0.53500044345855713,0.52315717935562134 0.91792625188827515 0.31582191586494446, 0.52929419279098511 -0.46779268980026245 -0.46345674991607666  0.53500044345855713
1714994639.9457486, 0.5252678394317627 0.92270398139953613 0.31592452526092529, 0.52640831470489502 -0.47025468945503235 -0.46606731414794922  0.53341919183731079, 0.5252678394317627 0.92270398139953613 0.31592452526092529, 0.52640831470489502 -0.47025468945503235 -0.46606731414794922  0.53341919183731079
1714994639.9507525,0.52722454071044922 0.92744016647338867 0.31591930985450745, 0.52396661043167114 -0.47275018692016602 -0.46863812208175659  0.53136104345321655,0.52722454071044922 0.92744016647338867 0.31591930985450745, 0.52396661043167114 -0.47275018692016602 -0.46863812208175659  0.53136104345321655
