RosTime,PositionForIiwa7,OrientationForIiwa7,PositionForIiwa14,OrientationForIiwa14
1714995240.4753757,0.53263813257217407 0.89097791910171509 0.31645900011062622,-0.42498764395713806  0.56663417816162109  0.56082069873809814 -0.42870891094207764,0.53263813257217407 0.89097791910171509 0.31645900011062622,-0.42498764395713806  0.56663417816162109  0.56082069873809814 -0.42870891094207764
