RosTime,PositionForIiwa7,OrientationForIiwa7,PositionForIiwa14,OrientationForIiwa14
1714994792.8815415,0.52491730451583862 0.65750008821487427 0.31885898113250732, 0.58997553586959839 -0.39190110564231873 -0.39171749353408813  0.58728170394897461,0.52491730451583862 0.65750008821487427 0.31885898113250732, 0.58997553586959839 -0.39190110564231873 -0.39171749353408813  0.58728170394897461
1714994792.9065163,0.52949178218841553 0.64068681001663208 0.31877204775810242, 0.58241569995880127 -0.40279814600944519 -0.40108504891395569  0.58109927177429199,0.52949178218841553 0.64068681001663208 0.31877204775810242, 0.58241569995880127 -0.40279814600944519 -0.40108504891395569  0.58109927177429199
1714994792.9565129,0.53795206546783447 0.60879075527191162 0.31892383098602295, 0.56814450025558472 -0.42423325777053833  -0.4200645387172699  0.56637775897979736,0.53795206546783447 0.60879075527191162 0.31892383098602295, 0.56814450025558472 -0.42423325777053833  -0.4200645387172699  0.56637775897979736
