RosTime,PositionForIiwa7,OrientationForIiwa7,PositionForIiwa14,OrientationForIiwa14
1714994802.1059468,0.49963334202766418 0.68479341268539429 0.31838303804397583, 0.59089386463165283 -0.39014348387718201 -0.38561215996742249  0.59155374765396118,0.49963334202766418 0.68479341268539429 0.31838303804397583, 0.59089386463165283 -0.39014348387718201 -0.38561215996742249  0.59155374765396118
1714994802.1309187,0.50334399938583374 0.66844660043716431 0.31830352544784546, 0.58691716194152832 -0.39613112807273865 -0.39219069480895996  0.58719229698181152,0.50334399938583374 0.66844660043716431 0.31830352544784546, 0.58691716194152832 -0.39613112807273865 -0.39219069480895996  0.58719229698181152
1714994802.155951,0.50800520181655884 0.65147906541824341 0.31837451457977295,  0.5807148814201355 -0.40509748458862305 -0.40098869800567627  0.58126956224441528,0.50800520181655884 0.65147906541824341 0.31837451457977295,  0.5807148814201355 -0.40509748458862305 -0.40098869800567627  0.58126956224441528
