RosTime,PositionForIiwa7,OrientationForIiwa7,PositionForIiwa14,OrientationForIiwa14
1714994675.0882487,0.50513893365859985 0.84524887800216675 0.31765508651733398, 0.55979222059249878 -0.42233386635780334 -0.42067667841911316  0.57558482885360718,0.50513893365859985 0.84524887800216675 0.31765508651733398, 0.55979222059249878 -0.42233386635780334 -0.42067667841911316  0.57558482885360718
