RosTime,PositionForIiwa7,OrientationForIiwa7,PositionForIiwa14,OrientationForIiwa14
1714994689.7740426,0.51504689455032349 0.64250695705413818 0.31765079498291016, 0.53833281993865967 -0.45725792646408081 -0.45605617761611938  0.54141086339950562,0.51504689455032349 0.64250695705413818 0.31765079498291016, 0.53833281993865967 -0.45725792646408081 -0.45605617761611938  0.54141086339950562
1714994689.8540158,0.51807117462158203 0.58024305105209351 0.31783032417297363, 0.52936428785324097 -0.46700567007064819 -0.46598929166793823  0.53341645002365112,0.51807117462158203 0.58024305105209351 0.31783032417297363, 0.52936428785324097 -0.46700567007064819 -0.46598929166793823  0.53341645002365112
