RosTime,PositionForIiwa7,OrientationForIiwa7,PositionForIiwa14,OrientationForIiwa14
1715860696.3212967,0.55219119787216187 0.81695777177810669 0.27413484454154968,0.0021649235859513283  0.018327299505472183   0.19729837775230408   0.98016977310180664,0.55219119787216187 0.81695777177810669 0.27413484454154968,0.0021649235859513283  0.018327299505472183   0.19729837775230408   0.98016977310180664
1715860696.4962935,0.52570676803588867 0.96183907985687256 0.27266457676887512,0.0023605595342814922  0.019342845305800438   0.13081809878349304   0.99121487140655518,0.52570676803588867 0.96183907985687256 0.27266457676887512,0.0023605595342814922  0.019342845305800438   0.13081809878349304   0.99121487140655518
1715860696.596287,0.51795578002929688  1.0355583429336548 0.27234041690826416,0.0035099033266305923  0.019287487491965294   0.13155175745487213   0.99111545085906982,0.51795578002929688  1.0355583429336548 0.27234041690826416,0.0035099033266305923  0.019287487491965294   0.13155175745487213   0.99111545085906982
