RosTime,PositionForIiwa7,OrientationForIiwa7,PositionForIiwa14,OrientationForIiwa14
1715860042.954046,0.45965501666069031 0.90268492698669434 0.27681353688240051,-0.0029592288192361593  0.0048780608922243118    0.99769860506057739   0.067564636468887329,0.45965501666069031 0.90268492698669434 0.27681353688240051,-0.0029592288192361593  0.0048780608922243118    0.99769860506057739   0.067564636468887329
1715860042.9639342,0.46034839749336243 0.91013258695602417 0.27680870890617371,-0.0026372293941676617  0.0049784304574131966    0.99764299392700195   0.068386897444725037,0.46034839749336243 0.91013258695602417 0.27680870890617371,-0.0026372293941676617  0.0049784304574131966    0.99764299392700195   0.068386897444725037
1715860042.9689364, 0.4607887864112854 0.91512304544448853 0.27706560492515564,-0.0025402484461665154   0.005455654114484787    0.99758410453796387   0.069207713007926941, 0.4607887864112854 0.91512304544448853 0.27706560492515564,-0.0025402484461665154   0.005455654114484787    0.99758410453796387   0.069207713007926941
1715860042.9739642,0.46132457256317139 0.92009896039962769  0.2770635187625885,-0.0026549939066171646  0.0053190472535789013    0.99754494428634644   0.069776684045791626,0.46132457256317139 0.92009896039962769  0.2770635187625885,-0.0026549939066171646  0.0053190472535789013    0.99754494428634644   0.069776684045791626
1715860042.9789357,0.46198752522468567   0.925140380859375 0.27695125341415405,-0.0023401803337037563  0.0047896974720060825    0.99750697612762451   0.070366106927394867,0.46198752522468567   0.925140380859375 0.27695125341415405,-0.0023401803337037563  0.0047896974720060825    0.99750697612762451   0.070366106927394867
1715860042.9939628,0.46359917521476746 0.93754976987838745 0.27710101008415222,-0.002391377929598093 0.0045029697939753532   0.99738579988479614  0.072080619633197784,0.46359917521476746 0.93754976987838745 0.27710101008415222,-0.002391377929598093 0.0045029697939753532   0.99738579988479614  0.072080619633197784
