RosTime,PositionForIiwa7,OrientationForIiwa7,PositionForIiwa14,OrientationForIiwa14
1715860569.2464271,0.52055603265762329 0.69942712783813477 0.27472016215324402, 0.0064270575530827045   0.015570999123156071 -0.0052709872834384441    0.99984419345855713,0.52055603265762329 0.69942712783813477 0.27472016215324402, 0.0064270575530827045   0.015570999123156071 -0.0052709872834384441    0.99984419345855713
1715860569.2614264,0.52142757177352905 0.68696463108062744 0.27479454874992371, 0.0065122987143695354   0.016277486458420753 -0.0027116325218230486    0.99984264373779297,0.52142757177352905 0.68696463108062744 0.27479454874992371, 0.0065122987143695354   0.016277486458420753 -0.0027116325218230486    0.99984264373779297
1715860569.2664273,0.52188396453857422 0.68191343545913696 0.27475655078887939,0.0062528061680495739  0.015858666971325874 -0.001330076134763658   0.99985378980636597,0.52188396453857422 0.68191343545913696 0.27475655078887939,0.0062528061680495739  0.015858666971325874 -0.001330076134763658   0.99985378980636597
1715860569.2814276, 0.5229027271270752 0.66945558786392212 0.27477332949638367,0.0062302895821630955  0.015564109198749065 0.0019666412845253944   0.99985754489898682, 0.5229027271270752 0.66945558786392212 0.27477332949638367,0.0062302895821630955  0.015564109198749065 0.0019666412845253944   0.99985754489898682
