RosTime,PositionForIiwa7,OrientationForIiwa7,PositionForIiwa14,OrientationForIiwa14
1715860556.0040448,0.50620263814926147 0.68283265829086304 0.27425107359886169, 0.01424774993211031 0.012177872471511364 -0.39421489834785461   0.9188271164894104,0.50620263814926147 0.68283265829086304 0.27425107359886169, 0.01424774993211031 0.012177872471511364 -0.39421489834785461   0.9188271164894104
1715860556.0090685,0.50752979516983032 0.67764568328857422 0.27434346079826355,0.013691361993551254 0.012307205237448215 -0.38580292463302612  0.92239749431610107,0.50752979516983032 0.67764568328857422 0.27434346079826355,0.013691361993551254 0.012307205237448215 -0.38580292463302612  0.92239749431610107
1715860556.0190575,0.50955486297607422 0.67000788450241089 0.27442407608032227,0.013708166778087616 0.011933698318898678 -0.37316533923149109  0.92758679389953613,0.50955486297607422 0.67000788450241089 0.27442407608032227,0.013708166778087616 0.011933698318898678 -0.37316533923149109  0.92758679389953613
1715860556.0240419,0.51092648506164551 0.66498476266860962 0.27439993619918823,0.013546853326261044 0.012237721122801304 -0.36460527777671814  0.93098318576812744,0.51092648506164551 0.66498476266860962 0.27439993619918823,0.013546853326261044 0.012237721122801304 -0.36460527777671814  0.93098318576812744
1715860556.0290346, 0.5122111439704895 0.66011714935302734 0.27448058128356934,0.013142691925168037 0.012250747531652451 -0.35644453763961792  0.93414372205734253, 0.5122111439704895 0.66011714935302734 0.27448058128356934,0.013142691925168037 0.012250747531652451 -0.35644453763961792  0.93414372205734253
1715860556.0340354,0.51355105638504028  0.6552545428276062 0.27447593212127686,0.013229163363575935 0.012389210052788258 -0.34766685962677002  0.93744295835494995,0.51355105638504028  0.6552545428276062 0.27447593212127686,0.013229163363575935 0.012389210052788258 -0.34766685962677002  0.93744295835494995
