RosTime,PositionForIiwa7,OrientationForIiwa7,PositionForIiwa14,OrientationForIiwa14
1715860702.5538199,0.49363821744918823 0.69926780462265015 0.27411085367202759,-0.0061954469420015812   0.021238315850496292    0.57570719718933105    0.81735658645629883,0.49363821744918823 0.69926780462265015 0.27411085367202759,-0.0061954469420015812   0.021238315850496292    0.57570719718933105    0.81735658645629883
1715860702.5638204,0.49353894591331482 0.68927747011184692 0.27423018217086792,-0.0060148308984935284   0.020762540400028229    0.57842117547988892    0.81545180082321167,0.49353894591331482 0.68927747011184692 0.27423018217086792,-0.0060148308984935284   0.020762540400028229    0.57842117547988892    0.81545180082321167
1715860702.5738227,0.49338284134864807 0.68178540468215942  0.2742786705493927,-0.0067433249205350876    0.02145528607070446    0.58033812046051025    0.81406503915786743,0.49338284134864807 0.68178540468215942  0.2742786705493927,-0.0067433249205350876    0.02145528607070446    0.58033812046051025    0.81406503915786743
1715860702.5788219,0.49327334761619568 0.67671406269073486 0.27429687976837158,-0.0063911145552992821   0.020409161224961281    0.58212840557098389    0.81281560659408569,0.49327334761619568 0.67671406269073486 0.27429687976837158,-0.0063911145552992821   0.020409161224961281    0.58212840557098389    0.81281560659408569
1715860702.5838213,0.49309450387954712 0.67170470952987671 0.27429848909378052,-0.0069268750958144665   0.020652547478675842    0.58365952968597412    0.81170624494552612,0.49309450387954712 0.67170470952987671 0.27429848909378052,-0.0069268750958144665   0.020652547478675842    0.58365952968597412    0.81170624494552612
1715860702.5888212,0.49293375015258789 0.66667383909225464 0.27431756258010864,-0.006865848321467638  0.021262725815176964   0.58491045236587524   0.81079006195068359,0.49293375015258789 0.66667383909225464 0.27431756258010864,-0.006865848321467638  0.021262725815176964   0.58491045236587524   0.81079006195068359
