RosTime,PositionForIiwa7,OrientationForIiwa7,PositionForIiwa14,OrientationForIiwa14
1715860104.2076349,0.46282103657722473 0.83431202173233032 0.27862870693206787,-0.0022981406655162573  0.0056480923667550087    0.99531334638595581   0.096509680151939392,0.46282103657722473 0.83431202173233032 0.27862870693206787,-0.0022981406655162573  0.0056480923667550087    0.99531334638595581   0.096509680151939392
1715860104.3726614, 0.4531247615814209 0.92711108922958374 0.27718687057495117,-0.0025030833203345537  0.0046786065213382244    0.98271429538726807    0.18505248427391052, 0.4531247615814209 0.92711108922958374 0.27718687057495117,-0.0025030833203345537  0.0046786065213382244    0.98271429538726807    0.18505248427391052
