RosTime,PositionForIiwa7,OrientationForIiwa7,PositionForIiwa14,OrientationForIiwa14
1715859847.3026888,0.52603793144226074 0.92594897747039795 0.27729552984237671, -0.005714974831789732 -0.0025828061625361443    0.80231189727783203    0.59687209129333496,0.52603793144226074 0.92594897747039795 0.27729552984237671, -0.005714974831789732 -0.0025828061625361443    0.80231189727783203    0.59687209129333496
