RosTime,PositionForIiwa7,OrientationForIiwa7,PositionForIiwa14,OrientationForIiwa14
1715860164.0733743,0.48471397161483765 0.92487049102783203 0.27718976140022278,-0.002574495505541563 0.0057035041972994804   0.99684590101242065  0.079114064574241638,0.48471397161483765 0.92487049102783203 0.27718976140022278,-0.002574495505541563 0.0057035041972994804   0.99684590101242065  0.079114064574241638
1715860164.0834079,0.48528552055358887 0.93485331535339355 0.27711361646652222,-0.0015560173196718097  0.0047231372445821762    0.99649834632873535   0.083464793860912323,0.48528552055358887 0.93485331535339355 0.27711361646652222,-0.0015560173196718097  0.0047231372445821762    0.99649834632873535   0.083464793860912323
