RosTime,PositionForIiwa7,OrientationForIiwa7,PositionForIiwa14,OrientationForIiwa14
1715860178.4675417,0.48420068621635437 0.64000707864761353 0.27735435962677002,-0.0068114902824163437  0.0083321211859583855    0.97280800342559814    -0.2313629686832428,0.48420068621635437 0.64000707864761353 0.27735435962677002,-0.0068114902824163437  0.0083321211859583855    0.97280800342559814    -0.2313629686832428
