RosTime,PositionForIiwa7,OrientationForIiwa7,PositionForIiwa14,OrientationForIiwa14
1715860561.4365356,  0.547263503074646 0.66739273071289062 0.27462372183799744, 0.0058982609771192074   0.015641413629055023 -0.0020092043559998274    0.99985826015472412,  0.547263503074646 0.66739273071289062 0.27462372183799744, 0.0058982609771192074   0.015641413629055023 -0.0020092043559998274    0.99985826015472412
