RosTime,PositionForIiwa7,OrientationForIiwa7,PositionForIiwa14,OrientationForIiwa14
1715860192.6200409,0.48057875037193298 0.89063030481338501 0.27542570233345032,-0.0085250250995159149  0.0070820879191160202    0.99812841415405273   0.060139965265989304,0.48057875037193298 0.89063030481338501 0.27542570233345032,-0.0085250250995159149  0.0070820879191160202    0.99812841415405273   0.060139965265989304
1715860192.6250417,0.48147577047348022 0.89579629898071289 0.27577888965606689,-0.0073177958838641644   0.012244424782693386    0.99798452854156494   0.061834052205085754,0.48147577047348022 0.89579629898071289 0.27577888965606689,-0.0073177958838641644   0.012244424782693386    0.99798452854156494   0.061834052205085754
1715860192.630044,0.48241901397705078 0.90082055330276489 0.27543750405311584,-0.0058579868637025356   0.013071659952402115    0.99791747331619263   0.062892898917198181,0.48241901397705078 0.90082055330276489 0.27543750405311584,-0.0058579868637025356   0.013071659952402115    0.99791747331619263   0.062892898917198181
1715860192.6500471,0.48542338609695435 0.91769129037857056 0.27560877799987793,-0.0062818815931677818   0.012152770534157753    0.99762886762619019   0.067449666559696198,0.48542338609695435 0.91769129037857056 0.27560877799987793,-0.0062818815931677818   0.012152770534157753    0.99762886762619019   0.067449666559696198
1715860192.6650751,0.48758241534233093 0.92995476722717285 0.27557611465454102,-0.0082358485087752342  0.0093854553997516632    0.99749159812927246   0.069674953818321228,0.48758241534233093 0.92995476722717285 0.27557611465454102,-0.0082358485087752342  0.0093854553997516632    0.99749159812927246   0.069674953818321228
1715860192.6701612,0.48844936490058899 0.93492549657821655 0.27556270360946655,-0.0065583018586039543   0.010721606202423573    0.99745935201644897   0.070120252668857574,0.48844936490058899 0.93492549657821655 0.27556270360946655,-0.0065583018586039543   0.010721606202423573    0.99745935201644897   0.070120252668857574
1715860192.6901426,0.49202802777290344 0.95179516077041626 0.27547940611839294,-0.0069195833057165146  0.0096646109595894814    0.99738872051239014    0.07123526930809021,0.49202802777290344 0.95179516077041626 0.27547940611839294,-0.0069195833057165146  0.0096646109595894814    0.99738872051239014    0.07123526930809021
