RosTime,PositionForIiwa7,OrientationForIiwa7,PositionForIiwa14,OrientationForIiwa14
1715860212.9469273,0.49763405323028564 0.92908340692520142 0.27424392104148865,-0.013858974911272526  0.011603442020714283   0.99817508459091187 -0.057617727667093277,0.49763405323028564 0.92908340692520142 0.27424392104148865,-0.013858974911272526  0.011603442020714283   0.99817508459091187 -0.057617727667093277
1715860212.9569464,0.49840345978736877 0.93652445077896118 0.27429211139678955, -0.01429256983101368  0.011700141243636608   0.99824714660644531 -0.056227307766675949,0.49840345978736877 0.93652445077896118 0.27429211139678955, -0.01429256983101368  0.011700141243636608   0.99824714660644531 -0.056227307766675949
