RosTime,PositionForIiwa7,OrientationForIiwa7,PositionForIiwa14,OrientationForIiwa14
1715860355.0650096,0.47798424959182739 0.87652230262756348 0.27372679114341736,-0.018394561484456062 0.0059424331411719322   0.95266199111938477  -0.30341640114784241,0.47798424959182739 0.87652230262756348 0.27372679114341736,-0.018394561484456062 0.0059424331411719322   0.95266199111938477  -0.30341640114784241
