RosTime,PositionForIiwa7,OrientationForIiwa7,PositionForIiwa14,OrientationForIiwa14
1715860419.7764831,  0.483843594789505 0.81939840316772461 0.27435806393623352,  0.015453490428626537 0.00020116462837904692   -0.76866012811660767    0.63947069644927979,  0.483843594789505 0.81939840316772461 0.27435806393623352,  0.015453490428626537 0.00020116462837904692   -0.76866012811660767    0.63947069644927979
