RosTime,PositionForIiwa7,OrientationForIiwa7,PositionForIiwa14,OrientationForIiwa14
1715860394.6475549,0.48145633935928345 0.88308531045913696 0.27435258030891418,  0.015962321311235428 -0.0025469369720667601   -0.84454554319381714    0.53523969650268555,0.48145633935928345 0.88308531045913696 0.27435258030891418,  0.015962321311235428 -0.0025469369720667601   -0.84454554319381714    0.53523969650268555
