RosTime,PositionForIiwa7,OrientationForIiwa7,PositionForIiwa14,OrientationForIiwa14
1715860707.594662,0.45819771289825439 0.98058372735977173 0.27240145206451416,-0.0070956316776573658   0.020979117602109909    0.50546121597290039    0.86256510019302368,0.45819771289825439 0.98058372735977173 0.27240145206451416,-0.0070956316776573658   0.020979117602109909    0.50546121597290039    0.86256510019302368
