RosTime,PositionForIiwa7,OrientationForIiwa7,PositionForIiwa14,OrientationForIiwa14
1715860613.9630907,0.50823962688446045 0.76922041177749634 0.27390691637992859,0.0043672434985637665  0.019184879958629608   0.11962588876485825   0.99262404441833496,0.50823962688446045 0.76922041177749634 0.27390691637992859,0.0043672434985637665  0.019184879958629608   0.11962588876485825   0.99262404441833496
