RosTime,PositionForIiwa7,OrientationForIiwa7,PositionForIiwa14,OrientationForIiwa14
1714663040.7363012,0.51380074024200439 0.75533723831176758 0.27829837799072266,-0.0014620347646996379  0.0037192937452346087    0.43519571423530579    0.90032702684402466,0.51380074024200439 0.75533723831176758 0.27829837799072266,-0.0014620347646996379  0.0037192937452346087    0.43519571423530579    0.90032702684402466
1714663040.8362992,0.53154867887496948 0.68314123153686523 0.27863317728042603,-0.0014665836934000254  0.0035009419079869986    0.42352503538131714    0.90587645769119263,0.53154867887496948 0.68314123153686523 0.27863317728042603,-0.0014665836934000254  0.0035009419079869986    0.42352503538131714    0.90587645769119263
1714663040.9864316,0.55163943767547607 0.57567030191421509 0.27892386913299561,-0.0029914968181401491  0.0037185486871749163     0.4180130660533905    0.90842849016189575,0.55163943767547607 0.57567030191421509 0.27892386913299561,-0.0029914968181401491  0.0037185486871749163     0.4180130660533905    0.90842849016189575
