RosTime,PositionForIiwa7,OrientationForIiwa7,PositionForIiwa14,OrientationForIiwa14
1714663216.2270947,0.51127356290817261 0.67468404769897461 0.27829205989837646,-0.0016599467489868402  0.0042558456771075726    0.41723081469535828    0.90878909826278687,0.51127356290817261 0.67468404769897461 0.27829205989837646,-0.0016599467489868402  0.0042558456771075726    0.41723081469535828    0.90878909826278687
1714663216.2520745,0.51857990026473999 0.65865409374237061 0.27825197577476501,-0.0028440556488931179  0.0032676537521183491    0.42318224906921387    0.90603423118591309,0.51857990026473999 0.65865409374237061 0.27825197577476501,-0.0028440556488931179  0.0032676537521183491    0.42318224906921387    0.90603423118591309
