RosTime,PositionForIiwa7,OrientationForIiwa7,PositionForIiwa14,OrientationForIiwa14
1714663133.476254,0.53109961748123169 0.70517909526824951 0.27870467305183411,-0.0032079422380775213  0.0020098872482776642    0.44902685284614563    0.89351022243499756,0.53109961748123169 0.70517909526824951 0.27870467305183411,-0.0032079422380775213  0.0020098872482776642    0.44902685284614563    0.89351022243499756
1714663133.5262527,0.53605800867080688 0.67448621988296509 0.27883455157279968,-0.0039394386112689972   0.001987323397770524    0.44841626286506653    0.89381396770477295,0.53605800867080688 0.67448621988296509 0.27883455157279968,-0.0039394386112689972   0.001987323397770524    0.44841626286506653    0.89381396770477295
1714663133.5512533,0.53877145051956177  0.6584504246711731 0.27888545393943787,-0.0036904572043567896  0.0021620793268084526    0.44684776663780212     0.8945997953414917,0.53877145051956177  0.6584504246711731 0.27888545393943787,-0.0036904572043567896  0.0021620793268084526    0.44684776663780212     0.8945997953414917
1714663133.6512558,0.54920238256454468 0.59620082378387451 0.27926921844482422,-0.0042630755342543125   0.001594206434674561    0.43573662638664246     0.9000626802444458,0.54920238256454468 0.59620082378387451 0.27926921844482422,-0.0042630755342543125   0.001594206434674561    0.43573662638664246     0.9000626802444458
