RosTime,PositionForIiwa7,OrientationForIiwa7,PositionForIiwa14,OrientationForIiwa14
1715867634.141675,0.55121225118637085 0.48744598031044006 0.27973896265029907,0.0033369006123393774 0.0031929211691021919   0.13452927768230438   0.99089884757995605,0.55121225118637085 0.48744598031044006 0.27973896265029907,0.0033369006123393774 0.0031929211691021919   0.13452927768230438   0.99089884757995605
1715867634.2067337,0.56339770555496216 0.43886673450469971 0.28018456697463989,0.0029432098381221294 0.0022682151757180691   0.12553797662258148   0.99208188056945801,0.56339770555496216 0.43886673450469971 0.28018456697463989,0.0029432098381221294 0.0022682151757180691   0.12553797662258148   0.99208188056945801
1715867634.2167425,0.56527221202850342 0.42984643578529358 0.28013718128204346,0.0025198603980243206 0.0025621065869927406   0.12188325822353363   0.99253791570663452,0.56527221202850342 0.42984643578529358 0.28013718128204346,0.0025198603980243206 0.0025621065869927406   0.12188325822353363   0.99253791570663452
1715867634.2267368,0.56668394804000854  0.4223378598690033 0.28025993704795837,0.0026242795865982771  0.002080508740618825   0.11784055829048157   0.99302685260772705,0.56668394804000854  0.4223378598690033 0.28025993704795837,0.0026242795865982771  0.002080508740618825   0.11784055829048157   0.99302685260772705
1715867634.2566528,0.57204914093017578 0.39661633968353271  0.2802676260471344, 0.001442119013518095 0.0016375888371840119    0.1040017157793045   0.99457472562789917,0.57204914093017578 0.39661633968353271  0.2802676260471344, 0.001442119013518095 0.0016375888371840119    0.1040017157793045   0.99457472562789917
1715867634.3166227,0.58286535739898682 0.35018312931060791 0.28045463562011719,0.0002870088501367718  0.001741910120472312  0.083543136715888977    0.9965025782585144,0.58286535739898682 0.35018312931060791 0.28045463562011719,0.0002870088501367718  0.001741910120472312  0.083543136715888977    0.9965025782585144
1715867634.3416228,0.58566361665725708 0.33344900608062744 0.28061476349830627,0.00053924164967611432  0.0015906117623671889   0.077410586178302765     0.9969978928565979,0.58566361665725708 0.33344900608062744 0.28061476349830627,0.00053924164967611432  0.0015906117623671889   0.077410586178302765     0.9969978928565979
