RosTime,PositionForIiwa7,OrientationForIiwa7,PositionForIiwa14,OrientationForIiwa14
1715867472.5697024, 0.5871548056602478 0.32244017720222473  0.2795637845993042,-0.00074676831718534231   0.0022828057408332825   -0.062303844839334488     0.99805432558059692, 0.5871548056602478 0.32244017720222473  0.2795637845993042,-0.00074676831718534231   0.0022828057408332825   -0.062303844839334488     0.99805432558059692
