RosTime,PositionForIiwa7,OrientationForIiwa7,PositionForIiwa14,OrientationForIiwa14
1715867993.2729416,0.59300529956817627 0.54091882705688477 0.28076034784317017,  -0.00632875831797719 0.00066309119574725628  -0.056498192250728607    0.99838244915008545,0.59300529956817627 0.54091882705688477 0.28076034784317017,  -0.00632875831797719 0.00066309119574725628  -0.056498192250728607    0.99838244915008545
1715867993.2929444,0.59688299894332886 0.52505898475646973 0.28026542067527771,-0.0040032146498560905 0.00069596711546182632  -0.066424503922462463    0.99778318405151367,0.59688299894332886 0.52505898475646973 0.28026542067527771,-0.0040032146498560905 0.00069596711546182632  -0.066424503922462463    0.99778318405151367
