RosTime,PositionForIiwa7,OrientationForIiwa7,PositionForIiwa14,OrientationForIiwa14
1715867656.269681,0.53954982757568359 0.62475347518920898 0.27877840399742126,0.0034221105743199587 0.0015892819501459599 0.0086307460442185402   0.99995565414428711,0.53954982757568359 0.62475347518920898 0.27877840399742126,0.0034221105743199587 0.0015892819501459599 0.0086307460442185402   0.99995565414428711
1715867656.3696742,0.55437415838241577 0.54694968461990356 0.27940225601196289,  0.003188637550920248 0.00052074843551963568  -0.063987351953983307    0.99794548749923706,0.55437415838241577 0.54694968461990356 0.27940225601196289,  0.003188637550920248 0.00052074843551963568  -0.063987351953983307    0.99794548749923706
1715867656.3946514,0.55991411209106445 0.52583998441696167 0.27941861748695374, 0.0027170781977474689 0.00036802690010517836  -0.085130892693996429    0.99636602401733398,0.55991411209106445 0.52583998441696167 0.27941861748695374, 0.0027170781977474689 0.00036802690010517836  -0.085130892693996429    0.99636602401733398
1715867656.4096544,0.56298243999481201  0.5143355131149292 0.27935871481895447, 0.0022332945372909307 0.00025180232478305697  -0.096020698547363281     0.9953768253326416,0.56298243999481201  0.5143355131149292 0.27935871481895447, 0.0022332945372909307 0.00025180232478305697  -0.096020698547363281     0.9953768253326416
1715867656.4696732,0.57746285200119019 0.46745732426643372 0.27956998348236084, 0.0020020380616188049 0.00052432448137551546   -0.11849814653396606    0.99295210838317871,0.57746285200119019 0.46745732426643372 0.27956998348236084, 0.0020020380616188049 0.00052432448137551546   -0.11849814653396606    0.99295210838317871
1715867656.5196748,0.58769160509109497 0.43095636367797852 0.27996078133583069, 0.0021980241872370243 0.00038993655471131206   -0.11073467880487442    0.99384748935699463,0.58769160509109497 0.43095636367797852 0.27996078133583069, 0.0021980241872370243 0.00038993655471131206   -0.11073467880487442    0.99384748935699463
1715867656.569649,0.59358292818069458 0.39558589458465576 0.28029391169548035,  0.0013485633535310626 -0.00014055511564947665   -0.088535815477371216     0.99607205390930176,0.59358292818069458 0.39558589458465576 0.28029391169548035,  0.0013485633535310626 -0.00014055511564947665   -0.088535815477371216     0.99607205390930176
