RosTime,PositionForIiwa7,OrientationForIiwa7,PositionForIiwa14,OrientationForIiwa14
1715867389.1173327,0.53786683082580566 0.34801697731018066 0.28042915463447571,0.00082958413986489177 0.00094974093372002244  -0.026331609115004539     0.9996524453163147,0.53786683082580566 0.34801697731018066 0.28042915463447571,0.00082958413986489177 0.00094974093372002244  -0.026331609115004539     0.9996524453163147
