RosTime,PositionForIiwa7,OrientationForIiwa7,PositionForIiwa14,OrientationForIiwa14
1715867771.6229186,0.56620496511459351 0.47709417343139648 0.27957436442375183,-0.0012066657654941082  0.0011571589857339859   0.020828831940889359    0.99978166818618774,0.56620496511459351 0.47709417343139648 0.27957436442375183,-0.0012066657654941082  0.0011571589857339859   0.020828831940889359    0.99978166818618774
1715867771.6278899,0.56796723604202271 0.47224125266075134 0.27968066930770874,8.9814937382470816e-05  0.0010795752750709653   0.016419796273112297    0.99986457824707031,0.56796723604202271 0.47224125266075134 0.27968066930770874,8.9814937382470816e-05  0.0010795752750709653   0.016419796273112297    0.99986457824707031
1715867771.6378891,0.57070213556289673 0.46497911214828491 0.27999216318130493, 0.002281667198985815 0.0012319536181166768 0.0098407920449972153   0.99994820356369019,0.57070213556289673 0.46497911214828491 0.27999216318130493, 0.002281667198985815 0.0012319536181166768 0.0098407920449972153   0.99994820356369019
1715867771.642889,0.57249385118484497 0.46027317643165588 0.28022515773773193,0.0035054220352321863 0.0014979636762291193 0.0055264886468648911    0.9999774694442749,0.57249385118484497 0.46027317643165588 0.28022515773773193,0.0035054220352321863 0.0014979636762291193 0.0055264886468648911    0.9999774694442749
