RosTime,PositionForIiwa7,OrientationForIiwa7,PositionForIiwa14,OrientationForIiwa14
1715867765.0484636,0.61872118711471558 0.45574647188186646 0.27939742803573608,-0.0022070561535656452  0.0010413264390081167   -0.23114977777004242    0.97291511297225952,0.61872118711471558 0.45574647188186646 0.27939742803573608,-0.0022070561535656452  0.0010413264390081167   -0.23114977777004242    0.97291511297225952
1715867765.1134586, 0.6206510066986084  0.4012068510055542 0.28007969260215759,-0.0030037784017622471 0.00083165545947849751   -0.13753348588943481    0.99049222469329834, 0.6206510066986084  0.4012068510055542 0.28007969260215759,-0.0030037784017622471 0.00083165545947849751   -0.13753348588943481    0.99049222469329834
