RosTime,PositionForIiwa7,OrientationForIiwa7,PositionForIiwa14,OrientationForIiwa14
1715867718.2083938, 0.5357743501663208 0.49361610412597656  0.2794356644153595,0.0013101780787110329 0.0021242727525532246   0.16266465187072754   0.98667824268341064, 0.5357743501663208 0.49361610412597656  0.2794356644153595,0.0013101780787110329 0.0021242727525532246   0.16266465187072754   0.98667824268341064
