RosTime,PositionForIiwa7,OrientationForIiwa7,PositionForIiwa14,OrientationForIiwa14
1715867759.8778057,0.56082165241241455  0.4899178147315979  0.2797812819480896, 0.0026200574357062578 0.00062679627444595098 -0.0080757737159729004    0.99996376037597656,0.56082165241241455  0.4899178147315979  0.2797812819480896, 0.0026200574357062578 0.00062679627444595098 -0.0080757737159729004    0.99996376037597656
1715867759.9078071,0.56461495161056519 0.46338656544685364 0.27981483936309814, 0.0014066430740058422 0.00061707542045041919  -0.011234311386942863    0.99993568658828735,0.56461495161056519 0.46338656544685364 0.27981483936309814, 0.0014066430740058422 0.00061707542045041919  -0.011234311386942863    0.99993568658828735
