RosTime,PositionForIiwa7,OrientationForIiwa7,PositionForIiwa14,OrientationForIiwa14
1714571956.7012339,0.55849099159240723 0.51823955774307251 0.27969059348106384,0.0016808129148557782 0.0021605382207781076  0.041277561336755753   0.99914395809173584,0.55849099159240723 0.51823955774307251 0.27969059348106384,0.0016808129148557782 0.0021605382207781076  0.041277561336755753   0.99914395809173584
