RosTime,PositionForIiwa7,OrientationForIiwa7,PositionForIiwa14,OrientationForIiwa14
1714572515.0038233,0.56026464700698853 0.58394706249237061   0.279864102602005,0.0022911643609404564 0.0015546493232250214 -0.025532366707921028   0.99967014789581299,0.56026464700698853 0.58394706249237061   0.279864102602005,0.0022911643609404564 0.0015546493232250214 -0.025532366707921028   0.99967014789581299
