RosTime,PositionForIiwa7,OrientationForIiwa7,PositionForIiwa14,OrientationForIiwa14
1714572493.4898334,0.54487413167953491 0.59448397159576416 0.27953493595123291,0.0027672362048178911 0.0017371210269629955  0.016926400363445282   0.99985140562057495,0.54487413167953491 0.59448397159576416 0.27953493595123291,0.0027672362048178911 0.0017371210269629955  0.016926400363445282   0.99985140562057495
1714572493.5049503,0.54847782850265503 0.58111095428466797 0.27953466773033142,0.0023277055006474257 0.0018508868524804711   0.01507489662617445   0.99988192319869995,0.54847782850265503 0.58111095428466797 0.27953466773033142,0.0023277055006474257 0.0018508868524804711   0.01507489662617445   0.99988192319869995
1714572493.5748351,0.55949288606643677 0.52601325511932373 0.27977839112281799,0.00098695873748511076  0.0019654124043881893   0.029949396848678589    0.99954897165298462,0.55949288606643677 0.52601325511932373 0.27977839112281799,0.00098695873748511076  0.0019654124043881893   0.029949396848678589    0.99954897165298462
