RosTime,PositionForIiwa7,OrientationForIiwa7,PositionForIiwa14,OrientationForIiwa14
1714572039.6836495,0.55732762813568115 0.57532060146331787 0.28011509776115417,0.0033230141270905733 0.0017997251125052571  0.082965947687625885   0.99654519557952881,0.55732762813568115 0.57532060146331787 0.28011509776115417,0.0033230141270905733 0.0017997251125052571  0.082965947687625885   0.99654519557952881
