RosTime,PositionForIiwa7,OrientationForIiwa7,PositionForIiwa14,OrientationForIiwa14
1714572509.9347925,0.57873010635375977 0.58616882562637329 0.27912461757659912,-2.5667508452897891e-05   0.0023538859095424414    0.026707533746957779     0.99964052438735962,0.57873010635375977 0.58616882562637329 0.27912461757659912,-2.5667508452897891e-05   0.0023538859095424414    0.026707533746957779     0.99964052438735962
1714572510.009707,0.58716291189193726 0.53207266330718994 0.27923774719238281,-0.00040605073445476592   0.0018739777151495218    0.042122315615415573      0.9991106390953064,0.58716291189193726 0.53207266330718994 0.27923774719238281,-0.00040605073445476592   0.0018739777151495218    0.042122315615415573      0.9991106390953064
