RosTime,PositionForIiwa7,OrientationForIiwa7,PositionForIiwa14,OrientationForIiwa14
1714571934.7452817,0.57064807415008545 0.53575164079666138 0.27827003598213196,-0.0019702899735420942   0.002087294589728117 -0.0062202601693570614     0.9999765157699585,0.57064807415008545 0.53575164079666138 0.27827003598213196,-0.0019702899735420942   0.002087294589728117 -0.0062202601693570614     0.9999765157699585
