RosTime,PositionForIiwa7,OrientationForIiwa7,PositionForIiwa14,OrientationForIiwa14
1714571893.2642632,0.55446255207061768 0.62917524576187134 0.27979573607444763,-0.00072184292366728187  0.00057019398082047701   -0.062794357538223267     0.99802607297897339,0.55446255207061768 0.62917524576187134 0.27979573607444763,-0.00072184292366728187  0.00057019398082047701   -0.062794357538223267     0.99802607297897339
1714571893.2792866,0.55464798212051392 0.61422473192214966 0.27980995178222656,-0.0007192575722001493 0.00054078968241810799  -0.052801065146923065    0.99860465526580811,0.55464798212051392 0.61422473192214966 0.27980995178222656,-0.0007192575722001493 0.00054078968241810799  -0.052801065146923065    0.99860465526580811
