RosTime,PositionForIiwa7,OrientationForIiwa7,PositionForIiwa14,OrientationForIiwa14
1715105838.0834708,0.49894189834594727 0.57759827375411987 0.27948644757270813, -0.0012388046598061919 -0.00016917903849389404   -0.029976718127727509     0.99954980611801147,0.49894189834594727 0.57759827375411987 0.27948644757270813, -0.0012388046598061919 -0.00016917903849389404   -0.029976718127727509     0.99954980611801147
