RosTime,PositionForIiwa7,OrientationForIiwa7,PositionForIiwa14,OrientationForIiwa14
1715106187.9402757,0.49869504570960999 0.58005785942077637 0.27858844399452209,-0.00023747532395645976   0.0024159096647053957   -0.017430329695343971     0.99984514713287354,0.49869504570960999 0.58005785942077637 0.27858844399452209,-0.00023747532395645976   0.0024159096647053957   -0.017430329695343971     0.99984514713287354
1715106187.970278,0.50894200801849365 0.55946618318557739 0.27836164832115173,-0.0009156008018180728  0.0022461011540144682 -0.0065440689213573933    0.99997562170028687,0.50894200801849365 0.55946618318557739 0.27836164832115173,-0.0009156008018180728  0.0022461011540144682 -0.0065440689213573933    0.99997562170028687
1715106187.9802804,0.51275205612182617 0.55083262920379639 0.27849593758583069,-0.00042880949331447482   0.0022555498871952295  -0.0043801735155284405     0.99998778104782104,0.51275205612182617 0.55083262920379639 0.27849593758583069,-0.00042880949331447482   0.0022555498871952295  -0.0043801735155284405     0.99998778104782104
