RosTime,PositionForIiwa7,OrientationForIiwa7,PositionForIiwa14,OrientationForIiwa14
1715106442.4498534,0.51686215400695801   0.847617506980896 0.27800565958023071,-0.0037127607502043247  0.0015526656061410904   0.021572006866335869    0.99975919723510742,0.51686215400695801   0.847617506980896 0.27800565958023071,-0.0037127607502043247  0.0015526656061410904   0.021572006866335869    0.99975919723510742
