RosTime,PositionForIiwa7,OrientationForIiwa7,PositionForIiwa14,OrientationForIiwa14
1715106276.078249,0.52960115671157837 0.68946945667266846 0.27816009521484375,-0.00010523524542804807   0.0025419555604457855 -0.00092869228683412075     0.99999630451202393,0.52960115671157837 0.68946945667266846 0.27816009521484375,-0.00010523524542804807   0.0025419555604457855 -0.00092869228683412075     0.99999630451202393
