RosTime,PositionForIiwa7,OrientationForIiwa7,PositionForIiwa14,OrientationForIiwa14
1715106279.6430173,0.51876300573348999 0.91604244709014893 0.27758494019508362,-0.0036222808994352818  0.0019740154966711998   0.087805554270744324    0.99612909555435181,0.51876300573348999 0.91604244709014893 0.27758494019508362,-0.0036222808994352818  0.0019740154966711998   0.087805554270744324    0.99612909555435181
1715106279.658015,0.51930904388427734 0.92868965864181519 0.27756109833717346,-0.0029495903290808201  0.0023943411651998758   0.074899375438690186    0.99718385934829712,0.51930904388427734 0.92868965864181519 0.27756109833717346,-0.0029495903290808201  0.0023943411651998758   0.074899375438690186    0.99718385934829712
1715106279.6680148,0.51991802453994751 0.93874603509902954 0.27752184867858887,-0.0034086068626493216  0.0020228694193065166   0.064638614654541016    0.99790084362030029,0.51991802453994751 0.93874603509902954 0.27752184867858887,-0.0034086068626493216  0.0020228694193065166   0.064638614654541016    0.99790084362030029
1715106279.6730199,0.52034497261047363 0.94372665882110596 0.27739214897155762,-0.0029356265440583229  0.0021265966352075338   0.059796605259180069    0.99820399284362793,0.52034497261047363 0.94372665882110596 0.27739214897155762,-0.0029356265440583229  0.0021265966352075338   0.059796605259180069    0.99820399284362793
