RosTime,PositionForIiwa7,OrientationForIiwa7,PositionForIiwa14,OrientationForIiwa14
1715106263.0547109,0.54508489370346069 0.85745638608932495 0.27701759338378906,-0.0044027748517692089 0.00098763802088797092  0.0078248176723718643    0.99995923042297363,0.54508489370346069 0.85745638608932495 0.27701759338378906,-0.0044027748517692089 0.00098763802088797092  0.0078248176723718643    0.99995923042297363
1715106263.0597136,0.54481416940689087 0.86248064041137695 0.27715602517127991,-0.0039719096384942532  0.0013925442472100258  0.0063789915293455124    0.99997079372406006,0.54481416940689087 0.86248064041137695 0.27715602517127991,-0.0039719096384942532  0.0013925442472100258  0.0063789915293455124    0.99997079372406006
1715106263.0647364,0.54446309804916382 0.86753928661346436 0.27712205052375793,-0.003281482495367527 0.0020599656272679567 0.0052464446052908897   0.99997872114181519,0.54446309804916382 0.86753928661346436 0.27712205052375793,-0.003281482495367527 0.0020599656272679567 0.0052464446052908897   0.99997872114181519
1715106263.0747399,0.54397934675216675 0.87504827976226807 0.27711817622184753,-0.0037408974021673203  0.0017508681630715728  0.0039465152658522129    0.99998366832733154,0.54397934675216675 0.87504827976226807 0.27711817622184753,-0.0037408974021673203  0.0017508681630715728  0.0039465152658522129    0.99998366832733154
1715106263.0797145,0.54366081953048706 0.88016945123672485 0.27685105800628662,-0.003426381153985858 0.0016232664929702878 0.0029686491470783949    0.9999883770942688,0.54366081953048706 0.88016945123672485 0.27685105800628662,-0.003426381153985858 0.0016232664929702878 0.0029686491470783949    0.9999883770942688
