RosTime,PositionForIiwa7,OrientationForIiwa7,PositionForIiwa14,OrientationForIiwa14
1715106084.0271602,0.49110981822013855 0.57766956090927124 0.27998942136764526,-0.0013835435966029763  0.0092145456001162529  -0.097156256437301636    0.99522554874420166,0.49110981822013855 0.57766956090927124 0.27998942136764526,-0.0013835435966029763  0.0092145456001162529  -0.097156256437301636    0.99522554874420166
