RosTime,PositionForIiwa7,OrientationForIiwa7,PositionForIiwa14,OrientationForIiwa14
1715106259.1977124,0.52437472343444824 0.65750789642333984 0.27863416075706482,-0.003187134861946106 0.0014805018436163664   0.03868500143289566     0.999245285987854,0.52437472343444824 0.65750789642333984 0.27863416075706482,-0.003187134861946106 0.0014805018436163664   0.03868500143289566     0.999245285987854
