RosTime,PositionForIiwa7,OrientationForIiwa7,PositionForIiwa14,OrientationForIiwa14
1715105886.3228841,0.53267025947570801 0.49522170424461365 0.27948129177093506,-0.0038187932223081589  0.0011640331940725446 -0.0053873173892498016    0.99997752904891968,0.53267025947570801 0.49522170424461365 0.27948129177093506,-0.0038187932223081589  0.0011640331940725446 -0.0053873173892498016    0.99997752904891968
