RosTime,PositionForIiwa7,OrientationForIiwa7,PositionForIiwa14,OrientationForIiwa14
1715106373.0436742,0.42447471618652344 0.70423191785812378  0.2782730758190155,-0.0036651885602623224  0.0019146802369505167   -0.14379231631755829    0.98959922790527344,0.42447471618652344 0.70423191785812378  0.2782730758190155,-0.0036651885602623224  0.0019146802369505167   -0.14379231631755829    0.98959922790527344
