RosTime,PositionForIiwa7,OrientationForIiwa7,PositionForIiwa14,OrientationForIiwa14
1715105984.3419304,0.46739527583122253  0.5857158899307251 0.27825579047203064,-0.0041611208580434322   0.001516262418590486   -0.13298283517360687    0.99110841751098633,0.46739527583122253  0.5857158899307251 0.27825579047203064,-0.0041611208580434322   0.001516262418590486   -0.13298283517360687    0.99110841751098633
