RosTime,PositionForIiwa7,OrientationForIiwa7,PositionForIiwa14,OrientationForIiwa14
1715106405.5879395,0.49076294898986816 0.85140609741210938 0.27849119901657104,-0.0033559668809175491  0.0019913201685994864    0.14546997845172882    0.98935496807098389,0.49076294898986816 0.85140609741210938 0.27849119901657104,-0.0033559668809175491  0.0019913201685994864    0.14546997845172882    0.98935496807098389
