RosTime,PositionForIiwa7,OrientationForIiwa7,PositionForIiwa14,OrientationForIiwa14
1715106153.1026554, 0.5335192084312439 0.72573518753051758 0.27857023477554321,0.00074886140646412969   0.001809479552321136  -0.018759120255708694    0.99982213973999023, 0.5335192084312439 0.72573518753051758 0.27857023477554321,0.00074886140646412969   0.001809479552321136  -0.018759120255708694    0.99982213973999023
