RosTime,PositionForIiwa7,OrientationForIiwa7,PositionForIiwa14,OrientationForIiwa14
1715106284.4544055,0.51300895214080811  0.7293667197227478  0.2776145339012146,2.2144693048176123e-06  0.0023874661419540644  -0.048239137977361679    0.99883294105529785,0.51300895214080811  0.7293667197227478  0.2776145339012146,2.2144693048176123e-06  0.0023874661419540644  -0.048239137977361679    0.99883294105529785
1715106284.5144055,0.52968984842300415 0.68063294887542725 0.27791500091552734,-0.0016279998235404491   0.001980883302167058  -0.024731742218136787    0.99969083070755005,0.52968984842300415 0.68063294887542725 0.27791500091552734,-0.0016279998235404491   0.001980883302167058  -0.024731742218136787    0.99969083070755005
1715106284.549428,0.53881567716598511 0.65547913312911987 0.27794909477233887,-0.0014010303420946002  0.0022604542318731546  -0.014171388931572437    0.99989604949951172,0.53881567716598511 0.65547913312911987 0.27794909477233887,-0.0014010303420946002  0.0022604542318731546  -0.014171388931572437    0.99989604949951172
