RosTime,PositionForIiwa7,OrientationForIiwa7,PositionForIiwa14,OrientationForIiwa14
1715106039.4698384,0.45337873697280884 0.54985696077346802  0.2787785530090332,-0.0038188248872756958  0.0016413471894338727  -0.098486036062240601    0.99512976408004761,0.45337873697280884 0.54985696077346802  0.2787785530090332,-0.0038188248872756958  0.0016413471894338727  -0.098486036062240601    0.99512976408004761
1715106039.4798372,0.45821446180343628 0.54416823387145996 0.27878272533416748,-0.0040404414758086205  0.0016599377850070596  -0.090276278555393219    0.99590718746185303,0.45821446180343628 0.54416823387145996 0.27878272533416748,-0.0040404414758086205  0.0016599377850070596  -0.090276278555393219    0.99590718746185303
1715106039.4848375,0.46153447031974792 0.54031765460968018 0.27879345417022705,-0.0037979262415319681  0.0021415906958281994  -0.084505505859851837     0.9964134693145752,0.46153447031974792 0.54031765460968018 0.27879345417022705,-0.0037979262415319681  0.0021415906958281994  -0.084505505859851837     0.9964134693145752
1715106039.48984,0.46488964557647705 0.53659266233444214 0.27882832288742065,-0.0042504523880779743  0.0019386946223676205  -0.078756645321846008    0.99688291549682617,0.46488964557647705 0.53659266233444214 0.27882832288742065,-0.0042504523880779743  0.0019386946223676205  -0.078756645321846008    0.99688291549682617
1715106039.504837,0.47314479947090149  0.5271260142326355 0.27885887026786804,-0.0045354240573942661  0.0019600524101406336  -0.065152153372764587    0.99786311388015747,0.47314479947090149  0.5271260142326355 0.27885887026786804,-0.0045354240573942661  0.0019600524101406336  -0.065152153372764587    0.99786311388015747
