RosTime,PositionForIiwa7,OrientationForIiwa7,PositionForIiwa14,OrientationForIiwa14
1715106074.8174081,0.50019317865371704 0.56306761503219604 0.27922645211219788,-0.0016319210408255458  -0.002440406009554863   -0.19268004596233368    0.98125725984573364,0.50019317865371704 0.56306761503219604 0.27922645211219788,-0.0016319210408255458  -0.002440406009554863   -0.19268004596233368    0.98125725984573364
