RosTime,PositionForIiwa7,OrientationForIiwa7,PositionForIiwa14,OrientationForIiwa14
1715106224.4272339,0.48607087135314941 0.59291321039199829  0.2827378511428833,0.0015803345013409853  0.021134825423359871  -0.14955860376358032   0.98852568864822388,0.48607087135314941 0.59291321039199829  0.2827378511428833,0.0015803345013409853  0.021134825423359871  -0.14955860376358032   0.98852568864822388
