RosTime,PositionForIiwa7,OrientationForIiwa7,PositionForIiwa14,OrientationForIiwa14
1715105673.7588184, 0.6309698224067688 0.52335113286972046 0.27962043881416321,-0.0038398734759539366  0.0013493078295141459 -0.0055299429222941399    0.99997645616531372, 0.6309698224067688 0.52335113286972046 0.27962043881416321,-0.0038398734759539366  0.0013493078295141459 -0.0055299429222941399    0.99997645616531372
