RosTime,PositionForIiwa7,OrientationForIiwa7,PositionForIiwa14,OrientationForIiwa14
1715106327.6067533,0.52532941102981567 0.69756299257278442 0.27875962853431702,-0.0026366366073489189 0.00068882352206856012   0.017288550734519958    0.99984681606292725,0.52532941102981567 0.69756299257278442 0.27875962853431702,-0.0026366366073489189 0.00068882352206856012   0.017288550734519958    0.99984681606292725
