RosTime,PositionForIiwa7,OrientationForIiwa7,PositionForIiwa14,OrientationForIiwa14
1715105880.6225555,0.40967226028442383 0.95520836114883423 0.27682077884674072,-0.0035413522273302078  0.0019707030151039362     0.3671720027923584    0.93014425039291382,0.40967226028442383 0.95520836114883423 0.27682077884674072,-0.0035413522273302078  0.0019707030151039362     0.3671720027923584    0.93014425039291382
1715105880.7275517,0.44421643018722534  1.0074982643127441 0.27699574828147888,-0.0031561718787997961  0.0017491036560386419    0.18236792087554932    0.98322373628616333,0.44421643018722534  1.0074982643127441 0.27699574828147888,-0.0031561718787997961  0.0017491036560386419    0.18236792087554932    0.98322373628616333
