RosTime,PositionForIiwa7,OrientationForIiwa7,PositionForIiwa14,OrientationForIiwa14
1715106143.5597553,0.58918678760528564 0.67779445648193359 0.27869400382041931,-0.0022134704049676657  0.0024853611830621958  -0.012234332039952278      0.999919593334198,0.58918678760528564 0.67779445648193359 0.27869400382041931,-0.0022134704049676657  0.0024853611830621958  -0.012234332039952278      0.999919593334198
