RosTime,PositionForIiwa7,OrientationForIiwa7,PositionForIiwa14,OrientationForIiwa14
1715106130.8980157,0.44757634401321411 0.93937408924102783 0.28386151790618896,-0.010778472758829594  0.030338602140545845   0.26696273684501648   0.96316885948181152,0.44757634401321411 0.93937408924102783 0.28386151790618896,-0.010778472758829594  0.030338602140545845   0.26696273684501648   0.96316885948181152
