RosTime,PositionForIiwa7,OrientationForIiwa7,PositionForIiwa14,OrientationForIiwa14
1715106135.2479208,0.48920845985412598 0.67447048425674438 0.27842393517494202,-0.00026037966017611325   0.0018493161769583821    -0.17477415502071381     0.98460680246353149,0.48920845985412598 0.67447048425674438 0.27842393517494202,-0.00026037966017611325   0.0018493161769583821    -0.17477415502071381     0.98460680246353149
1715106135.2579129,0.49441155791282654 0.66613054275512695 0.27849975228309631,-0.00066024664556607604   0.0021745902486145496    -0.16599181294441223     0.98612451553344727,0.49441155791282654 0.66613054275512695 0.27849975228309631,-0.00066024664556607604   0.0021745902486145496    -0.16599181294441223     0.98612451553344727
