RosTime,PositionForIiwa7,OrientationForIiwa7,PositionForIiwa14,OrientationForIiwa14
1715105095.8685756,0.62873834371566772  1.1008497476577759  0.2765083909034729,0.00026109445025213063 0.00039507600013166666   -0.50453472137451172    0.86339128017425537,0.62873834371566772  1.1008497476577759  0.2765083909034729,0.00026109445025213063 0.00039507600013166666   -0.50453472137451172    0.86339128017425537
