RosTime,PositionForIiwa7,OrientationForIiwa7,PositionForIiwa14,OrientationForIiwa14
1715106122.4452431,0.46781343221664429 0.95836025476455688 0.27793911099433899,-0.0032159306574612856  0.0014280641917139292    0.21008588373661041     0.9776766300201416,0.46781343221664429 0.95836025476455688 0.27793911099433899,-0.0032159306574612856  0.0014280641917139292    0.21008588373661041     0.9776766300201416
