RosTime,PositionForIiwa7,OrientationForIiwa7,PositionForIiwa14,OrientationForIiwa14
1715106464.0907021,0.52375221252441406 0.71672248840332031 0.27888014912605286,-0.00088215264258906245 -0.00067207252141088247   0.0077510625123977661     0.99996936321258545,0.52375221252441406 0.71672248840332031 0.27888014912605286,-0.00088215264258906245 -0.00067207252141088247   0.0077510625123977661     0.99996936321258545
1715106464.0957432,0.52472132444381714 0.71176689863204956 0.27893120050430298, -0.0011239114683121443 -0.00055183551739901304   0.0081184851005673409     0.99996626377105713,0.52472132444381714 0.71176689863204956 0.27893120050430298, -0.0011239114683121443 -0.00055183551739901304   0.0081184851005673409     0.99996626377105713
1715106464.105772,0.52624225616455078 0.70439070463180542 0.27897918224334717, -0.0010330546647310257 -0.00075085338903591037   0.0090204095467925072     0.99995851516723633,0.52624225616455078 0.70439070463180542 0.27897918224334717, -0.0010330546647310257 -0.00075085338903591037   0.0090204095467925072     0.99995851516723633
1715106464.1157718,0.52826547622680664  0.6946064829826355 0.27914953231811523,-0.00080727989552542567 -0.00051351118599995971    0.010157941840589046     0.99994796514511108,0.52826547622680664  0.6946064829826355 0.27914953231811523,-0.00080727989552542567 -0.00051351118599995971    0.010157941840589046     0.99994796514511108
