RosTime,PositionForIiwa7,OrientationForIiwa7,PositionForIiwa14,OrientationForIiwa14
1715105150.0554469,0.65796685218811035  1.0752151012420654 0.27658101916313171,0.00039441569242626429 0.00073660694761201739   -0.52230310440063477    0.85275954008102417,0.65796685218811035  1.0752151012420654 0.27658101916313171,0.00039441569242626429 0.00073660694761201739   -0.52230310440063477    0.85275954008102417
