RosTime,PositionForIiwa7,OrientationForIiwa7,PositionForIiwa14,OrientationForIiwa14
1715178538.9943445,0.49534875154495239 0.86233615875244141 0.28039750456809998,-0.0065686265006661415  0.0088025210425257683    0.30722811818122864    0.95157253742218018,0.49534875154495239 0.86233615875244141 0.28039750456809998,-0.0065686265006661415  0.0088025210425257683    0.30722811818122864    0.95157253742218018
1715178539.0193434,0.49870625138282776 0.87896209955215454 0.28107693791389465,-0.0071409847587347031   0.012052404694259167    0.27615779638290405    0.96101021766662598,0.49870625138282776 0.87896209955215454 0.28107693791389465,-0.0071409847587347031   0.012052404694259167    0.27615779638290405    0.96101021766662598
1715178539.0294123,0.49995920062065125 0.88479495048522949 0.28127691149711609,-0.0077016227878630161   0.013370404951274395    0.26509633660316467    0.96409845352172852,0.49995920062065125 0.88479495048522949 0.28127691149711609,-0.0077016227878630161   0.013370404951274395    0.26509633660316467    0.96409845352172852
1715178539.0543566,0.50554454326629639 0.90430766344070435  0.2821274995803833,-0.0070422934368252754   0.016630236059427261    0.22728598117828369    0.97366058826446533,0.50554454326629639 0.90430766344070435  0.2821274995803833,-0.0070422934368252754   0.016630236059427261    0.22728598117828369    0.97366058826446533
1715178539.1043756,0.51408618688583374 0.94323879480361938 0.28189441561698914,-0.0060422914102673531   0.016394680365920067    0.16172900795936584    0.98668050765991211,0.51408618688583374 0.94323879480361938 0.28189441561698914,-0.0060422914102673531   0.016394680365920067    0.16172900795936584    0.98668050765991211
1715178539.1193454,0.51660251617431641 0.95636653900146484 0.28106024861335754,-0.0047577344812452793    0.01312553882598877    0.14183999598026276     0.9897911548614502,0.51660251617431641 0.95636653900146484 0.28106024861335754,-0.0047577344812452793    0.01312553882598877    0.14183999598026276     0.9897911548614502
