RosTime,PositionForIiwa7,OrientationForIiwa7,PositionForIiwa14,OrientationForIiwa14
1715178839.1914103,0.50056904554367065 0.75776243209838867  0.2789958119392395, -0.0036293612793087959 -0.00027216895250603557    0.021334121003746986     0.99976575374603271,0.50056904554367065 0.75776243209838867  0.2789958119392395, -0.0036293612793087959 -0.00027216895250603557    0.021334121003746986     0.99976575374603271
1715178839.1964478,0.50011402368545532   0.751412034034729  0.2790185809135437, -0.0036520762369036674 -0.00019105670799035579    0.020687835291028023     0.99977928400039673,0.50011402368545532   0.751412034034729  0.2790185809135437, -0.0036520762369036674 -0.00019105670799035579    0.020687835291028023     0.99977928400039673
1715178839.2064669,0.50114530324935913 0.73966264724731445 0.27877113223075867, -0.003369633574038744 0.00049723585834726691   0.019749434664845467    0.99979913234710693,0.50114530324935913 0.73966264724731445 0.27877113223075867, -0.003369633574038744 0.00049723585834726691   0.019749434664845467    0.99979913234710693
1715178839.2114029,0.50074779987335205 0.73360723257064819 0.27871426939964294,-0.0034761526621878147 0.00052879663417115808   0.020036336034536362    0.99979305267333984,0.50074779987335205 0.73360723257064819 0.27871426939964294,-0.0034761526621878147 0.00052879663417115808   0.020036336034536362    0.99979305267333984
