RosTime,PositionForIiwa7,OrientationForIiwa7,PositionForIiwa14,OrientationForIiwa14
1715178736.295975,0.50812017917633057 0.79642927646636963 0.27864173054695129,-0.0030865909066051245  0.0011036226060241461    0.14316488802433014    0.98969340324401855,0.50812017917633057 0.79642927646636963 0.27864173054695129,-0.0030865909066051245  0.0011036226060241461    0.14316488802433014    0.98969340324401855
1715178736.5459342,0.52570837736129761 0.98572361469268799 0.27763769030570984, -0.002170622581616044 0.00083410798106342554  0.0012656365288421512    0.99999648332595825,0.52570837736129761 0.98572361469268799 0.27763769030570984, -0.002170622581616044 0.00083410798106342554  0.0012656365288421512    0.99999648332595825
