RosTime,PositionForIiwa7,OrientationForIiwa7,PositionForIiwa14,OrientationForIiwa14
1715178672.8496387,0.53620809316635132 0.77945435047149658 0.27860471606254578,0.00098087626975029707  0.0019650114700198174    0.10154884308576584    0.99482810497283936,0.53620809316635132 0.77945435047149658 0.27860471606254578,0.00098087626975029707  0.0019650114700198174    0.10154884308576584    0.99482810497283936
1715178672.9096386,0.54759585857391357 0.73483645915985107 0.27873745560646057, 0.0002547548501752317 0.00080726208398118615   0.055527675896883011    0.99845677614212036,0.54759585857391357 0.73483645915985107 0.27873745560646057, 0.0002547548501752317 0.00080726208398118615   0.055527675896883011    0.99845677614212036
1715178672.9346421,0.55298608541488647 0.71732020378112793 0.27886483073234558,0.0012035906547680497 0.0012692102463915944  0.040751650929450989     0.999167799949646,0.55298608541488647 0.71732020378112793 0.27886483073234558,0.0012035906547680497 0.0012692102463915944  0.040751650929450989     0.999167799949646
1715178672.9496615,0.55555522441864014 0.70757746696472168 0.27884885668754578, 0.0010684354929253459 0.00087228906340897083   0.033253103494644165    0.99944603443145752,0.55555522441864014 0.70757746696472168 0.27884885668754578, 0.0010684354929253459 0.00087228906340897083   0.033253103494644165    0.99944603443145752
