RosTime,PositionForIiwa7,OrientationForIiwa7,PositionForIiwa14,OrientationForIiwa14
1715177965.8616042,0.35249242186546326 0.86283314228057861 0.27356204390525818,-0.005780296865850687 0.0023029351141303778   0.45548996329307556   0.89021915197372437,0.35249242186546326 0.86283314228057861 0.27356204390525818,-0.005780296865850687 0.0023029351141303778   0.45548996329307556   0.89021915197372437
1715177965.8666067,0.35115963220596313 0.86243093013763428 0.27925229072570801, -0.0050072451122105122 -0.00059627403970807791     0.45574268698692322     0.89009726047515869,0.35115963220596313 0.86243093013763428 0.27925229072570801, -0.0050072451122105122 -0.00059627403970807791     0.45574268698692322     0.89009726047515869
