RosTime,PositionForIiwa7,OrientationForIiwa7,PositionForIiwa14,OrientationForIiwa14
1715178330.442277,0.50142586231231689 0.65558582544326782  0.2783723771572113,-0.00049304141430184245   0.0021870872005820274   -0.010932814329862595     0.99993771314620972,0.50142586231231689 0.65558582544326782  0.2783723771572113,-0.00049304141430184245   0.0021870872005820274   -0.010932814329862595     0.99993771314620972
1715178330.4822726,0.51502162218093872 0.62732118368148804 0.27863487601280212,-0.0010051563149318099  0.0021610776893794537   0.019402077421545982     0.9998089075088501,0.51502162218093872 0.62732118368148804 0.27863487601280212,-0.0010051563149318099  0.0021610776893794537   0.019402077421545982     0.9998089075088501
1715178330.5122764,0.52525037527084351 0.60529154539108276 0.27874240279197693,-0.0012577397283166647  0.0019104894017800689   0.036894448101520538    0.99931657314300537,0.52525037527084351 0.60529154539108276 0.27874240279197693,-0.0012577397283166647  0.0019104894017800689   0.036894448101520538    0.99931657314300537
