RosTime,PositionForIiwa7,OrientationForIiwa7,PositionForIiwa14,OrientationForIiwa14
1715178149.1957784, 0.6023935079574585 0.66286361217498779 0.27999478578567505,-0.00080190313747152686   0.0018568190280348063     0.24738305807113647     0.96891564130783081, 0.6023935079574585 0.66286361217498779 0.27999478578567505,-0.00080190313747152686   0.0018568190280348063     0.24738305807113647     0.96891564130783081
1715178149.2107739,0.60541564226150513 0.65302157402038574 0.27985712885856628,-0.0016137812053784728  0.0010732832597568631    0.22603774070739746    0.97411662340164185,0.60541564226150513 0.65302157402038574 0.27985712885856628,-0.0016137812053784728  0.0010732832597568631    0.22603774070739746    0.97411662340164185
1715178149.2307343,0.60959601402282715 0.63904249668121338 0.27979317307472229,-0.0032797926105558872  0.0011333102593198419    0.19557715952396393    0.98068219423294067,0.60959601402282715 0.63904249668121338 0.27979317307472229,-0.0032797926105558872  0.0011333102593198419    0.19557715952396393    0.98068219423294067
