RosTime,PositionForIiwa7,OrientationForIiwa7,PositionForIiwa14,OrientationForIiwa14
1715178779.9997005,0.50526821613311768 0.74746692180633545 0.27819809317588806,-0.0047999327071011066  0.0013399870367720723    0.15523913502693176    0.98786437511444092,0.50526821613311768 0.74746692180633545 0.27819809317588806,-0.0047999327071011066  0.0013399870367720723    0.15523913502693176    0.98786437511444092
1715178780.0047076, 0.5055655837059021 0.75346392393112183 0.27844440937042236,-0.0042115021497011185 0.00092722766567021608    0.14979119598865509     0.9887082576751709, 0.5055655837059021 0.75346392393112183 0.27844440937042236,-0.0042115021497011185 0.00092722766567021608    0.14979119598865509     0.9887082576751709
