RosTime,PositionForIiwa7,OrientationForIiwa7,PositionForIiwa14,OrientationForIiwa14
1715178964.8455045,0.52681446075439453 0.93012350797653198 0.27825009822845459,-0.0040759160183370113 4.1816738303168677e-06   0.061626914888620377    0.99809092283248901,0.52681446075439453 0.93012350797653198 0.27825009822845459,-0.0040759160183370113 4.1816738303168677e-06   0.061626914888620377    0.99809092283248901
