RosTime,PositionForIiwa7,OrientationForIiwa7,PositionForIiwa14,OrientationForIiwa14
1715178996.688772,0.54097622632980347 0.84764838218688965 0.27783533930778503,-0.0013111906591802835  0.0016723655862733722    0.13067948818206787    0.99142241477966309,0.54097622632980347 0.84764838218688965 0.27783533930778503,-0.0013111906591802835  0.0016723655862733722    0.13067948818206787    0.99142241477966309
1715178996.7038007,  0.541648268699646 0.83709406852722168 0.27782568335533142,-0.0015985206700861454  0.0015930993249639869    0.11760105937719345    0.99305838346481323,  0.541648268699646 0.83709406852722168 0.27782568335533142,-0.0015985206700861454  0.0015930993249639869    0.11760105937719345    0.99305838346481323
1715178996.7587767,0.54430556297302246 0.79357892274856567 0.27784815430641174,-0.0026314235292375088  0.0014799855416640639   0.062919594347476959    0.99801403284072876,0.54430556297302246 0.79357892274856567 0.27784815430641174,-0.0026314235292375088  0.0014799855416640639   0.062919594347476959    0.99801403284072876
1715178996.778801,0.54507380723953247 0.77853059768676758 0.27788543701171875,-0.0025121376384049654  0.0017359248595312238   0.044587433338165283    0.99900084733963013,0.54507380723953247 0.77853059768676758 0.27788543701171875,-0.0025121376384049654  0.0017359248595312238   0.044587433338165283    0.99900084733963013
1715178996.7887919,0.54539871215820312 0.77010762691497803 0.27800685167312622,-0.0024201523046940565  0.0017539381515234709   0.034469552338123322     0.9994012713432312,0.54539871215820312 0.77010762691497803 0.27800685167312622,-0.0024201523046940565  0.0017539381515234709   0.034469552338123322     0.9994012713432312
1715178996.8337755, 0.5480005145072937 0.73679864406585693 0.27813407778739929,-0.0020370045676827431  0.0011797236511483788 -0.0025273326318711042    0.99999403953552246, 0.5480005145072937 0.73679864406585693 0.27813407778739929,-0.0020370045676827431  0.0011797236511483788 -0.0025273326318711042    0.99999403953552246
1715178997.0037737, 0.5607190728187561 0.61923867464065552 0.27955251932144165,-0.00018357171211391687  -0.0016618403606116772   -0.082581587135791779     0.99658292531967163, 0.5607190728187561 0.61923867464065552 0.27955251932144165,-0.00018357171211391687  -0.0016618403606116772   -0.082581587135791779     0.99658292531967163
