RosTime,PositionForIiwa7,OrientationForIiwa7,PositionForIiwa14,OrientationForIiwa14
1715178628.9361126,0.51545161008834839 0.62980139255523682 0.27894553542137146,-0.0028131857980042696 0.00062616117065772414   0.031433071941137314    0.99950170516967773,0.51545161008834839 0.62980139255523682 0.27894553542137146,-0.0028131857980042696 0.00062616117065772414   0.031433071941137314    0.99950170516967773
1715178628.9411161,0.51673632860183716 0.62478673458099365 0.27886909246444702,-0.0033665925730019808 0.00085738982306793332   0.032134830951690674    0.99947750568389893,0.51673632860183716 0.62478673458099365 0.27886909246444702,-0.0033665925730019808 0.00085738982306793332   0.032134830951690674    0.99947750568389893
1715178628.9461367,0.51876312494277954 0.61914950609207153 0.27874013781547546,-0.0026611234061419964  0.0010464793303981423   0.032621398568153381    0.99946367740631104,0.51876312494277954 0.61914950609207153 0.27874013781547546,-0.0026611234061419964  0.0010464793303981423   0.032621398568153381    0.99946367740631104
1715178628.9611156,0.52196615934371948 0.60710287094116211  0.2788417637348175,-0.0025474319700151682 0.00090126669965684414   0.035671494901180267    0.99935990571975708,0.52196615934371948 0.60710287094116211  0.2788417637348175,-0.0025474319700151682 0.00090126669965684414   0.035671494901180267    0.99935990571975708
1715178628.9961178, 0.5283198356628418 0.57694649696350098 0.27896329760551453,-0.0025957131292670965 0.00098509795498102903     0.0396135114133358    0.99921119213104248, 0.5283198356628418 0.57694649696350098 0.27896329760551453,-0.0025957131292670965 0.00098509795498102903     0.0396135114133358    0.99921119213104248
1715178629.0161128, 0.5311046838760376 0.56208312511444092 0.27906352281570435,-0.0031848927028477192 0.00047306972555816174   0.041418559849262238    0.99913668632507324, 0.5311046838760376 0.56208312511444092 0.27906352281570435,-0.0031848927028477192 0.00047306972555816174   0.041418559849262238    0.99913668632507324
