RosTime,PositionForIiwa7,OrientationForIiwa7,PositionForIiwa14,OrientationForIiwa14
1715178051.0563376,0.37637296319007874  0.8663594126701355 0.27333211898803711,-0.004702666774392128 0.0034955181181430817   0.41251707077026367    0.9109310507774353,0.37637296319007874  0.8663594126701355 0.27333211898803711,-0.004702666774392128 0.0034955181181430817   0.41251707077026367    0.9109310507774353
1715178051.1912942,0.39874345064163208 0.92869734764099121 0.27833107113838196,-0.0038308054208755493  0.0042395368218421936    0.23003894090652466    0.97316467761993408,0.39874345064163208 0.92869734764099121 0.27833107113838196,-0.0038308054208755493  0.0042395368218421936    0.23003894090652466    0.97316467761993408
