RosTime,PositionForIiwa7,OrientationForIiwa7,PositionForIiwa14,OrientationForIiwa14
1715178126.6271214,0.55091667175292969 0.48579427599906921 0.27963626384735107,-0.0027888433542102575  0.0015801364788785577    0.05269278958439827    0.99860560894012451,0.55091667175292969 0.48579427599906921 0.27963626384735107,-0.0027888433542102575  0.0015801364788785577    0.05269278958439827    0.99860560894012451
