RosTime,PositionForIiwa7,OrientationForIiwa7,PositionForIiwa14,OrientationForIiwa14
1715178223.3418181,0.56870687007904053 0.50994759798049927  0.2800489068031311, -0.0045399842783808708 -0.00023063212574925274    0.024620590731501579     0.99968653917312622,0.56870687007904053 0.50994759798049927  0.2800489068031311, -0.0045399842783808708 -0.00023063212574925274    0.024620590731501579     0.99968653917312622
