RosTime,PositionForIiwa7,OrientationForIiwa7,PositionForIiwa14,OrientationForIiwa14
1715177974.2716565,0.56756889820098877  1.0284909009933472 0.27327924966812134,-0.0059884688816964626 0.00095698493532836437    -0.1218261644244194    0.99253290891647339,0.56756889820098877  1.0284909009933472 0.27327924966812134,-0.0059884688816964626 0.00095698493532836437    -0.1218261644244194    0.99253290891647339
1715177974.2766535,0.56943684816360474  1.0265390872955322 0.27814123034477234,-0.0042635439895093441 0.00013648591993842274   -0.12286641448736191    0.99241405725479126,0.56943684816360474  1.0265390872955322 0.27814123034477234,-0.0042635439895093441 0.00013648591993842274   -0.12286641448736191    0.99241405725479126
