RosTime,PositionForIiwa7,OrientationForIiwa7,PositionForIiwa14,OrientationForIiwa14
1715178253.3392322,0.57388418912887573 0.96542656421661377 0.27918383479118347, -0.0026030093431472778 -0.00042843155097216368     -0.1961425244808197     0.98057186603546143,0.57388418912887573 0.96542656421661377 0.27918383479118347, -0.0026030093431472778 -0.00042843155097216368     -0.1961425244808197     0.98057186603546143
1715178253.3592153,0.56701469421386719 0.97958230972290039 0.27901080250740051,-0.0031915437430143356 -0.0004130349843762815    -0.1740698367357254    0.98472803831100464,0.56701469421386719 0.97958230972290039 0.27901080250740051,-0.0031915437430143356 -0.0004130349843762815    -0.1740698367357254    0.98472803831100464
1715178253.3892341,0.55835193395614624  1.0006722211837769 0.27872633934020996, -0.0038324971683323383 -0.00053989002481102943    -0.14121155440807343     0.98997187614440918,0.55835193395614624  1.0006722211837769 0.27872633934020996, -0.0038324971683323383 -0.00053989002481102943    -0.14121155440807343     0.98997187614440918
