RosTime,PositionForIiwa7,OrientationForIiwa7,PositionForIiwa14,OrientationForIiwa14
1715178597.4842002,0.55749869346618652 0.73323631286621094 0.27901926636695862,-0.00056918477639555931   0.0020684490446001291    0.062962420284748077     0.99801361560821533,0.55749869346618652 0.73323631286621094 0.27901926636695862,-0.00056918477639555931   0.0020684490446001291    0.062962420284748077     0.99801361560821533
1715178597.4992435,0.55958622694015503 0.72309398651123047 0.27910342812538147,0.00010818165901582688  0.0012578029418364167   0.049329020082950592    0.99878180027008057,0.55958622694015503 0.72309398651123047 0.27910342812538147,0.00010818165901582688  0.0012578029418364167   0.049329020082950592    0.99878180027008057
1715178597.509244,0.56121015548706055 0.71486020088195801 0.27909576892852783,-0.00043701977119781077  0.00093999860109761357    0.038198117166757584     0.99926966428756714,0.56121015548706055 0.71486020088195801 0.27909576892852783,-0.00043701977119781077  0.00093999860109761357    0.038198117166757584     0.99926966428756714
1715178597.5292747,0.56390160322189331 0.70046842098236084 0.27918809652328491,-0.0008525744779035449  0.0012800475815311074   0.017864158377051353    0.99983924627304077,0.56390160322189331 0.70046842098236084 0.27918809652328491,-0.0008525744779035449  0.0012800475815311074   0.017864158377051353    0.99983924627304077
