RosTime,PositionForIiwa7,OrientationForIiwa7,PositionForIiwa14,OrientationForIiwa14
1715178194.1706941, 0.5607113242149353 0.69628924131393433 0.27935627102851868,-0.0021198545582592487  0.0016716574318706989    0.32546928524971008    0.94554877281188965, 0.5607113242149353 0.69628924131393433 0.27935627102851868,-0.0021198545582592487  0.0016716574318706989    0.32546928524971008    0.94554877281188965
1715178194.1807179,0.56213867664337158 0.68921822309494019 0.27936622500419617,-0.0027139685116708279  0.0013836816651746631    0.31645447015762329    0.94860279560089111,0.56213867664337158 0.68921822309494019 0.27936622500419617,-0.0027139685116708279  0.0013836816651746631    0.31645447015762329    0.94860279560089111
