RosTime,PositionForIiwa7,OrientationForIiwa7,PositionForIiwa14,OrientationForIiwa14
1715178313.0940928,0.53291797637939453 0.70480722188949585 0.27946457266807556, 0.0010252291103824973 -0.0014310235856100917    0.15690578520298004    0.98761200904846191,0.53291797637939453 0.70480722188949585 0.27946457266807556, 0.0010252291103824973 -0.0014310235856100917    0.15690578520298004    0.98761200904846191
