RosTime,PositionForIiwa7,OrientationForIiwa7,PositionForIiwa14,OrientationForIiwa14
1715178753.5488267, 0.5154653787612915 0.85901951789855957 0.27781158685684204,-0.002924610860645771 0.0011723850620910525  0.063089951872825623   0.99800288677215576, 0.5154653787612915 0.85901951789855957 0.27781158685684204,-0.002924610860645771 0.0011723850620910525  0.063089951872825623   0.99800288677215576
1715178753.573853,0.51483798027038574 0.88096606731414795 0.27773758769035339,-0.0029967108275741339  0.0015560241881757975   0.051644556224346161    0.99865984916687012,0.51483798027038574 0.88096606731414795 0.27773758769035339,-0.0029967108275741339  0.0015560241881757975   0.051644556224346161    0.99865984916687012
1715178753.6288381,0.51417046785354614 0.92852801084518433 0.27743339538574219,-0.0033504248131066561  0.0011477365624159575   0.030562203377485275    0.99952661991119385,0.51417046785354614 0.92852801084518433 0.27743339538574219,-0.0033504248131066561  0.0011477365624159575   0.030562203377485275    0.99952661991119385
1715178753.6387799, 0.5141909122467041 0.93740320205688477 0.27745506167411804,-0.0032693576067686081 0.00099750352092087269   0.027360407635569572    0.99961978197097778, 0.5141909122467041 0.93740320205688477 0.27745506167411804,-0.0032693576067686081 0.00099750352092087269   0.027360407635569572    0.99961978197097778
1715178753.6489561,0.51429659128189087 0.94383418560028076 0.27687928080558777,-0.0029581999406218529    0.00150458631105721   0.025140233337879181    0.99967843294143677,0.51429659128189087 0.94383418560028076 0.27687928080558777,-0.0029581999406218529    0.00150458631105721   0.025140233337879181    0.99967843294143677
