RosTime,PositionForIiwa7,OrientationForIiwa7,PositionForIiwa14,OrientationForIiwa14
1715178701.780411,0.47659662365913391  0.7920117974281311 0.27798569202423096,-0.004764799028635025 0.0017533337231725454   0.18919619917869568   0.98192620277404785,0.47659662365913391  0.7920117974281311 0.27798569202423096,-0.004764799028635025 0.0017533337231725454   0.18919619917869568   0.98192620277404785
1715178701.825412,0.47653821110725403 0.82616215944290161 0.27755451202392578,-0.0046864752657711506 0.00088194879936054349    0.15318571031093597    0.98818588256835938,0.47653821110725403 0.82616215944290161 0.27755451202392578,-0.0046864752657711506 0.00088194879936054349    0.15318571031093597    0.98818588256835938
1715178701.8503633,0.47754296660423279  0.8467678427696228  0.2775077223777771,-0.0039004352875053883  0.0013123748358339071    0.13466589152812958     0.9908825159072876,0.47754296660423279  0.8467678427696228  0.2775077223777771,-0.0039004352875053883  0.0013123748358339071    0.13466589152812958     0.9908825159072876
1715178701.9004364,0.48250088095664978 0.88897949457168579 0.27746805548667908,-0.0042477883398532867  0.0016760136932134628   0.096333079040050507    0.99533867835998535,0.48250088095664978 0.88897949457168579 0.27746805548667908,-0.0042477883398532867  0.0016760136932134628   0.096333079040050507    0.99533867835998535
1715178701.910413,0.48375242948532104 0.89850872755050659 0.27737617492675781,-0.0040398822166025639 0.00087509973673149943   0.088552623987197876    0.99606293439865112,0.48375242948532104 0.89850872755050659 0.27737617492675781,-0.0040398822166025639 0.00087509973673149943   0.088552623987197876    0.99606293439865112
1715178701.9254124,0.48542162775993347 0.91044068336486816 0.27728548645973206,-0.0037881573662161827   0.001168870716355741   0.078910999000072479    0.99687379598617554,0.48542162775993347 0.91044068336486816 0.27728548645973206,-0.0037881573662161827   0.001168870716355741   0.078910999000072479    0.99687379598617554
