RosTime,PositionForIiwa7,OrientationForIiwa7,PositionForIiwa14,OrientationForIiwa14
1715178776.3547349,0.49583208560943604 0.71460741758346558 0.27853596210479736,-0.00031158118508756161   0.0015816099476069212    -0.13242079317569733      0.9911922812461853,0.49583208560943604 0.71460741758346558 0.27853596210479736,-0.00031158118508756161   0.0015816099476069212    -0.13242079317569733      0.9911922812461853
1715178776.3747282,0.50189816951751709 0.70128715038299561 0.27838277816772461,-0.0010915733873844147  0.0018406894523650408   -0.12799501419067383    0.99177253246307373,0.50189816951751709 0.70128715038299561 0.27838277816772461,-0.0010915733873844147  0.0018406894523650408   -0.12799501419067383    0.99177253246307373
1715178776.4297519,0.51709973812103271 0.66321563720703125 0.27857846021652222,-0.0011485047871246934  0.0019687814638018608   -0.10808074474334717    0.99413949251174927,0.51709973812103271 0.66321563720703125 0.27857846021652222,-0.0011485047871246934  0.0019687814638018608   -0.10808074474334717    0.99413949251174927
1715178776.4447284,0.52080553770065308 0.65357714891433716  0.2785489559173584,-0.0015709820436313748  0.0022823142353445292   -0.10168138891458511    0.99481314420700073,0.52080553770065308 0.65357714891433716  0.2785489559173584,-0.0015709820436313748  0.0022823142353445292   -0.10168138891458511    0.99481314420700073
1715178776.4647288,0.52598083019256592 0.63995766639709473 0.27872291207313538,-0.0013058594195172191  0.0017743415664881468  -0.092403888702392578    0.99571919441223145,0.52598083019256592 0.63995766639709473 0.27872291207313538,-0.0013058594195172191  0.0017743415664881468  -0.092403888702392578    0.99571919441223145
1715178776.5047274,0.53628212213516235 0.61089253425598145 0.27886277437210083,-0.0018871012143790722   0.001541344216093421  -0.074136450886726379    0.99724513292312622,0.53628212213516235 0.61089253425598145 0.27886277437210083,-0.0018871012143790722   0.001541344216093421  -0.074136450886726379    0.99724513292312622
