RosTime,PositionForIiwa7,OrientationForIiwa7,PositionForIiwa14,OrientationForIiwa14
1715178982.1349123,0.52546089887619019 0.77059429883956909 0.27777546644210815,-0.0037397264968603849  0.0023357626050710678   0.044762052595615387    0.99898797273635864,0.52546089887619019 0.77059429883956909 0.27777546644210815,-0.0037397264968603849  0.0023357626050710678   0.044762052595615387    0.99898797273635864
1715178982.1549132,0.52410519123077393 0.78641152381896973 0.27802678942680359,-0.0038922268431633711  0.0018580525647848845    0.03756338357925415    0.99928492307662964,0.52410519123077393 0.78641152381896973 0.27802678942680359,-0.0038922268431633711  0.0018580525647848845    0.03756338357925415    0.99928492307662964
1715178982.1649144,0.52416324615478516 0.79284024238586426 0.27807775139808655,-0.0037785912863910198  0.0018243921222165227   0.034341335296630859    0.99940133094787598,0.52416324615478516 0.79284024238586426 0.27807775139808655,-0.0037785912863910198  0.0018243921222165227   0.034341335296630859    0.99940133094787598
1715178982.1749144,0.52430051565170288 0.80142587423324585 0.27787211537361145,-0.0045513329096138477  0.0016023387433961034   0.030240863561630249    0.99953097105026245,0.52430051565170288 0.80142587423324585 0.27787211537361145,-0.0045513329096138477  0.0016023387433961034   0.030240863561630249    0.99953097105026245
1715178982.2049119,0.52506595849990845 0.82283848524093628 0.27788516879081726,-0.0035537751391530037  0.0013739572605118155   0.020542334765195847    0.99978172779083252,0.52506595849990845 0.82283848524093628 0.27788516879081726,-0.0035537751391530037  0.0013739572605118155   0.020542334765195847    0.99978172779083252
1715178982.234946,0.52759385108947754  0.8476710319519043 0.27751404047012329,-0.0037255499046295881  0.0014159790007397532   0.011450447142124176    0.99992650747299194,0.52759385108947754  0.8476710319519043 0.27751404047012329,-0.0037255499046295881  0.0014159790007397532   0.011450447142124176    0.99992650747299194
1715178982.3349221,0.53393536806106567 0.91995918750762939 0.27740713953971863,-0.0036064700689166784  0.0011686268262565136  -0.013100271113216877    0.99990701675415039,0.53393536806106567 0.91995918750762939 0.27740713953971863,-0.0036064700689166784  0.0011686268262565136  -0.013100271113216877    0.99990701675415039
