RosTime,PositionForIiwa7,OrientationForIiwa7,PositionForIiwa14,OrientationForIiwa14
1715178352.6451607,0.51090377569198608 0.99177157878875732 0.27286812663078308,-0.0058495616540312767  0.0012526586651802063   0.058695230633020401    0.99825805425643921,0.51090377569198608 0.99177157878875732 0.27286812663078308,-0.0058495616540312767  0.0012526586651802063   0.058695230633020401    0.99825805425643921
