RosTime,PositionForIiwa7,OrientationForIiwa7,PositionForIiwa14,OrientationForIiwa14
1715177930.7098022,0.59465688467025757  1.0740679502487183 0.27234682440757751,-0.0048028668388724327 0.00068705121520906687   -0.26703724265098572    0.96367400884628296,0.59465688467025757  1.0740679502487183 0.27234682440757751,-0.0048028668388724327 0.00068705121520906687   -0.26703724265098572    0.96367400884628296
1715177930.7148049,0.59337258338928223  1.0737583637237549 0.28010314702987671, -0.0021068667992949486 -0.00063151196809485555    -0.26679867506027222     0.96374976634979248,0.59337258338928223  1.0737583637237549 0.28010314702987671, -0.0021068667992949486 -0.00063151196809485555    -0.26679867506027222     0.96374976634979248
