RosTime,PositionForIiwa7,OrientationForIiwa7,PositionForIiwa14,OrientationForIiwa14
1715178685.5255065,0.50851273536682129 0.91572785377502441 0.27840274572372437,-0.0034506574738770723 0.00073038105620071292    0.14517755806446075    0.98939931392669678,0.50851273536682129 0.91572785377502441 0.27840274572372437,-0.0034506574738770723 0.00073038105620071292    0.14517755806446075    0.98939931392669678
