RosTime,PositionForIiwa7,OrientationForIiwa7,PositionForIiwa14,OrientationForIiwa14
1715178780.2147036,0.51104247570037842 0.93323934078216553 0.27743750810623169,-0.0038226079195737839  0.0010056147584691644    0.02835824154317379    0.99958997964859009,0.51104247570037842 0.93323934078216553 0.27743750810623169,-0.0038226079195737839  0.0010056147584691644    0.02835824154317379    0.99958997964859009
1715178780.2397432,0.51312810182571411 0.95403182506561279 0.27710714936256409,-0.0038501713424921036 0.00099212594795972109   0.015072292648255825    0.99987852573394775,0.51312810182571411 0.95403182506561279 0.27710714936256409,-0.0038501713424921036 0.00099212594795972109   0.015072292648255825    0.99987852573394775
1715178780.2547045,0.51444065570831299 0.96745896339416504 0.27696964144706726,-0.0038922461681067944  0.0010152999311685562  0.0068883481435477734    0.99996817111968994,0.51444065570831299 0.96745896339416504 0.27696964144706726,-0.0038922461681067944  0.0010152999311685562  0.0068883481435477734    0.99996817111968994
1715178780.2647021,0.51505279541015625  0.9739641547203064  0.2768382728099823,-0.0039072758518159389 0.00088528229389339685  0.0032676653936505318    0.99998664855957031,0.51505279541015625  0.9739641547203064  0.2768382728099823,-0.0039072758518159389 0.00088528229389339685  0.0032676653936505318    0.99998664855957031
1715178780.289793,0.51578646898269653 0.99275261163711548 0.27693572640419006,-0.0039243893697857857  0.0012211397988721728 -0.0063195335678756237    0.99997156858444214,0.51578646898269653 0.99275261163711548 0.27693572640419006,-0.0039243893697857857  0.0012211397988721728 -0.0063195335678756237    0.99997156858444214
1715178780.3048272,0.51661646366119385   1.003934383392334 0.27690285444259644,-0.0030130345840007067 0.00079042476136237383  -0.011391420848667622    0.99993026256561279,0.51661646366119385   1.003934383392334 0.27690285444259644,-0.0030130345840007067 0.00079042476136237383  -0.011391420848667622    0.99993026256561279
1715178780.3147445,0.51709508895874023  1.0090920925140381 0.27682703733444214,-0.0036667773965746164 0.00093302380992099643  -0.014259225688874722    0.99989116191864014,0.51709508895874023  1.0090920925140381 0.27682703733444214,-0.0036667773965746164 0.00093302380992099643  -0.014259225688874722    0.99989116191864014
