RosTime,PositionForIiwa7,OrientationForIiwa7,PositionForIiwa14,OrientationForIiwa14
1715178488.2058012,0.50505787134170532 0.90098476409912109 0.27801966667175293,-0.0040694498457014561   0.001327216625213623   0.073382213711738586    0.99729472398757935,0.50505787134170532 0.90098476409912109 0.27801966667175293,-0.0040694498457014561   0.001327216625213623   0.073382213711738586    0.99729472398757935
