RosTime,PositionForIiwa7,OrientationForIiwa7,PositionForIiwa14,OrientationForIiwa14
1715178168.3666048,0.48514428734779358 0.59865963459014893 0.27926507592201233,-0.0024793539196252823 0.00032269905204884708 -0.0023849974386394024    0.99999403953552246,0.48514428734779358 0.59865963459014893 0.27926507592201233,-0.0024793539196252823 0.00032269905204884708 -0.0023849974386394024    0.99999403953552246
