RosTime,PositionForIiwa7,OrientationForIiwa7,PositionForIiwa14,OrientationForIiwa14
1715177909.2137034,0.59245491027832031  1.0785980224609375 0.27172437310218811,-0.0013580675004050136  0.0012719064252451062   -0.39626652002334595    0.91813361644744873,0.59245491027832031  1.0785980224609375 0.27172437310218811,-0.0013580675004050136  0.0012719064252451062   -0.39626652002334595    0.91813361644744873
1715177909.2187431,0.59042209386825562  1.0780625343322754 0.27733984589576721,0.00051133893430233002 0.00074809807119891047   -0.38947898149490356    0.92103493213653564,0.59042209386825562  1.0780625343322754 0.27733984589576721,0.00051133893430233002 0.00074809807119891047   -0.38947898149490356    0.92103493213653564
