RosTime,PositionForIiwa7,OrientationForIiwa7,PositionForIiwa14,OrientationForIiwa14
1715177935.816896,0.57099294662475586 0.55848640203475952   0.280019611120224,-0.0011594421230256557 -0.0006353899952955544   0.037997663021087646    0.99927693605422974,0.57099294662475586 0.55848640203475952   0.280019611120224,-0.0011594421230256557 -0.0006353899952955544   0.037997663021087646    0.99927693605422974
1715177935.9918978, 0.5494275689125061 0.51224863529205322 0.27997544407844543, -0.0023494816850870848 -0.00022255461954046041     0.01509704627096653     0.99988323450088501, 0.5494275689125061 0.51224863529205322 0.27997544407844543, -0.0023494816850870848 -0.00022255461954046041     0.01509704627096653     0.99988323450088501
