RosTime,PositionForIiwa7,OrientationForIiwa7,PositionForIiwa14,OrientationForIiwa14
1715178558.3043311,0.46524727344512939 0.90376919507980347 0.27809485793113708,-0.0045684543438255787  0.0004226303135510534    0.17047023773193359    0.98535215854644775,0.46524727344512939 0.90376919507980347 0.27809485793113708,-0.0045684543438255787  0.0004226303135510534    0.17047023773193359    0.98535215854644775
1715178558.3193047,0.46926075220108032 0.91710978746414185 0.27810227870941162,-0.0040334896184504032  0.0007032182184047997    0.14782002568244934    0.98900580406188965,0.46926075220108032 0.91710978746414185 0.27810227870941162,-0.0040334896184504032  0.0007032182184047997    0.14782002568244934    0.98900580406188965
1715178558.334305,0.47265788912773132 0.92827218770980835 0.27800911664962769,-0.0040024397894740105 0.00057931873016059399    0.12975782155990601    0.99153745174407959,0.47265788912773132 0.92827218770980835 0.27800911664962769,-0.0040024397894740105 0.00057931873016059399    0.12975782155990601    0.99153745174407959
1715178558.3542628,0.47742575407028198 0.94360965490341187 0.27777224779129028, -0.0039798184297978878 -0.00015726707351859659     0.10685586184263229      0.9942665696144104,0.47742575407028198 0.94360965490341187 0.27777224779129028, -0.0039798184297978878 -0.00015726707351859659     0.10685586184263229      0.9942665696144104
