RosTime,PositionForIiwa7,OrientationForIiwa7,PositionForIiwa14,OrientationForIiwa14
1715178294.6988356,0.49015453457832336 0.62440478801727295  0.2788054347038269,-0.00090881006326526403   0.0015058189164847136    -0.10929449647665024     0.99400788545608521,0.49015453457832336 0.62440478801727295  0.2788054347038269,-0.00090881006326526403   0.0015058189164847136    -0.10929449647665024     0.99400788545608521
1715178294.7288074,0.50420874357223511 0.60353410243988037 0.27887448668479919,-0.0013503432273864746  0.0015372316120192409  -0.094872929155826569     0.9954872727394104,0.50420874357223511 0.60353410243988037 0.27887448668479919,-0.0013503432273864746  0.0015372316120192409  -0.094872929155826569     0.9954872727394104
1715178294.7538073,0.51525914669036865  0.5868259072303772 0.27902674674987793,-0.002512248931452632 0.0013871808769181371  -0.07921186089515686   0.99685364961624146,0.51525914669036865  0.5868259072303772 0.27902674674987793,-0.002512248931452632 0.0013871808769181371  -0.07921186089515686   0.99685364961624146
