RosTime,PositionForIiwa7,OrientationForIiwa7,PositionForIiwa14,OrientationForIiwa14
1715178719.6396472,0.49190807342529297  0.8222658634185791 0.27867615222930908, -0.0050973594188690186 -9.4082552095642313e-06     0.26564767956733704     0.96405667066574097,0.49190807342529297  0.8222658634185791 0.27867615222930908, -0.0050973594188690186 -9.4082552095642313e-06     0.26564767956733704     0.96405667066574097
1715178719.7446449,0.49728628993034363 0.90350812673568726 0.27792713046073914,-0.0033986654598265886  0.0011540672276169062    0.17266461253166199    0.98497414588928223,0.49728628993034363 0.90350812673568726 0.27792713046073914,-0.0033986654598265886  0.0011540672276169062    0.17266461253166199    0.98497414588928223
1715178719.7496438,0.49657607078552246 0.90899699926376343 0.27812880277633667, -0.003653704421594739 0.00074668688466772437    0.16738490760326385    0.98588454723358154,0.49657607078552246 0.90899699926376343 0.27812880277633667, -0.003653704421594739 0.00074668688466772437    0.16738490760326385    0.98588454723358154
1715178719.769645,0.49797394871711731 0.92571860551834106  0.2784237265586853, -0.0044647320173680782 -0.00096827890956774354     0.14587964117527008     0.98929178714752197,0.49797394871711731 0.92571860551834106  0.2784237265586853, -0.0044647320173680782 -0.00096827890956774354     0.14587964117527008     0.98929178714752197
