RosTime,PositionForIiwa7,OrientationForIiwa7,PositionForIiwa14,OrientationForIiwa14
1715178459.6578615,0.50245434045791626  0.9145318865776062 0.27905279397964478,-0.0051412209868431091  0.0019411243265494704    0.12980611622333527    0.99152415990829468,0.50245434045791626  0.9145318865776062 0.27905279397964478,-0.0051412209868431091  0.0019411243265494704    0.12980611622333527    0.99152415990829468
