RosTime,PositionForIiwa7,OrientationForIiwa7,PositionForIiwa14,OrientationForIiwa14
1715178624.603637,0.47096741199493408 0.82412815093994141 0.27827444672584534,-0.0036261980421841145 0.00020490327733568847    0.13608241081237793    0.99069088697433472,0.47096741199493408 0.82412815093994141 0.27827444672584534,-0.0036261980421841145 0.00020490327733568847    0.13608241081237793    0.99069088697433472
1715178624.6136165,0.47095996141433716  0.8308100700378418 0.27832397818565369,-0.002999716205522418 0.0003317945811431855   0.12854403257369995         0.99169921875,0.47095996141433716  0.8308100700378418 0.27832397818565369,-0.002999716205522418 0.0003317945811431855   0.12854403257369995         0.99169921875
1715178624.6286576, 0.4710976779460907 0.84438788890838623 0.27820107340812683,-0.0026758823078125715 0.00050982943503186107    0.11471302062273026    0.99339491128921509, 0.4710976779460907 0.84438788890838623 0.27820107340812683,-0.0026758823078125715 0.00050982943503186107    0.11471302062273026    0.99339491128921509
1715178624.6386585,0.47117438912391663 0.85126799345016479 0.27814221382141113, -0.0031519432086497545 -6.7273802415002137e-05     0.10852336138486862     0.99408888816833496,0.47117438912391663 0.85126799345016479 0.27814221382141113, -0.0031519432086497545 -6.7273802415002137e-05     0.10852336138486862     0.99408888816833496
1715178624.6836395,0.47234869003295898 0.88894718885421753 0.27747887372970581, -0.0034078357275575399 -0.00026723253540694714    0.079652510583400726     0.99681681394577026,0.47234869003295898 0.88894718885421753 0.27747887372970581, -0.0034078357275575399 -0.00026723253540694714    0.079652510583400726     0.99681681394577026
1715178624.743633,0.47468757629394531 0.94086563587188721 0.27777063846588135, -0.0036291554570198059 -0.00039617030415683985    0.050341125577688217     0.99872541427612305,0.47468757629394531 0.94086563587188721 0.27777063846588135, -0.0036291554570198059 -0.00039617030415683985    0.050341125577688217     0.99872541427612305
1715178624.7736342, 0.4770675003528595 0.96563172340393066 0.27781268954277039,-0.0030830895993858576 -0.0001717171398922801   0.037352144718170166     0.9992973804473877, 0.4770675003528595 0.96563172340393066 0.27781268954277039,-0.0030830895993858576 -0.0001717171398922801   0.037352144718170166     0.9992973804473877
