RosTime,PositionForIiwa7,OrientationForIiwa7,PositionForIiwa14,OrientationForIiwa14
1715178681.3348238,0.55687195062637329 0.76405376195907593 0.27819031476974487,-0.0010071754222735763  0.0025788212660700083    0.15807922184467316    0.98742252588272095,0.55687195062637329 0.76405376195907593 0.27819031476974487,-0.0010071754222735763  0.0025788212660700083    0.15807922184467316    0.98742252588272095
1715178681.3748484,0.56517422199249268 0.73368388414382935 0.27847620844841003,-0.00044611628982238472   0.0017768307588994503     0.12811583280563354     0.99175751209259033,0.56517422199249268 0.73368388414382935 0.27847620844841003,-0.00044611628982238472   0.0017768307588994503     0.12811583280563354     0.99175751209259033
1715178681.3997793,0.56661641597747803 0.72428297996520996 0.27900385856628418,-0.00020279959426261485   0.0010944078676402569     0.11993606388568878     0.99278098344802856,0.56661641597747803 0.72428297996520996 0.27900385856628418,-0.00020279959426261485   0.0010944078676402569     0.11993606388568878     0.99278098344802856
1715178681.4148271,0.57002842426300049  0.7113642692565918 0.27908822894096375,-0.00030344721744768322  0.00073962233727797866      0.1104557067155838      0.9938807487487793,0.57002842426300049  0.7113642692565918 0.27908822894096375,-0.00030344721744768322  0.00073962233727797866      0.1104557067155838      0.9938807487487793
1715178681.4298289,0.57514756917953491 0.69379383325576782 0.27906855940818787,-0.00051097729010507464  0.00095730484463274479     0.09923679381608963     0.99506324529647827,0.57514756917953491 0.69379383325576782 0.27906855940818787,-0.00051097729010507464  0.00095730484463274479     0.09923679381608963     0.99506324529647827
1715178681.4548275,0.57799077033996582 0.67986369132995605 0.27907454967498779,-0.002308491850271821 0.0011938336538150907  0.092876672744750977    0.9956742525100708,0.57799077033996582 0.67986369132995605 0.27907454967498779,-0.002308491850271821 0.0011938336538150907  0.092876672744750977    0.9956742525100708
1715178681.4698262,0.58020514249801636 0.66789144277572632 0.27918949723243713, -0.001060452894307673 0.00084630434866994619   0.089247651398181915    0.99600851535797119,0.58020514249801636 0.66789144277572632 0.27918949723243713, -0.001060452894307673 0.00084630434866994619   0.089247651398181915    0.99600851535797119
