RosTime,PositionForIiwa7,OrientationForIiwa7,PositionForIiwa14,OrientationForIiwa14
1715178576.3108013,0.45366197824478149 0.84490340948104858 0.27844172716140747,-0.0039688865654170513 0.00078278686851263046    0.25131517648696899    0.96789687871932983,0.45366197824478149 0.84490340948104858 0.27844172716140747,-0.0039688865654170513 0.00078278686851263046    0.25131517648696899    0.96789687871932983
1715178576.4107738,0.47268468141555786 0.90993005037307739  0.2785833477973938,-0.0037995714228600264 0.00047284038737416267    0.13081182539463043    0.99139982461929321,0.47268468141555786 0.90993005037307739  0.2785833477973938,-0.0037995714228600264 0.00047284038737416267    0.13081182539463043    0.99139982461929321
