RosTime,PositionForIiwa7,OrientationForIiwa7,PositionForIiwa14,OrientationForIiwa14
1715178017.0980558, 0.5164111852645874  1.0367604494094849 0.27223166823387146,-0.0053888391703367233  0.0020766905508935452  0.0021157355513423681     0.9999811053276062, 0.5164111852645874  1.0367604494094849 0.27223166823387146,-0.0053888391703367233  0.0020766905508935452  0.0021157355513423681     0.9999811053276062
1715178017.1030562,0.51679778099060059  1.0378026962280273 0.27908101677894592,-0.0032688365317881107 0.00031179733923636377 -0.0040143472142517567    0.99998652935028076,0.51679778099060059  1.0378026962280273 0.27908101677894592,-0.0032688365317881107 0.00031179733923636377 -0.0040143472142517567    0.99998652935028076
