RosTime,PositionForIiwa7,OrientationForIiwa7,PositionForIiwa14,OrientationForIiwa14
1715178482.3136559,0.51157623529434204 0.66496288776397705 0.27841237187385559,-0.0030455098021775484  0.0018337283981963992  -0.055781502276659012    0.99843668937683105,0.51157623529434204 0.66496288776397705 0.27841237187385559,-0.0030455098021775484  0.0018337283981963992  -0.055781502276659012    0.99843668937683105
1715178482.3386512,0.52007400989532471 0.64902406930923462 0.27851179242134094,-0.0028599267825484276  0.0017800343921408057   -0.04475388303399086    0.99899238348007202,0.52007400989532471 0.64902406930923462 0.27851179242134094,-0.0028599267825484276  0.0017800343921408057   -0.04475388303399086    0.99899238348007202
