RosTime,PositionForIiwa7,OrientationForIiwa7,PositionForIiwa14,OrientationForIiwa14
1715178492.5728273,0.56022024154663086 0.70666390657424927 0.27907824516296387,-0.0004712482332251966  0.0016911037964746356    0.19660961627960205    0.98048025369644165,0.56022024154663086 0.70666390657424927 0.27907824516296387,-0.0004712482332251966  0.0016911037964746356    0.19660961627960205    0.98048025369644165
