RosTime,PositionForIiwa7,OrientationForIiwa7,PositionForIiwa14,OrientationForIiwa14
1715178693.7945735, 0.4923136830329895 0.83274245262145996  0.2784675657749176,-0.003253960981965065 0.0010244960431009531   0.13857443630695343   0.99034613370895386, 0.4923136830329895 0.83274245262145996  0.2784675657749176,-0.003253960981965065 0.0010244960431009531   0.13857443630695343   0.99034613370895386
1715178693.8045597,0.49378231167793274 0.84198170900344849 0.27846407890319824,-0.0028293130453675985  0.0014152651419863105    0.12770374119281769    0.99180734157562256,0.49378231167793274 0.84198170900344849 0.27846407890319824,-0.0028293130453675985  0.0014152651419863105    0.12770374119281769    0.99180734157562256
1715178693.8395777,0.49791154265403748 0.87035411596298218 0.27839002013206482,-0.0028283540159463882  0.0012462905142456293   0.096453078091144562    0.99533271789550781,0.49791154265403748 0.87035411596298218 0.27839002013206482,-0.0028283540159463882  0.0012462905142456293   0.096453078091144562    0.99533271789550781
1715178693.8795979,0.50214433670043945 0.90595358610153198 0.27827131748199463,-0.0027630496770143509 0.00089259014930576086   0.062565766274929047    0.99803662300109863,0.50214433670043945 0.90595358610153198 0.27827131748199463,-0.0027630496770143509 0.00089259014930576086   0.062565766274929047    0.99803662300109863
1715178693.9045992,0.50393813848495483 0.92673796415328979 0.27814546227455139, -0.002697046147659421 0.00028948212275281549   0.046271968632936478    0.99892520904541016,0.50393813848495483 0.92673796415328979 0.27814546227455139, -0.002697046147659421 0.00028948212275281549   0.046271968632936478    0.99892520904541016
1715178693.9295807, 0.5055917501449585 0.94698578119277954 0.27803653478622437,-0.0025323969312012196  0.0007362499600276351   0.031054055318236351    0.99951422214508057, 0.5055917501449585 0.94698578119277954 0.27803653478622437,-0.0025323969312012196  0.0007362499600276351   0.031054055318236351    0.99951422214508057
1715178693.949578,0.50708955526351929 0.96237355470657349 0.27809068560600281,-0.0027897597756236792  0.0005878087249584496   0.018173590302467346    0.99983078241348267,0.50708955526351929 0.96237355470657349 0.27809068560600281,-0.0027897597756236792  0.0005878087249584496   0.018173590302467346    0.99983078241348267
