RosTime,PositionForIiwa7,OrientationForIiwa7,PositionForIiwa14,OrientationForIiwa14
1715177939.5720334,0.56032705307006836  1.0264912843704224    0.27264404296875,-0.0067979460582137108  0.0014625606127083302  -0.065178871154785156    0.99784934520721436,0.56032705307006836  1.0264912843704224    0.27264404296875,-0.0067979460582137108  0.0014625606127083302  -0.065178871154785156    0.99784934520721436
1715177939.5770271,0.56058043241500854  1.0253384113311768  0.2791975736618042,-0.0045344633981585503 8.7746790086384863e-05  -0.065560668706893921    0.99783825874328613,0.56058043241500854  1.0253384113311768  0.2791975736618042,-0.0045344633981585503 8.7746790086384863e-05  -0.065560668706893921    0.99783825874328613
