RosTime,PositionForIiwa7,OrientationForIiwa7,PositionForIiwa14,OrientationForIiwa14
1715178510.0596695,0.50821405649185181 0.68037641048431396 0.27867424488067627,-0.0017539710970595479  0.0015957447467371821   0.024352984502911568    0.99970060586929321,0.50821405649185181 0.68037641048431396 0.27867424488067627,-0.0017539710970595479  0.0015957447467371821   0.024352984502911568    0.99970060586929321
1715178510.0746713,0.51325809955596924 0.66904020309448242 0.27875420451164246,-0.0014861499657854438  0.0012813421199098229   0.026532407850027084    0.99964600801467896,0.51325809955596924 0.66904020309448242 0.27875420451164246,-0.0014861499657854438  0.0012813421199098229   0.026532407850027084    0.99964600801467896
1715178510.0996969,0.52064168453216553 0.65187340974807739 0.27872771024703979,-0.0025541714858263731  0.0012972276890650392   0.029822301119565964    0.99955111742019653,0.52064168453216553 0.65187340974807739 0.27872771024703979,-0.0025541714858263731  0.0012972276890650392   0.029822301119565964    0.99955111742019653
