RosTime,PositionForIiwa7,OrientationForIiwa7,PositionForIiwa14,OrientationForIiwa14
1715178929.2924933,0.49075755476951599 0.81318867206573486 0.27876803278923035,-0.0052565052174031734 -0.0011167668271809816   0.081393040716648102    0.99666762351989746,0.49075755476951599 0.81318867206573486 0.27876803278923035,-0.0052565052174031734 -0.0011167668271809816   0.081393040716648102    0.99666762351989746
1715178929.3574862,0.49258473515510559 0.86390191316604614 0.27839997410774231, -0.0048402417451143265 -0.00052751472685486078    0.049278605729341507     0.99877321720123291,0.49258473515510559 0.86390191316604614 0.27839997410774231, -0.0048402417451143265 -0.00052751472685486078    0.049278605729341507     0.99877321720123291
1715178929.367486,0.49316468834877014 0.87033188343048096 0.27841606736183167, -0.0040936516597867012 -9.8431286460254341e-05     0.04684179276227951     0.99889391660690308,0.49316468834877014 0.87033188343048096 0.27841606736183167, -0.0040936516597867012 -9.8431286460254341e-05     0.04684179276227951     0.99889391660690308
