RosTime,PositionForIiwa7,OrientationForIiwa7,PositionForIiwa14,OrientationForIiwa14
1715178231.8719249,0.57132875919342041 0.69541746377944946 0.27949771285057068,-0.00085560366278514266   0.0022903722710907459     0.33021056652069092     0.94390410184860229,0.57132875919342041 0.69541746377944946 0.27949771285057068,-0.00085560366278514266   0.0022903722710907459     0.33021056652069092     0.94390410184860229
1715178231.8869267,0.57476592063903809 0.68589520454406738 0.27942982316017151,-0.0018144524656236172  0.0022820406593382359    0.31193137168884277    0.95010018348693848,0.57476592063903809 0.68589520454406738 0.27942982316017151,-0.0018144524656236172  0.0022820406593382359    0.31193137168884277    0.95010018348693848
