RosTime,PositionForIiwa7,OrientationForIiwa7,PositionForIiwa14,OrientationForIiwa14
1715178668.4204557,0.50301593542098999 0.83574080467224121 0.27823707461357117,-0.0028061717748641968  0.0009780277032405138   0.085492044687271118    0.99633443355560303,0.50301593542098999 0.83574080467224121 0.27823707461357117,-0.0028061717748641968  0.0009780277032405138   0.085492044687271118    0.99633443355560303
1715178668.4504554,0.50440669059753418 0.86066150665283203 0.27806428074836731,-0.0030822600238025188  0.0011806621914729476   0.074264973402023315    0.99723309278488159,0.50440669059753418 0.86066150665283203 0.27806428074836731,-0.0030822600238025188  0.0011806621914729476   0.074264973402023315    0.99723309278488159
1715178668.4854591,0.50662052631378174 0.88898980617523193 0.27792972326278687,-0.0039149918593466282 0.00092827767366543412   0.056676901876926422    0.99838447570800781,0.50662052631378174 0.88898980617523193 0.27792972326278687,-0.0039149918593466282 0.00092827767366543412   0.056676901876926422    0.99838447570800781
1715178668.4904563,  0.506508469581604 0.89398056268692017 0.27835646271705627, -0.003626969875767827 0.00075016642222180963   0.053818807005882263    0.99854385852813721,  0.506508469581604 0.89398056268692017 0.27835646271705627, -0.003626969875767827 0.00075016642222180963   0.053818807005882263    0.99854385852813721
1715178668.5454571,0.50977498292922974 0.94156479835510254 0.27834698557853699,-0.0036840916145592928 0.00045471169869415462   0.021331822499632835    0.99976557493209839,0.50977498292922974 0.94156479835510254 0.27834698557853699,-0.0036840916145592928 0.00045471169869415462   0.021331822499632835    0.99976557493209839
1715178668.5704541,0.51091116666793823  0.9617190957069397 0.27828556299209595,-0.0035841513890773058 0.00038050909643061459  0.0096004074439406395    0.99994742870330811,0.51091116666793823  0.9617190957069397 0.27828556299209595,-0.0035841513890773058 0.00038050909643061459  0.0096004074439406395    0.99994742870330811
