RosTime,PositionForIiwa7,OrientationForIiwa7,PositionForIiwa14,OrientationForIiwa14
1715178276.5458965,0.54040157794952393 0.71960645914077759 0.27902171015739441,-0.0035200067795813084  0.0016868452075868845    0.34683948755264282    0.93791639804840088,0.54040157794952393 0.71960645914077759 0.27902171015739441,-0.0035200067795813084  0.0016868452075868845    0.34683948755264282    0.93791639804840088
1715178276.5808978,0.54791891574859619 0.69274908304214478 0.27923575043678284,-0.002599440049380064 0.0014270790852606297   0.30087754130363464   0.95365816354751587,0.54791891574859619 0.69274908304214478 0.27923575043678284,-0.002599440049380064 0.0014270790852606297   0.30087754130363464   0.95365816354751587
