RosTime,PositionForIiwa7,OrientationForIiwa7,PositionForIiwa14,OrientationForIiwa14
1715178177.059943,0.52735424041748047 0.52432125806808472 0.27924555540084839,-0.0028595593757927418  0.0012049706419929862   0.043179623782634735    0.99906247854232788,0.52735424041748047 0.52432125806808472 0.27924555540084839,-0.0028595593757927418  0.0012049706419929862   0.043179623782634735    0.99906247854232788
