RosTime,PositionForIiwa7,OrientationForIiwa7,PositionForIiwa14,OrientationForIiwa14
1715178059.8218021,0.41989609599113464 0.89413547515869141 0.27377358078956604,0.00029499435913749039  0.0066834320314228535    0.45262035727500916    0.89167821407318115,0.41989609599113464 0.89413547515869141 0.27377358078956604,0.00029499435913749039  0.0066834320314228535    0.45262035727500916    0.89167821407318115
