RosTime,PositionForIiwa7,OrientationForIiwa7,PositionForIiwa14,OrientationForIiwa14
1715178271.4620101,0.50578564405441284  1.0279967784881592 0.27707383036613464,-0.0030858861282467842 0.00087718822760507464  -0.031559593975543976     0.9994966983795166,0.50578564405441284  1.0279967784881592 0.27707383036613464,-0.0030858861282467842 0.00087718822760507464  -0.031559593975543976     0.9994966983795166
