RosTime,PositionForIiwa7,OrientationForIiwa7,PositionForIiwa14,OrientationForIiwa14
1715178584.4072797,0.50110530853271484 0.87784779071807861 0.27815535664558411, -0.0046295654028654099 -0.00016358804714400321     0.13887228071689606     0.99029946327209473,0.50110530853271484 0.87784779071807861 0.27815535664558411, -0.0046295654028654099 -0.00016358804714400321     0.13887228071689606     0.99029946327209473
1715178584.4271512,0.50207555294036865 0.89426523447036743 0.27807387709617615,-0.0040747001767158508 0.00024965772172436118    0.11672459542751312    0.99315595626831055,0.50207555294036865 0.89426523447036743 0.27807387709617615,-0.0040747001767158508 0.00024965772172436118    0.11672459542751312    0.99315595626831055
1715178584.4471726,0.50345247983932495 0.91077214479446411  0.2780366837978363,-0.0035967878066003323 -6.035941987647675e-05   0.094468638300895691    0.99552136659622192,0.50345247983932495 0.91077214479446411  0.2780366837978363,-0.0035967878066003323 -6.035941987647675e-05   0.094468638300895691    0.99552136659622192
