RosTime,PositionForIiwa7,OrientationForIiwa7,PositionForIiwa14,OrientationForIiwa14
1715178034.4554889,0.50391209125518799  1.0048291683197021 0.27241674065589905, -0.00497434101998806 0.0023295884020626545   0.12441474199295044   0.99221509695053101,0.50391209125518799  1.0048291683197021 0.27241674065589905, -0.00497434101998806 0.0023295884020626545   0.12441474199295044   0.99221509695053101
1715178034.4655333,0.50411266088485718  1.0057399272918701 0.27750492095947266,-0.0032450808212161064 0.00084716093260794878    0.11730721592903137    0.99309003353118896,0.50411266088485718  1.0057399272918701 0.27750492095947266,-0.0032450808212161064 0.00084716093260794878    0.11730721592903137    0.99309003353118896
