RosTime,PositionForIiwa7,OrientationForIiwa7,PositionForIiwa14,OrientationForIiwa14
1715178885.8822474,0.49876609444618225 0.92361563444137573 0.27752137184143066,-0.0038058215286582708  0.0016197387594729662   0.081660881638526917    0.99665158987045288,0.49876609444618225 0.92361563444137573 0.27752137184143066,-0.0038058215286582708  0.0016197387594729662   0.081660881638526917    0.99665158987045288
1715178885.8922603, 0.5003286600112915 0.93199342489242554 0.27757188677787781,-0.0034309388138353825   0.001344065647572279   0.076729997992515564    0.99704509973526001, 0.5003286600112915 0.93199342489242554 0.27757188677787781,-0.0034309388138353825   0.001344065647572279   0.076729997992515564    0.99704509973526001
1715178885.8972597,0.50142765045166016 0.93738490343093872 0.27745375037193298,-0.0037116906605660915    0.00152348552364856   0.073397792875766754    0.99729466438293457,0.50142765045166016 0.93738490343093872 0.27745375037193298,-0.0037116906605660915    0.00152348552364856   0.073397792875766754    0.99729466438293457
1715178885.9022593,0.50232404470443726 0.94271457195281982 0.27731630206108093,-0.0034971605055034161  0.0018289096187800169   0.070213131606578827     0.9975242018699646,0.50232404470443726 0.94271457195281982 0.27731630206108093,-0.0034971605055034161  0.0018289096187800169   0.070213131606578827     0.9975242018699646
1715178885.9072568,0.50361931324005127 0.94787901639938354 0.27747198939323425,-0.0032590432092547417  0.0020152621436864138   0.067381776869297028    0.99771988391876221,0.50361931324005127 0.94787901639938354 0.27747198939323425,-0.0032590432092547417  0.0020152621436864138   0.067381776869297028    0.99771988391876221
1715178885.9172418, 0.5052642822265625 0.95539534091949463 0.27736812829971313,-0.0033090668730437756  0.0020488773006945848   0.063118994235992432    0.99799841642379761, 0.5052642822265625 0.95539534091949463 0.27736812829971313,-0.0033090668730437756  0.0020488773006945848   0.063118994235992432    0.99799841642379761
