RosTime,PositionForIiwa7,OrientationForIiwa7,PositionForIiwa14,OrientationForIiwa14
1715177984.0875723,0.51694601774215698  1.0710270404815674 0.27850481867790222,-0.0033436471130698919 0.00096006668172776699   0.029216131195425987    0.99956709146499634,0.51694601774215698  1.0710270404815674 0.27850481867790222,-0.0033436471130698919 0.00096006668172776699   0.029216131195425987    0.99956709146499634
