RosTime,PositionForIiwa7,OrientationForIiwa7,PositionForIiwa14,OrientationForIiwa14
1715178504.805449,0.48016414046287537 0.89247030019760132 0.27887195348739624,-0.0033195374999195337  0.0013220097171142697   0.093341358006000519      0.995627760887146,0.48016414046287537 0.89247030019760132 0.27887195348739624,-0.0033195374999195337  0.0013220097171142697   0.093341358006000519      0.995627760887146
