RosTime,PositionForIiwa7,OrientationForIiwa7,PositionForIiwa14,OrientationForIiwa14
1715178376.6443145,0.50583887100219727 0.60851502418518066 0.27910396456718445,0.0017408899730071425 0.0022030912805348635  0.049422990530729294   0.99877399206161499,0.50583887100219727 0.60851502418518066 0.27910396456718445,0.0017408899730071425 0.0022030912805348635  0.049422990530729294   0.99877399206161499
