RosTime,PositionForIiwa7,OrientationForIiwa7,PositionForIiwa14,OrientationForIiwa14
1715178073.6828048,0.51988518238067627 0.64349287748336792 0.27920171618461609, 0.001159012783318758 0.0010258901165798306 -0.043473310768604279   0.99905341863632202,0.51988518238067627 0.64349287748336792 0.27920171618461609, 0.001159012783318758 0.0010258901165798306 -0.043473310768604279   0.99905341863632202
