RosTime,PositionForIiwa7,OrientationForIiwa7,PositionForIiwa14,OrientationForIiwa14
1715178349.1447527,0.55931955575942993 0.70176941156387329 0.28047639131546021,0.0084446622058749199 0.0037020060699433088   0.18920759856700897   0.98189383745193481,0.55931955575942993 0.70176941156387329 0.28047639131546021,0.0084446622058749199 0.0037020060699433088   0.18920759856700897   0.98189383745193481
