RosTime,PositionForIiwa7,OrientationForIiwa7,PositionForIiwa14,OrientationForIiwa14
1715178789.7801123,0.48464727401733398 0.74452841281890869 0.28276258707046509,-0.010311413556337357  0.019093738868832588   0.29912832379341125   0.95396614074707031,0.48464727401733398 0.74452841281890869 0.28276258707046509,-0.010311413556337357  0.019093738868832588   0.29912832379341125   0.95396614074707031
