RosTime,PositionForIiwa7,OrientationForIiwa7,PositionForIiwa14,OrientationForIiwa14
1715178803.5287111,0.60322195291519165 0.61769497394561768 0.27949535846710205,-0.00060474697966128588   0.0014600830618292093     0.12760932743549347     0.99182325601577759,0.60322195291519165 0.61769497394561768 0.27949535846710205,-0.00060474697966128588   0.0014600830618292093     0.12760932743549347     0.99182325601577759
