RosTime,PositionForIiwa7,OrientationForIiwa7,PositionForIiwa14,OrientationForIiwa14
1715179141.212749, 0.5463787317276001 0.49462294578552246 0.28016266226768494,-0.0036260925699025393  0.0014134091325104237    0.37474417686462402    0.92712008953094482, 0.5463787317276001 0.49462294578552246 0.28016266226768494,-0.0036260925699025393  0.0014134091325104237    0.37474417686462402    0.92712008953094482
