RosTime,PositionForIiwa7,OrientationForIiwa7,PositionForIiwa14,OrientationForIiwa14
1715178120.7801061,0.50184708833694458 0.92968189716339111   0.272992342710495,-0.0052742045372724533  0.0018285412807017565    0.22142681479454041    0.97516101598739624,0.50184708833694458 0.92968189716339111   0.272992342710495,-0.0052742045372724533  0.0018285412807017565    0.22142681479454041    0.97516101598739624
1715178120.7851083,0.50129735469818115 0.92884266376495361 0.27967694401741028, -0.0032286406494677067 -0.00033311735023744404      0.2214653342962265     0.97516286373138428,0.50129735469818115 0.92884266376495361 0.27967694401741028, -0.0032286406494677067 -0.00033311735023744404      0.2214653342962265     0.97516286373138428
