RosTime,PositionForIiwa7,OrientationForIiwa7,PositionForIiwa14,OrientationForIiwa14
1715178572.4633644,0.53845345973968506 0.63571542501449585 0.27897340059280396,-0.0028734952211380005    0.00182326789945364  -0.042505361139774323    0.99909043312072754,0.53845345973968506 0.63571542501449585 0.27897340059280396,-0.0028734952211380005    0.00182326789945364  -0.042505361139774323    0.99909043312072754
