RosTime,PositionForIiwa7,OrientationForIiwa7,PositionForIiwa14,OrientationForIiwa14
1715178518.1366785,0.54720520973205566 0.63517999649047852 0.27942678332328796,-0.0010681441053748131 3.0091106964391656e-05  -0.042810011655092239    0.99908268451690674,0.54720520973205566 0.63517999649047852 0.27942678332328796,-0.0010681441053748131 3.0091106964391656e-05  -0.042810011655092239    0.99908268451690674
