RosTime,PositionForIiwa7,OrientationForIiwa7,PositionForIiwa14,OrientationForIiwa14
1715178258.1781149,0.52877628803253174 0.67464470863342285 0.27937015891075134,-0.0012257423950359225  0.0009198084007948637    0.18710024654865265    0.98233962059020996,0.52877628803253174 0.67464470863342285 0.27937015891075134,-0.0012257423950359225  0.0009198084007948637    0.18710024654865265    0.98233962059020996
1715178258.1930609,0.53202718496322632 0.66420882940292358 0.27958568930625916,-0.00013349358050618321  0.00046456599375233054     0.17296406626701355     0.98492801189422607,0.53202718496322632 0.66420882940292358 0.27958568930625916,-0.00013349358050618321  0.00046456599375233054     0.17296406626701355     0.98492801189422607
1715178258.2680407,0.55013072490692139 0.60463762283325195 0.27960088849067688,-0.0033159707672894001 0.00099210615735501051   0.087985031306743622    0.99611580371856689,0.55013072490692139 0.60463762283325195 0.27960088849067688,-0.0033159707672894001 0.00099210615735501051   0.087985031306743622    0.99611580371856689
1715178258.2830846,0.55345261096954346 0.59188395738601685   0.279561847448349,-0.0032912907190620899  0.0012398418039083481    0.06913776695728302    0.99760091304779053,0.55345261096954346 0.59188395738601685   0.279561847448349,-0.0032912907190620899  0.0012398418039083481    0.06913776695728302    0.99760091304779053
1715178258.2980833,0.55566573143005371 0.58137047290802002 0.27939289808273315,-0.0029471269808709621  0.0015148433158174157    0.05388583242893219    0.99854159355163574,0.55566573143005371 0.58137047290802002 0.27939289808273315,-0.0029471269808709621  0.0015148433158174157    0.05388583242893219    0.99854159355163574
