RosTime,PositionForIiwa7,OrientationForIiwa7,PositionForIiwa14,OrientationForIiwa14
1715177957.2079821,0.54007428884506226  1.0451408624649048 0.27224510908126831,-0.0067917522974312305   0.001597370021045208 -0.0082225659862160683    0.99994182586669922,0.54007428884506226  1.0451408624649048 0.27224510908126831,-0.0067917522974312305   0.001597370021045208 -0.0082225659862160683    0.99994182586669922
1715177957.2129803,0.54072058200836182  1.0439393520355225 0.27792349457740784,-0.0048202374018728733 0.00035336660221219063 -0.0086640389636158943    0.99995076656341553,0.54072058200836182  1.0439393520355225 0.27792349457740784,-0.0048202374018728733 0.00035336660221219063 -0.0086640389636158943    0.99995076656341553
