RosTime,PositionForIiwa7,OrientationForIiwa7,PositionForIiwa14,OrientationForIiwa14
1715178664.3071289,0.55718296766281128 0.74397772550582886 0.27861437201499939,-5.8882866142084822e-05    0.001277472241781652    0.016979455947875977     0.99985504150390625,0.55718296766281128 0.74397772550582886 0.27861437201499939,-5.8882866142084822e-05    0.001277472241781652    0.016979455947875977     0.99985504150390625
1715178664.3571019,0.56036382913589478 0.70739799737930298 0.27874082326889038,-0.00013018326717428863    0.001093789585866034   -0.006767928134649992      0.9999765157699585,0.56036382913589478 0.70739799737930298 0.27874082326889038,-0.00013018326717428863    0.001093789585866034   -0.006767928134649992      0.9999765157699585
1715178664.3770995,0.56106787919998169  0.6928820013999939 0.27881813049316406,-0.00059891375713050365   0.0015305111883208156   -0.010960107669234276     0.99993860721588135,0.56106787919998169  0.6928820013999939 0.27881813049316406,-0.00059891375713050365   0.0015305111883208156   -0.010960107669234276     0.99993860721588135
