RosTime,PositionForIiwa7,OrientationForIiwa7,PositionForIiwa14,OrientationForIiwa14
1715178243.8029237,0.48560130596160889 0.92925631999969482 0.27278989553451538,-0.0052157058380544186  0.0016696685925126076    0.22004038095474243    0.97547537088394165,0.48560130596160889 0.92925631999969482 0.27278989553451538,-0.0052157058380544186  0.0016696685925126076    0.22004038095474243    0.97547537088394165
1715178243.8079214,0.48415526747703552 0.92896884679794312 0.27969032526016235, -0.0034523438662290573 -0.00092921452596783638     0.22037556767463684     0.97540855407714844,0.48415526747703552 0.92896884679794312 0.27969032526016235, -0.0034523438662290573 -0.00092921452596783638     0.22037556767463684     0.97540855407714844
