RosTime,PositionForIiwa7,OrientationForIiwa7,PositionForIiwa14,OrientationForIiwa14
1715178404.4625344,0.50620841979980469 0.70524954795837402 0.27842375636100769,-0.0016797238495200872   0.001860179821960628  -0.051237288862466812    0.99868333339691162,0.50620841979980469 0.70524954795837402 0.27842375636100769,-0.0016797238495200872   0.001860179821960628  -0.051237288862466812    0.99868333339691162
1715178404.5425372,0.53057414293289185 0.64273059368133545 0.27859440445899963,-0.0035794849973171949  0.0017025660490617156  -0.046629413962364197    0.99890440702438354,0.53057414293289185 0.64273059368133545 0.27859440445899963,-0.0035794849973171949  0.0017025660490617156  -0.046629413962364197    0.99890440702438354
1715178404.5525367,0.53313732147216797 0.63606560230255127 0.27862223982810974,-0.0033372603356838226  0.0016210478497669101  -0.046714920550584793        0.9989013671875,0.53313732147216797 0.63606560230255127 0.27862223982810974,-0.0033372603356838226  0.0016210478497669101  -0.046714920550584793        0.9989013671875
1715178404.6025336,0.54633826017379761 0.59812003374099731 0.27901983261108398,-0.0036218282766640186  0.0018137976294383407   -0.04211016371846199    0.99910473823547363,0.54633826017379761 0.59812003374099731 0.27901983261108398,-0.0036218282766640186  0.0018137976294383407   -0.04211016371846199    0.99910473823547363
1715178404.6125696,0.54872095584869385 0.59005898237228394 0.27904659509658813,-0.0037112447898834944  0.0017350821290165186  -0.040460690855979919    0.99917274713516235,0.54872095584869385 0.59005898237228394 0.27904659509658813,-0.0037112447898834944  0.0017350821290165186  -0.040460690855979919    0.99917274713516235
1715178404.6225352,0.55085307359695435 0.58206576108932495 0.27887770533561707,-0.0039931084029376507  0.0016949828714132309  -0.038435708731412888    0.99925166368484497,0.55085307359695435 0.58206576108932495 0.27887770533561707,-0.0039931084029376507  0.0016949828714132309  -0.038435708731412888    0.99925166368484497
