RosTime,PositionForIiwa7,OrientationForIiwa7,PositionForIiwa14,OrientationForIiwa14
1714665679.6709166,0.49145615100860596 0.84465169906616211 0.31753024458885193, 0.56350815296173096 -0.42329695820808411  -0.4168505072593689  0.57403302192687988,0.49145615100860596 0.84465169906616211 0.31753024458885193, 0.56350815296173096 -0.42329695820808411  -0.4168505072593689  0.57403302192687988
