RosTime,PositionForIiwa7,OrientationForIiwa7,PositionForIiwa14,OrientationForIiwa14
1714665738.0933888, 0.5328972339630127 0.69565445184707642  0.3177085816860199, 0.55158281326293945 -0.44132649898529053 -0.43819043040275574  0.55585646629333496, 0.5328972339630127 0.69565445184707642  0.3177085816860199, 0.55158281326293945 -0.44132649898529053 -0.43819043040275574  0.55585646629333496
1714665738.1183927,0.53570348024368286 0.67446601390838623 0.31750869750976562, 0.54356753826141357 -0.45060238242149353 -0.44720631837844849  0.54908865690231323,0.53570348024368286 0.67446601390838623 0.31750869750976562, 0.54356753826141357 -0.45060238242149353 -0.44720631837844849  0.54908865690231323
1714665738.1483905, 0.5387272834777832 0.64838194847106934 0.31773209571838379, 0.53456360101699829 -0.46125811338424683 -0.45759442448616028  0.54045355319976807, 0.5387272834777832 0.64838194847106934 0.31773209571838379, 0.53456360101699829 -0.46125811338424683 -0.45759442448616028  0.54045355319976807
