RosTime,PositionForIiwa7,OrientationForIiwa7,PositionForIiwa14,OrientationForIiwa14
1714665464.3937824,0.50888335704803467  0.7678636908531189 0.31783837080001831, 0.57022750377655029 -0.41802573204040527 -0.41359800100326538  0.57361292839050293,0.50888335704803467  0.7678636908531189 0.31783837080001831, 0.57022750377655029 -0.41802573204040527 -0.41359800100326538  0.57361292839050293
1714665464.4937792,0.52921777963638306 0.70433163642883301 0.31811428070068359, 0.56226694583892822 -0.42845657467842102 -0.42422619462013245  0.56596195697784424,0.52921777963638306 0.70433163642883301 0.31811428070068359, 0.56226694583892822 -0.42845657467842102 -0.42422619462013245  0.56596195697784424
1714665464.5438101,0.53922098875045776  0.6710783839225769 0.31792730093002319, 0.55716687440872192 -0.43453598022460938       -0.43017578125  0.56186509132385254,0.53922098875045776  0.6710783839225769 0.31792730093002319, 0.55716687440872192 -0.43453598022460938       -0.43017578125  0.56186509132385254
1714665464.5687819,0.54400098323822021 0.65457028150558472 0.31795546412467957, 0.55461478233337402 -0.43807366490364075 -0.43377214670181274  0.55886995792388916,0.54400098323822021 0.65457028150558472 0.31795546412467957, 0.55461478233337402 -0.43807366490364075 -0.43377214670181274  0.55886995792388916
1714665464.6187828, 0.5533212423324585 0.62266314029693604 0.31839245557785034, 0.54693710803985596 -0.44705003499984741 -0.44303295016288757  0.55202162265777588, 0.5533212423324585 0.62266314029693604 0.31839245557785034, 0.54693710803985596 -0.44705003499984741 -0.44303295016288757  0.55202162265777588
