RosTime,PositionForIiwa7,OrientationForIiwa7,PositionForIiwa14,OrientationForIiwa14
1714665881.0792572,0.55386364459991455 0.59827572107315063 0.31703820824623108,-0.44586065411567688  0.54612547159194946  0.54743242263793945 -0.45085808634757996,0.55386364459991455 0.59827572107315063 0.31703820824623108,-0.44586065411567688  0.54612547159194946  0.54743242263793945 -0.45085808634757996
1714665881.1292565,0.56050431728363037  0.5663914680480957 0.31708204746246338,-0.45835548639297485  0.53529548645019531   0.5353972315788269 -0.46553066372871399,0.56050431728363037  0.5663914680480957 0.31708204746246338,-0.45835548639297485  0.53529548645019531   0.5353972315788269 -0.46553066372871399
1714665881.1792543, 0.5658227801322937   0.535469651222229 0.31754842400550842,-0.47239267826080322  0.52327108383178711  0.52200949192047119 -0.48014441132545471, 0.5658227801322937   0.535469651222229 0.31754842400550842,-0.47239267826080322  0.52327108383178711  0.52200949192047119 -0.48014441132545471
