RosTime,PositionForIiwa7,OrientationForIiwa7,PositionForIiwa14,OrientationForIiwa14
1714665770.1542404,0.51786351203918457 0.78976267576217651 0.31746581196784973,-0.47048142552375793  0.52811974287033081  0.51792240142822266 -0.48113736510276794,0.51786351203918457 0.78976267576217651 0.31746581196784973,-0.47048142552375793  0.52811974287033081  0.51792240142822266 -0.48113736510276794
1714665770.1642418,0.51656800508499146 0.79846316576004028 0.31772229075431824,-0.47258332371711731  0.52539557218551636  0.51639348268508911 -0.48369646072387695,0.51656800508499146 0.79846316576004028 0.31772229075431824,-0.47258332371711731  0.52539557218551636  0.51639348268508911 -0.48369646072387695
1714665770.1842391,0.51429480314254761 0.81442862749099731 0.31763538718223572,-0.47565653920173645  0.52226859331130981  0.51312345266342163 -0.48753532767295837,0.51429480314254761 0.81442862749099731 0.31763538718223572,-0.47565653920173645  0.52226859331130981  0.51312345266342163 -0.48753532767295837
1714665770.209244,0.51187515258789062 0.83549946546554565 0.31741255521774292,-0.47982850670814514  0.51816809177398682  0.50977945327758789 -0.49131593108177185,0.51187515258789062 0.83549946546554565 0.31741255521774292,-0.47982850670814514  0.51816809177398682  0.50977945327758789 -0.49131593108177185
1714665770.2592146,0.50829815864562988 0.87851101160049438 0.31709825992584229,-0.48783022165298462  0.51093614101409912  0.50389105081558228 -0.49705103039741516,0.50829815864562988 0.87851101160049438 0.31709825992584229,-0.48783022165298462  0.51093614101409912  0.50389105081558228 -0.49705103039741516
1714665770.2792432,0.50739562511444092 0.89522260427474976  0.3170458972454071,-0.49003240466117859  0.50924420356750488  0.50208848714828491 -0.49844330549240112,0.50739562511444092 0.89522260427474976  0.3170458972454071,-0.49003240466117859  0.50924420356750488  0.50208848714828491 -0.49844330549240112
1714665770.289196,0.50688046216964722 0.90481257438659668  0.3166576623916626,-0.49077552556991577  0.50841426849365234  0.50088417530059814 -0.49976930022239685,0.50688046216964722 0.90481257438659668  0.3166576623916626,-0.49077552556991577  0.50841426849365234  0.50088417530059814 -0.49976930022239685
