RosTime,PositionForIiwa7,OrientationForIiwa7,PositionForIiwa14,OrientationForIiwa14
1714665537.3126297,0.51611977815628052 0.81476747989654541 0.31742933392524719, 0.49866259098052979 -0.50234329700469971 -0.49394950270652771  0.50497597455978394,0.51611977815628052 0.81476747989654541 0.31742933392524719, 0.49866259098052979 -0.50234329700469971 -0.49394950270652771  0.50497597455978394
