RosTime,PositionForIiwa7,OrientationForIiwa7,PositionForIiwa14,OrientationForIiwa14
1714665885.7462149,0.49681571125984192 0.82323962450027466 0.31676465272903442, 0.50592797994613647 -0.49096754193305969 -0.48544353246688843  0.51704192161560059,0.49681571125984192 0.82323962450027466 0.31676465272903442, 0.50592797994613647 -0.49096754193305969 -0.48544353246688843  0.51704192161560059
1714665885.9512136,0.50491791963577271 0.97446644306182861 0.31645947694778442,-0.49164673686027527  0.50715333223342896  0.50263470411300659 -0.49843490123748779,0.50491791963577271 0.97446644306182861 0.31645947694778442,-0.49164673686027527  0.50715333223342896  0.50263470411300659 -0.49843490123748779
1714665885.9761863,0.50499677658081055 0.99003124237060547 0.31647181510925293,-0.49120917916297913  0.50783401727676392  0.50324088335037231 -0.49756082892417908,0.50499677658081055 0.99003124237060547 0.31647181510925293,-0.49120917916297913  0.50783401727676392  0.50324088335037231 -0.49756082892417908
