RosTime,PositionForIiwa7,OrientationForIiwa7,PositionForIiwa14,OrientationForIiwa14
1714666515.6816165,0.53587043285369873 0.95550906658172607 0.31640809774398804, 0.53051084280014038 -0.46414473652839661 -0.45835056900978088  0.54133415222167969,0.53587043285369873 0.95550906658172607 0.31640809774398804, 0.53051084280014038 -0.46414473652839661 -0.45835056900978088  0.54133415222167969
