RosTime,PositionForIiwa7,OrientationForIiwa7,PositionForIiwa14,OrientationForIiwa14
1714665807.1551282,0.51254278421401978 0.77793914079666138 0.31656700372695923, 0.53987383842468262 -0.45436176657676697 -0.44615241885185242  0.55049037933349609,0.51254278421401978 0.77793914079666138 0.31656700372695923, 0.53987383842468262 -0.45436176657676697 -0.44615241885185242  0.55049037933349609
1714665807.2299883,0.51213014125823975 0.82234716415405273 0.31687170267105103, 0.54387569427490234 -0.44899222254753113 -0.44144853949546814  0.55473273992538452,0.51213014125823975 0.82234716415405273 0.31687170267105103, 0.54387569427490234 -0.44899222254753113 -0.44144853949546814  0.55473273992538452
1714665807.264986,0.51258766651153564  0.8397173285484314 0.31685870885848999, 0.54558521509170532 -0.44724801182746887 -0.43962493538856506  0.55590999126434326,0.51258766651153564  0.8397173285484314 0.31685870885848999, 0.54558521509170532 -0.44724801182746887 -0.43962493538856506  0.55590999126434326
1714665807.2750177,0.51264768838882446 0.85638123750686646 0.31689560413360596, 0.54634189605712891 -0.44590774178504944  -0.4380737841129303  0.55746585130691528,0.51264768838882446 0.85638123750686646 0.31689560413360596, 0.54634189605712891 -0.44590774178504944  -0.4380737841129303  0.55746585130691528
1714665807.29498,0.51460933685302734 0.87068432569503784 0.31735536456108093, 0.54708272218704224 -0.44411900639533997 -0.43761307001113892  0.55852806568145752,0.51460933685302734 0.87068432569503784 0.31735536456108093, 0.54708272218704224 -0.44411900639533997 -0.43761307001113892  0.55852806568145752
