RosTime,PositionForIiwa7,OrientationForIiwa7,PositionForIiwa14,OrientationForIiwa14
1714666102.3407149,0.51745587587356567 0.88233053684234619 0.31658756732940674,-0.47098800539970398  0.52739804983139038  0.51881915330886841 -0.48046672344207764,0.51745587587356567 0.88233053684234619 0.31658756732940674,-0.47098800539970398  0.52739804983139038  0.51881915330886841 -0.48046672344207764
