RosTime,PositionForIiwa7,OrientationForIiwa7,PositionForIiwa14,OrientationForIiwa14
1714666524.0178256,0.55831366777420044   0.975879967212677 0.31636342406272888,-0.48273670673370361   0.5160025954246521  0.50891149044036865 -0.49164587259292603,0.55831366777420044   0.975879967212677 0.31636342406272888,-0.48273670673370361   0.5160025954246521  0.50891149044036865 -0.49164587259292603
