RosTime,PositionForIiwa7,OrientationForIiwa7,PositionForIiwa14,OrientationForIiwa14
1715186744.1109254,0.53284716606140137 0.42941969633102417 0.27994012832641602,0.0017404606333002448 0.0014725446235388517  0.015395981259644032   0.99987888336181641,0.53284716606140137 0.42941969633102417 0.27994012832641602,0.0017404606333002448 0.0014725446235388517  0.015395981259644032   0.99987888336181641
1715186744.1209247,0.53501510620117188 0.42412710189819336 0.27998805046081543,0.0016911975108087063 0.0014397397171705961 0.0074237724766135216    0.9999699592590332,0.53501510620117188 0.42412710189819336 0.27998805046081543,0.0016911975108087063 0.0014397397171705961 0.0074237724766135216    0.9999699592590332
1715186744.1259272,0.53697973489761353 0.41893070936203003 0.28004425764083862, 0.0014120059786364436  0.0012506028870120645 0.00063635886181145906    0.99999803304672241,0.53697973489761353 0.41893070936203003 0.28004425764083862, 0.0014120059786364436  0.0012506028870120645 0.00063635886181145906    0.99999803304672241
1715186744.1359246,0.53877782821655273 0.41385242342948914 0.28033232688903809,0.00058987428201362491  0.0010062954388558865 -0.0055233105085790157    0.99998408555984497,0.53877782821655273 0.41385242342948914 0.28033232688903809,0.00058987428201362491  0.0010062954388558865 -0.0055233105085790157    0.99998408555984497
1715186744.145926,0.54022586345672607 0.40880477428436279 0.28048214316368103,-0.00076200481271371245 -0.00095566484378650784   -0.010827622376382351     0.99994063377380371,0.54022586345672607 0.40880477428436279 0.28048214316368103,-0.00076200481271371245 -0.00095566484378650784   -0.010827622376382351     0.99994063377380371
