RosTime,PositionForIiwa7,OrientationForIiwa7,PositionForIiwa14,OrientationForIiwa14
1715186187.8902524,0.60390138626098633  0.4501972496509552 0.27999547123908997,-0.0037685537245124578 5.4594449466094375e-05   -0.19239282608032227    0.98131072521209717,0.60390138626098633  0.4501972496509552 0.27999547123908997,-0.0037685537245124578 5.4594449466094375e-05   -0.19239282608032227    0.98131072521209717
