RosTime,PositionForIiwa7,OrientationForIiwa7,PositionForIiwa14,OrientationForIiwa14
1715186356.5813329,0.57666981220245361 0.53570312261581421 0.27911096811294556,-0.0011192311067134142  0.0011763819493353367   -0.16592021286487579    0.98613786697387695,0.57666981220245361 0.53570312261581421 0.27911096811294556,-0.0011192311067134142  0.0011763819493353367   -0.16592021286487579    0.98613786697387695
