RosTime,PositionForIiwa7,OrientationForIiwa7,PositionForIiwa14,OrientationForIiwa14
1715186549.9539354,0.57029831409454346 0.44765305519104004 0.27991783618927002,-0.0010311850346624851 0.00073264277307316661   -0.03311079740524292    0.99945086240768433,0.57029831409454346 0.44765305519104004 0.27991783618927002,-0.0010311850346624851 0.00073264277307316661   -0.03311079740524292    0.99945086240768433
