RosTime,PositionForIiwa7,OrientationForIiwa7,PositionForIiwa14,OrientationForIiwa14
1715186710.1065586,0.55955910682678223 0.40123197436332703 0.28023487329483032,-0.0022178292274475098 0.00057540455600246787 -0.0056936601176857948    0.99998116493225098,0.55955910682678223 0.40123197436332703 0.28023487329483032,-0.0022178292274475098 0.00057540455600246787 -0.0056936601176857948    0.99998116493225098
1715186710.1165287,0.55994093418121338 0.39495068788528442 0.28031975030899048,-0.0025840133894234896   0.001027496182359755 -0.0033143467735499144    0.99999064207077026,0.55994093418121338 0.39495068788528442 0.28031975030899048,-0.0025840133894234896   0.001027496182359755 -0.0033143467735499144    0.99999064207077026
