RosTime,PositionForIiwa7,OrientationForIiwa7,PositionForIiwa14,OrientationForIiwa14
1715186034.0146906,0.55472749471664429 0.30945807695388794 0.28104034066200256,-0.0047818454913794994 0.00031221169047057629 -0.0063446806743741035    0.99996840953826904,0.55472749471664429 0.30945807695388794 0.28104034066200256,-0.0047818454913794994 0.00031221169047057629 -0.0063446806743741035    0.99996840953826904
