RosTime,PositionForIiwa7,OrientationForIiwa7,PositionForIiwa14,OrientationForIiwa14
1715185996.1967363,0.58617186546325684 0.39797788858413696 0.28007739782333374,-0.0055269435979425907 0.00069556827656924725  -0.034477736800909042    0.99938994646072388,0.58617186546325684 0.39797788858413696 0.28007739782333374,-0.0055269435979425907 0.00069556827656924725  -0.034477736800909042    0.99938994646072388
