RosTime,PositionForIiwa7,OrientationForIiwa7,PositionForIiwa14,OrientationForIiwa14
1715186623.8629861,0.55626934766769409 0.48886334896087646 0.27970406413078308, -0.0020910450257360935 -0.00044604818685911596    -0.10660245269536972     0.99429941177368164,0.55626934766769409 0.48886334896087646 0.27970406413078308, -0.0020910450257360935 -0.00044604818685911596    -0.10660245269536972     0.99429941177368164
1715186624.1130114, 0.5626407265663147 0.34322133660316467 0.28037235140800476, -0.0032087767031043768 -0.00022898241877555847   0.0096972938627004623     0.99994778633117676, 0.5626407265663147 0.34322133660316467 0.28037235140800476, -0.0032087767031043768 -0.00022898241877555847   0.0096972938627004623     0.99994778633117676
