RosTime,PositionForIiwa7,OrientationForIiwa7,PositionForIiwa14,OrientationForIiwa14
1715186421.6714504,0.57897782325744629 0.41385430097579956 0.27965855598449707,-0.0011460046516731381  0.0011159682180732489  -0.071272946894168854    0.99745553731918335,0.57897782325744629 0.41385430097579956 0.27965855598449707,-0.0011460046516731381  0.0011159682180732489  -0.071272946894168854    0.99745553731918335
