RosTime,PositionForIiwa7,OrientationForIiwa7,PositionForIiwa14,OrientationForIiwa14
1715186475.5217679,0.57906216382980347 0.51432257890701294 0.27924641966819763,-0.0033747053239494562  0.0015575430588796735   -0.19377884268760681    0.98103821277618408,0.57906216382980347 0.51432257890701294 0.27924641966819763,-0.0033747053239494562  0.0015575430588796735   -0.19377884268760681    0.98103821277618408
1715186475.5467699,0.57908725738525391 0.49627751111984253  0.2792859673500061,-0.0034845273476094007  0.0015280009247362614   -0.16670322418212891    0.98599976301193237,0.57908725738525391 0.49627751111984253  0.2792859673500061,-0.0034845273476094007  0.0015280009247362614   -0.16670322418212891    0.98599976301193237
1715186475.571795, 0.5794188380241394 0.47801902890205383 0.27945840358734131,-0.0034930761903524399  0.0012514748377725482   -0.13980767130851746    0.99017173051834106, 0.5794188380241394 0.47801902890205383 0.27945840358734131,-0.0034930761903524399  0.0012514748377725482   -0.13980767130851746    0.99017173051834106
