RosTime,PositionForIiwa7,OrientationForIiwa7,PositionForIiwa14,OrientationForIiwa14
1715185995.7617078, 0.5534399151802063 0.63457661867141724 0.27928951382637024,-0.0036496224347501993 0.00088436703663319349   -0.34031268954277039    0.94030481576919556, 0.5534399151802063 0.63457661867141724 0.27928951382637024,-0.0036496224347501993 0.00088436703663319349   -0.34031268954277039    0.94030481576919556
1715185995.7717097,0.55420053005218506 0.62658566236495972 0.27925240993499756, -0.003775900462642312 0.00070243154186755419   -0.32662308216094971    0.94514685869216919,0.55420053005218506 0.62658566236495972 0.27925240993499756, -0.003775900462642312 0.00070243154186755419   -0.32662308216094971    0.94514685869216919
1715185995.7817078,0.55505388975143433 0.61868369579315186 0.27935108542442322,-0.0044285696931183338 0.00032634582021273673   -0.31278958916664124    0.94981205463409424,0.55505388975143433 0.61868369579315186 0.27935108542442322,-0.0044285696931183338 0.00032634582021273673   -0.31278958916664124    0.94981205463409424
1715185995.78671,0.55593657493591309 0.61080622673034668 0.27951130270957947,-0.0046310769394040108  0.0001482689258409664   -0.29966172575950623    0.95403426885604858,0.55593657493591309 0.61080622673034668 0.27951130270957947,-0.0046310769394040108  0.0001482689258409664   -0.29966172575950623    0.95403426885604858
1715185995.7967095,0.55700832605361938 0.60290068387985229 0.27956336736679077, -0.0045613152906298637 -5.7235592976212502e-05    -0.28647509217262268      0.9580768346786499,0.55700832605361938 0.60290068387985229 0.27956336736679077, -0.0045613152906298637 -5.7235592976212502e-05    -0.28647509217262268      0.9580768346786499
1715185995.8017063,0.55827105045318604 0.59505158662796021 0.27960857748985291,-0.0047426586970686913 9.9734366813208908e-05     -0.273948073387146    0.96173280477523804,0.55827105045318604 0.59505158662796021 0.27960857748985291,-0.0047426586970686913 9.9734366813208908e-05     -0.273948073387146    0.96173280477523804
