RosTime,PositionForIiwa7,OrientationForIiwa7,PositionForIiwa14,OrientationForIiwa14
1715185955.0955861,0.55608731508255005 0.53443622589111328 0.27923136949539185,-0.0028157429769635201  0.0012085845228284597   -0.28357976675033569    0.95894372463226318,0.55608731508255005 0.53443622589111328 0.27923136949539185,-0.0028157429769635201  0.0012085845228284597   -0.28357976675033569    0.95894372463226318
