RosTime,PositionForIiwa7,OrientationForIiwa7,PositionForIiwa14,OrientationForIiwa14
1715186332.5018885, 0.5854421854019165 0.48367926478385925 0.27969267964363098, -0.0036525994073599577 -0.00027330228476785123    -0.19473396241664886     0.98084926605224609, 0.5854421854019165 0.48367926478385925 0.27969267964363098, -0.0036525994073599577 -0.00027330228476785123    -0.19473396241664886     0.98084926605224609
1715186332.5068712,0.58625906705856323 0.47749614715576172 0.27979952096939087,-0.0040658712387084961 0.00040011457167565823   -0.18280535936355591    0.98314064741134644,0.58625906705856323 0.47749614715576172 0.27979952096939087,-0.0040658712387084961 0.00040011457167565823   -0.18280535936355591    0.98314064741134644
1715186332.5269005,0.58774727582931519 0.46530184149742126 0.27975758910179138,-0.004356075543910265 0.0006710513262078166  -0.16002267599105835   0.98710352182388306,0.58774727582931519 0.46530184149742126 0.27975758910179138,-0.004356075543910265 0.0006710513262078166  -0.16002267599105835   0.98710352182388306
