RosTime,PositionForIiwa7,OrientationForIiwa7,PositionForIiwa14,OrientationForIiwa14
1715186225.3877456, 0.5825800895690918 0.52503800392150879 0.27963981032371521,-0.0033900684211403131 0.00029004068346694112   -0.24737921357154846    0.96891278028488159, 0.5825800895690918 0.52503800392150879 0.27963981032371521,-0.0033900684211403131 0.00029004068346694112   -0.24737921357154846    0.96891278028488159
1715186225.3927484,0.58350414037704468 0.51855736970901489 0.27982449531555176,-0.0035962965339422226 0.00048868771409615874   -0.23664279282093048    0.97158992290496826,0.58350414037704468 0.51855736970901489 0.27982449531555176,-0.0035962965339422226 0.00048868771409615874   -0.23664279282093048    0.97158992290496826
1715186225.4127498,0.58487695455551147  0.5060194730758667 0.27974238991737366, -0.003622477175667882 0.00032108012237586081   -0.21545706689357758    0.97650653123855591,0.58487695455551147  0.5060194730758667 0.27974238991737366, -0.003622477175667882 0.00032108012237586081   -0.21545706689357758    0.97650653123855591
