RosTime,PositionForIiwa7,OrientationForIiwa7,PositionForIiwa14,OrientationForIiwa14
1715186820.6331241,0.56342166662216187 0.40150249004364014 0.28000655770301819,-0.0049955151043832302  0.0014570527710020542  -0.090766504406929016    0.99585860967636108,0.56342166662216187 0.40150249004364014 0.28000655770301819,-0.0049955151043832302  0.0014570527710020542  -0.090766504406929016    0.99585860967636108
