RosTime,PositionForIiwa7,OrientationForIiwa7,PositionForIiwa14,OrientationForIiwa14
1715186416.0775402,0.58001613616943359 0.45340535044670105 0.28024369478225708, -0.0025028740055859089 -0.00046485156053677201   -0.048387903720140457     0.99882537126541138,0.58001613616943359 0.45340535044670105 0.28024369478225708, -0.0025028740055859089 -0.00046485156053677201   -0.048387903720140457     0.99882537126541138
