RosTime,PositionForIiwa7,OrientationForIiwa7,PositionForIiwa14,OrientationForIiwa14
1715186556.1232412,0.56439715623855591 0.45807862281799316 0.27983510494232178,-0.00010366697097197175   0.0010184255661442876   -0.012812456116080284     0.99991738796234131,0.56439715623855591 0.45807862281799316 0.27983510494232178,-0.00010366697097197175   0.0010184255661442876   -0.012812456116080284     0.99991738796234131
