RosTime,PositionForIiwa7,OrientationForIiwa7,PositionForIiwa14,OrientationForIiwa14
1715185995.6617072,0.56045502424240112  0.7211032509803772 0.27863338589668274,-0.0023833303712308407  0.0015925233019515872   -0.47738265991210938    0.87869083881378174,0.56045502424240112  0.7211032509803772 0.27863338589668274,-0.0023833303712308407  0.0015925233019515872   -0.47738265991210938    0.87869083881378174
1715185995.6867065,0.55546122789382935 0.70281684398651123 0.27888050675392151,-0.0029391497373580933 0.00098285847343504429   -0.45368501543998718    0.89115673303604126,0.55546122789382935 0.70281684398651123 0.27888050675392151,-0.0029391497373580933 0.00098285847343504429   -0.45368501543998718    0.89115673303604126
1715185995.7117376,0.55255496501922607 0.68151307106018066 0.27894911170005798,-0.0037692065816372633  0.0015763160772621632   -0.42172551155090332    0.90671432018280029,0.55255496501922607 0.68151307106018066 0.27894911170005798,-0.0037692065816372633  0.0015763160772621632   -0.42172551155090332    0.90671432018280029
1715185995.726742,0.55211824178695679 0.66640341281890869 0.27911555767059326,-0.0042983312159776688  0.0013587874127551913   -0.39595913887023926    0.91825705766677856,0.55211824178695679 0.66640341281890869 0.27911555767059326,-0.0042983312159776688  0.0013587874127551913   -0.39595913887023926    0.91825705766677856
1715185995.7367363,0.55223429203033447 0.65867036581039429 0.27918127179145813,-0.0047738109715282917  0.0010191319743171334   -0.38202741742134094    0.92413806915283203,0.55223429203033447 0.65867036581039429 0.27918127179145813,-0.0047738109715282917  0.0010191319743171334   -0.38202741742134094    0.92413806915283203
1715185995.7467115,0.55250120162963867 0.65067249536514282 0.27920126914978027,  -0.00451669842004776 0.00086156424367800355   -0.36815786361694336     0.9297519326210022,0.55250120162963867 0.65067249536514282 0.27920126914978027,  -0.00451669842004776 0.00086156424367800355   -0.36815786361694336     0.9297519326210022
1715185995.7517071,0.55283081531524658 0.64264076948165894 0.27924704551696777,-0.0038152362685650587 0.00089804269373416901   -0.35445788502693176    0.93506377935409546,0.55283081531524658 0.64264076948165894 0.27924704551696777,-0.0038152362685650587 0.00089804269373416901   -0.35445788502693176    0.93506377935409546
