RosTime,PositionForIiwa7,OrientationForIiwa7,PositionForIiwa14,OrientationForIiwa14
1715186516.1084826,0.57961219549179077 0.43706133961677551 0.27972885966300964,-0.0033310949802398682 0.00073040480492636561   -0.14249475300312042    0.98978966474533081,0.57961219549179077 0.43706133961677551 0.27972885966300964,-0.0033310949802398682 0.00073040480492636561   -0.14249475300312042    0.98978966474533081
1715186516.1184833,0.57978624105453491 0.43142524361610413 0.27978172898292542, -0.0035154668148607016 -6.2856423028279096e-05    -0.13193868100643158     0.99125164747238159,0.57978624105453491 0.43142524361610413 0.27978172898292542, -0.0035154668148607016 -6.2856423028279096e-05    -0.13193868100643158     0.99125164747238159
1715186516.1234396,0.57992559671401978 0.42582023143768311 0.27979695796966553,  -0.00348901585675776 0.00017105223378166556   -0.12194631993770599    0.99253052473068237,0.57992559671401978 0.42582023143768311 0.27979695796966553,  -0.00348901585675776 0.00017105223378166556   -0.12194631993770599    0.99253052473068237
1715186516.133481,0.57992309331893921 0.42039898037910461 0.27980750799179077,-0.0033688247203826904 0.00014668441144749522   -0.11263708025217056    0.99363046884536743,0.57992309331893921 0.42039898037910461 0.27980750799179077,-0.0033688247203826904 0.00014668441144749522   -0.11263708025217056    0.99363046884536743
1715186516.1384826,0.57985222339630127 0.41509518027305603 0.27984240651130676,-0.0035292345564812422  0.0002075785887427628   -0.10385452210903168    0.99458622932434082,0.57985222339630127 0.41509518027305603 0.27984240651130676,-0.0035292345564812422  0.0002075785887427628   -0.10385452210903168    0.99458622932434082
1715186516.1484857,0.57976168394088745 0.40998312830924988 0.27987083792686462,-0.0036069555208086967 0.00022242714476305991  -0.095921002328395844    0.99538236856460571,0.57976168394088745 0.40998312830924988 0.27987083792686462,-0.0036069555208086967 0.00022242714476305991  -0.095921002328395844    0.99538236856460571
