RosTime,PositionForIiwa7,OrientationForIiwa7,PositionForIiwa14,OrientationForIiwa14
1715186164.8996425,0.59609681367874146 0.51082521677017212 0.27959677577018738, -0.001641254173591733 4.7457786422455683e-05   -0.23543283343315125    0.97188925743103027,0.59609681367874146 0.51082521677017212 0.27959677577018738, -0.001641254173591733 4.7457786422455683e-05   -0.23543283343315125    0.97188925743103027
1715186165.4096694,0.57352280616760254 0.31253546476364136 0.28085386753082275,-0.0041150534525513649  0.0002772873267531395   -0.01799309067428112    0.99982959032058716,0.57352280616760254 0.31253546476364136 0.28085386753082275,-0.0041150534525513649  0.0002772873267531395   -0.01799309067428112    0.99982959032058716
