RosTime,PositionForIiwa7,OrientationForIiwa7,PositionForIiwa14,OrientationForIiwa14
1715186501.7993407, 0.5602869987487793 0.50436007976531982 0.27999061346054077,  -0.002619453938677907 -0.00063966552261263132     -0.2708776593208313     0.96261000633239746, 0.5602869987487793 0.50436007976531982 0.27999061346054077,  -0.002619453938677907 -0.00063966552261263132     -0.2708776593208313     0.96261000633239746
