RosTime,PositionForIiwa7,OrientationForIiwa7,PositionForIiwa14,OrientationForIiwa14
1715185913.6225114,0.55454301834106445 0.57730382680892944 0.27933093905448914, 0.0014090779004618526 0.00012763831182383001  -0.011380754411220551    0.99993425607681274,0.55454301834106445 0.57730382680892944 0.27933093905448914, 0.0014090779004618526 0.00012763831182383001  -0.011380754411220551    0.99993425607681274
1715185913.6325221,0.55648499727249146 0.56734597682952881 0.27890646457672119, 0.0048922672867774963  0.0033715039025992155 -0.0058719655498862267     0.9999651312828064,0.55648499727249146 0.56734597682952881 0.27890646457672119, 0.0048922672867774963  0.0033715039025992155 -0.0058719655498862267     0.9999651312828064
1715185913.6724868,0.56154912710189819 0.53425043821334839 0.27909559011459351,0.0044929147697985172 0.0033172750845551491  0.010338050313293934    0.9999309778213501,0.56154912710189819 0.53425043821334839 0.27909559011459351,0.0044929147697985172 0.0033172750845551491  0.010338050313293934    0.9999309778213501
