RosTime,PositionForIiwa7,OrientationForIiwa7,PositionForIiwa14,OrientationForIiwa14
1715185970.8856087,0.58535867929458618 0.63434052467346191 0.27985396981239319, -0.0011724391952157021 -0.00040498629095964134    -0.27864289283752441     0.96039396524429321,0.58535867929458618 0.63434052467346191 0.27985396981239319, -0.0011724391952157021 -0.00040498629095964134    -0.27864289283752441     0.96039396524429321
1715185970.9106097,0.58719462156295776 0.62091279029846191 0.27997639775276184, -0.0012709989678114653 -0.00091587455244734883    -0.25187820196151733      0.9677577018737793,0.58719462156295776 0.62091279029846191 0.27997639775276184, -0.0012709989678114653 -0.00091587455244734883    -0.25187820196151733      0.9677577018737793
1715185971.1306181,0.62718260288238525 0.46818375587463379 0.28067874908447266,-0.0022369532380253077 4.6101755287963897e-05  -0.086977273225784302    0.99620777368545532,0.62718260288238525 0.46818375587463379 0.28067874908447266,-0.0022369532380253077 4.6101755287963897e-05  -0.086977273225784302    0.99620777368545532
