RosTime,PositionForIiwa7,OrientationForIiwa7,PositionForIiwa14,OrientationForIiwa14
1715186369.9250956,0.59994494915008545  0.4978351891040802 0.28006035089492798,-0.0030902805738151073 0.00013879347534384578   -0.33896070718765259     0.9407954216003418,0.59994494915008545  0.4978351891040802 0.28006035089492798,-0.0030902805738151073 0.00013879347534384578   -0.33896070718765259     0.9407954216003418
1715186369.9500482,0.59897470474243164 0.48405170440673828 0.28010150790214539,-0.0034332307986915112 5.4120406275615096e-05    -0.3154481053352356    0.94893664121627808,0.59897470474243164 0.48405170440673828 0.28010150790214539,-0.0034332307986915112 5.4120406275615096e-05    -0.3154481053352356    0.94893664121627808
