RosTime,PositionForIiwa7,OrientationForIiwa7,PositionForIiwa14,OrientationForIiwa14
1715186730.5811851,0.51196366548538208 0.43057307600975037 0.27979728579521179,0.00056073011364787817  0.0018565163481980562   0.041517447680234909    0.99913591146469116,0.51196366548538208 0.43057307600975037 0.27979728579521179,0.00056073011364787817  0.0018565163481980562   0.041517447680234909    0.99913591146469116
1715186730.6311851,0.53105014562606812 0.40255579352378845 0.27984890341758728,0.00052743672858923674   0.001404668902978301  0.0065636415965855122    0.99997735023498535,0.53105014562606812 0.40255579352378845 0.27984890341758728,0.00052743672858923674   0.001404668902978301  0.0065636415965855122    0.99997735023498535
