RosTime,PositionForIiwa7,OrientationForIiwa7,PositionForIiwa14,OrientationForIiwa14
1714649139.4355061,0.56829243898391724 0.67975574731826782 0.27880695462226868,-0.0026201112195849419  0.0008709966205060482   0.085174836218357086    0.99636220932006836,0.56829243898391724 0.67975574731826782 0.27880695462226868,-0.0026201112195849419  0.0008709966205060482   0.085174836218357086    0.99636220932006836
1714649139.4905126,0.56708204746246338  0.6373600959777832 0.27869349718093872,-0.0032543162815272808 0.00097507465397939086   0.062286600470542908    0.99805253744125366,0.56708204746246338  0.6373600959777832 0.27869349718093872,-0.0032543162815272808 0.00097507465397939086   0.062286600470542908    0.99805253744125366
1714649139.5006053,0.56654095649719238 0.62865608930587769 0.27875539660453796,-0.0032991417683660984  0.0010026452364400029   0.057166986167430878    0.99835866689682007,0.56654095649719238 0.62865608930587769 0.27875539660453796,-0.0032991417683660984  0.0010026452364400029   0.057166986167430878    0.99835866689682007
