RosTime,PositionForIiwa7,OrientationForIiwa7,PositionForIiwa14,OrientationForIiwa14
1714651266.0253205,0.52517122030258179   1.062065601348877 0.27643629908561707,-0.0015040328726172447  0.0024815157521516085  -0.029476888477802277    0.99956125020980835,0.52517122030258179   1.062065601348877 0.27643629908561707,-0.0015040328726172447  0.0024815157521516085  -0.029476888477802277    0.99956125020980835
