RosTime,PositionForIiwa7,OrientationForIiwa7,PositionForIiwa14,OrientationForIiwa14
1714649002.7054203,0.57642841339111328 0.76091682910919189 0.27791658043861389,-0.0017939053941518068  0.0028180282097309828    0.23716928064823151    0.97146260738372803,0.57642841339111328 0.76091682910919189 0.27791658043861389,-0.0017939053941518068  0.0028180282097309828    0.23716928064823151    0.97146260738372803
1714649002.7553957,0.58665448427200317 0.73144078254699707 0.27815377712249756,-0.0018411290366202593  0.0024200922343879938    0.20527388155460358    0.97869986295700073,0.58665448427200317 0.73144078254699707 0.27815377712249756,-0.0018411290366202593  0.0024200922343879938    0.20527388155460358    0.97869986295700073
1714649002.8553948,0.60105782747268677 0.66808086633682251 0.27849707007408142,-0.00031784831662662327   0.0025557165499776602      0.1490011066198349     0.98883366584777832,0.60105782747268677 0.66808086633682251 0.27849707007408142,-0.00031784831662662327   0.0025557165499776602      0.1490011066198349     0.98883366584777832
