RosTime,PositionForIiwa7,OrientationForIiwa7,PositionForIiwa14,OrientationForIiwa14
1714649379.2740953,0.60496228933334351 0.65779983997344971 0.27917525172233582, 0.0024465471506118774 0.00059151236200705171   0.072613276541233063    0.99735701084136963,0.60496228933334351 0.65779983997344971 0.27917525172233582, 0.0024465471506118774 0.00059151236200705171   0.072613276541233063    0.99735701084136963
