RosTime,PositionForIiwa7,OrientationForIiwa7,PositionForIiwa14,OrientationForIiwa14
1714648427.3732669,0.58025234937667847 0.74027764797210693 0.27755683660507202,-0.0019565680995583534  0.0023756634909659624    0.11263994872570038    0.99363112449645996,0.58025234937667847 0.74027764797210693 0.27755683660507202,-0.0019565680995583534  0.0023756634909659624    0.11263994872570038    0.99363112449645996
1714648427.4482422,0.59140652418136597  0.6768764853477478 0.27791693806648254,-0.0024653743021190166  0.0024820182006806135   0.097804442048072815    0.99519950151443481,0.59140652418136597  0.6768764853477478 0.27791693806648254,-0.0024653743021190166  0.0024820182006806135   0.097804442048072815    0.99519950151443481
