RosTime,PositionForIiwa7,OrientationForIiwa7,PositionForIiwa14,OrientationForIiwa14
1714649320.435802,0.44641426205635071 0.80113661289215088 0.27750623226165771,-0.0016630548052489758  0.0041451943106949329    0.30237415432929993    0.95317888259887695,0.44641426205635071 0.80113661289215088 0.27750623226165771,-0.0016630548052489758  0.0041451943106949329    0.30237415432929993    0.95317888259887695
1714649320.4558141,0.45390811562538147 0.81693267822265625 0.27769103646278381,-0.00051422271644696593   0.0035178391262888908     0.25152671337127686     0.96784383058547974,0.45390811562538147 0.81693267822265625 0.27769103646278381,-0.00051422271644696593   0.0035178391262888908     0.25152671337127686     0.96784383058547974
