RosTime,PositionForIiwa7,OrientationForIiwa7,PositionForIiwa14,OrientationForIiwa14
1714649569.9581823,0.48359495401382446 0.97264719009399414 0.27669775485992432,0.0020095431245863438 0.0023041097447276115   0.13521614670753479   0.99081140756607056,0.48359495401382446 0.97264719009399414 0.27669775485992432,0.0020095431245863438 0.0023041097447276115   0.13521614670753479   0.99081140756607056
