RosTime,PositionForIiwa7,OrientationForIiwa7,PositionForIiwa14,OrientationForIiwa14
1714650068.457262,0.50679212808609009  0.6636430025100708 0.27795898914337158,0.00027729090652428567  0.0018206265522167087  -0.082597643136978149    0.99658125638961792,0.50679212808609009  0.6636430025100708 0.27795898914337158,0.00027729090652428567  0.0018206265522167087  -0.082597643136978149    0.99658125638961792
1714650068.5573354, 0.5295371413230896 0.60494369268417358  0.2781391441822052,-0.0010731474030762911  0.0021569004748016596   -0.10643560439348221     0.9943166971206665, 0.5295371413230896 0.60494369268417358  0.2781391441822052,-0.0010731474030762911  0.0021569004748016596   -0.10643560439348221     0.9943166971206665
