RosTime,PositionForIiwa7,OrientationForIiwa7,PositionForIiwa14,OrientationForIiwa14
1714649264.1072803,0.49395841360092163 0.92657792568206787 0.27587723731994629,-0.0045812791213393211  0.0037051569670438766   0.078748472034931183    0.99687713384628296,0.49395841360092163 0.92657792568206787 0.27587723731994629,-0.0045812791213393211  0.0037051569670438766   0.078748472034931183    0.99687713384628296
