RosTime,PositionForIiwa7,OrientationForIiwa7,PositionForIiwa14,OrientationForIiwa14
1714657397.026629,0.46736320853233337 0.68962270021438599 0.27864396572113037,-0.0024449094198644161  0.0011340402998030186   0.021085204556584358    0.99977403879165649,0.46736320853233337 0.68962270021438599 0.27864396572113037,-0.0024449094198644161  0.0011340402998030186   0.021085204556584358    0.99977403879165649
1714657397.2516313, 0.5156441330909729 0.52784478664398193 0.27925330400466919,-0.0029490883462131023  0.0012500644661486149 -0.0030824246350675821    0.99999010562896729, 0.5156441330909729 0.52784478664398193 0.27925330400466919,-0.0029490883462131023  0.0012500644661486149 -0.0030824246350675821    0.99999010562896729
