RosTime,PositionForIiwa7,OrientationForIiwa7,PositionForIiwa14,OrientationForIiwa14
1714648448.8314376,0.50723230838775635 0.89384794235229492 0.27811625599861145,-0.0031567120458930731   0.001464767032302916   0.068127132952213287    0.99767059087753296,0.50723230838775635 0.89384794235229492 0.27811625599861145,-0.0031567120458930731   0.001464767032302916   0.068127132952213287    0.99767059087753296
