RosTime,PositionForIiwa7,OrientationForIiwa7,PositionForIiwa14,OrientationForIiwa14
1714649347.48138,0.51560753583908081 0.95482242107391357 0.27725875377655029,-0.002831670455634594 0.0024958830326795578  0.059568814933300018   0.99821704626083374,0.51560753583908081 0.95482242107391357 0.27725875377655029,-0.002831670455634594 0.0024958830326795578  0.059568814933300018   0.99821704626083374
