RosTime,PositionForIiwa7,OrientationForIiwa7,PositionForIiwa14,OrientationForIiwa14
1715020330.4969609,0.51397556066513062 0.87074071168899536 0.31670293211936951,-0.48662042617797852  0.51203680038452148  0.50643926858901978 -0.49450799822807312,0.51397556066513062 0.87074071168899536 0.31670293211936951,-0.48662042617797852  0.51203680038452148  0.50643926858901978 -0.49450799822807312
