RosTime,PositionForIiwa7,OrientationForIiwa7,PositionForIiwa14,OrientationForIiwa14
1715020928.0238276,0.57335102558135986 0.88059717416763306 0.31697362661361694,-0.39547988772392273  0.58830839395523071  0.58117043972015381  -0.3996620774269104,0.57335102558135986 0.88059717416763306 0.31697362661361694,-0.39547988772392273  0.58830839395523071  0.58117043972015381  -0.3996620774269104
