RosTime,PositionForIiwa7,OrientationForIiwa7,PositionForIiwa14,OrientationForIiwa14
1715020727.5908864,  0.550148606300354 0.89206194877624512 0.31731489300727844,-0.44182872772216797  0.55152297019958496  0.54257941246032715 -0.45411166548728943,  0.550148606300354 0.89206194877624512 0.31731489300727844,-0.44182872772216797  0.55152297019958496  0.54257941246032715 -0.45411166548728943
