RosTime,PositionForIiwa7,OrientationForIiwa7,PositionForIiwa14,OrientationForIiwa14
1715020638.1864376,0.53800219297409058 0.60452985763549805 0.31805017590522766, 0.62762933969497681 -0.32594704627990723 -0.32229259610176086  0.62925940752029419,0.53800219297409058 0.60452985763549805 0.31805017590522766, 0.62762933969497681 -0.32594704627990723 -0.32229259610176086  0.62925940752029419
