RosTime,PositionForIiwa7,OrientationForIiwa7,PositionForIiwa14,OrientationForIiwa14
1715020268.2294617, 0.5318717360496521 0.72452253103256226 0.31776806712150574, 0.61463052034378052 -0.34829854965209961 -0.34522363543510437  0.61784952878952026, 0.5318717360496521 0.72452253103256226 0.31776806712150574, 0.61463052034378052 -0.34829854965209961 -0.34522363543510437  0.61784952878952026
1715020268.2394814,0.53389126062393188 0.71711033582687378 0.31853371858596802, 0.61397963762283325 -0.35348445177078247 -0.35220685601234436  0.61157834529876709,0.53389126062393188 0.71711033582687378 0.31853371858596802, 0.61397963762283325 -0.35348445177078247 -0.35220685601234436  0.61157834529876709
1715020268.3544796,0.55045092105865479 0.64484101533889771 0.31877842545509338, 0.57705700397491455 -0.41256755590438843 -0.40877854824066162  0.57418930530548096,0.55045092105865479 0.64484101533889771 0.31877842545509338, 0.57705700397491455 -0.41256755590438843 -0.40877854824066162  0.57418930530548096
