RosTime,PositionForIiwa7,OrientationForIiwa7,PositionForIiwa14,OrientationForIiwa14
1715021149.3840458,  0.524131178855896 0.85646688938140869 0.31641107797622681,-0.4133918285369873 0.57525515556335449 0.56741809844970703 -0.4197920560836792,  0.524131178855896 0.85646688938140869 0.31641107797622681,-0.4133918285369873 0.57525515556335449 0.56741809844970703 -0.4197920560836792
