RosTime,PositionForIiwa7,OrientationForIiwa7,PositionForIiwa14,OrientationForIiwa14
1715020047.6966016,0.49713441729545593 0.67798078060150146 0.31816428899765015, 0.53527593612670898 -0.46221137046813965  -0.4579123854637146  0.53866183757781982,0.49713441729545593 0.67798078060150146 0.31816428899765015, 0.53527593612670898 -0.46221137046813965  -0.4579123854637146  0.53866183757781982
