RosTime,PositionForIiwa7,OrientationForIiwa7,PositionForIiwa14,OrientationForIiwa14
1715021069.1660917,0.54460090398788452 0.89350086450576782 0.31681996583938599,-0.23841261863708496  0.66747540235519409   0.6630481481552124 -0.24083848297595978,0.54460090398788452 0.89350086450576782 0.31681996583938599,-0.23841261863708496  0.66747540235519409   0.6630481481552124 -0.24083848297595978
