RosTime,PositionForIiwa7,OrientationForIiwa7,PositionForIiwa14,OrientationForIiwa14
1715020976.5942564,0.53036302328109741 0.64215123653411865 0.31823247671127319, 0.59726929664611816 -0.37897548079490662 -0.37565988302230835  0.59877097606658936,0.53036302328109741 0.64215123653411865 0.31823247671127319, 0.59726929664611816 -0.37897548079490662 -0.37565988302230835  0.59877097606658936
