RosTime,PositionForIiwa7,OrientationForIiwa7,PositionForIiwa14,OrientationForIiwa14
1715020288.6850188, 0.4743182361125946 0.65981447696685791  0.3174511194229126,-0.46692845225334167  0.53030204772949219  0.52710390090942383 -0.47214299440383911, 0.4743182361125946 0.65981447696685791  0.3174511194229126,-0.46692845225334167  0.53030204772949219  0.52710390090942383 -0.47214299440383911
