RosTime,PositionForIiwa7,OrientationForIiwa7,PositionForIiwa14,OrientationForIiwa14
1715020053.1063814,0.48773083090782166  0.8356207013130188 0.31702896952629089, 0.49599838256835938 -0.50371438264846802 -0.49679610133171082  0.50343924760818481,0.48773083090782166  0.8356207013130188 0.31702896952629089, 0.49599838256835938 -0.50371438264846802 -0.49679610133171082  0.50343924760818481
1715020053.1163821, 0.4868333637714386 0.84508299827575684 0.31699803471565247, 0.49602651596069336 -0.50393545627593994  -0.4971330463886261  0.50285732746124268, 0.4868333637714386 0.84508299827575684 0.31699803471565247, 0.49602651596069336 -0.50393545627593994  -0.4971330463886261  0.50285732746124268
