RosTime,PositionForIiwa7,OrientationForIiwa7,PositionForIiwa14,OrientationForIiwa14
1715020793.1613944,0.54531556367874146   0.940074622631073 0.31643721461296082,-0.42298826575279236  0.56771981716156006  0.56290972232818604 -0.42650645971298218,0.54531556367874146   0.940074622631073 0.31643721461296082,-0.42298826575279236  0.56771981716156006  0.56290972232818604 -0.42650645971298218
