RosTime,PositionForIiwa7,OrientationForIiwa7,PositionForIiwa14,OrientationForIiwa14
1715020668.5005329,0.51435679197311401 0.95952355861663818  0.3160090446472168,-0.45417362451553345  0.54191082715988159  0.53444063663482666 -0.46306824684143066,0.51435679197311401 0.95952355861663818  0.3160090446472168,-0.45417362451553345  0.54191082715988159  0.53444063663482666 -0.46306824684143066
