RosTime,PositionForIiwa7,OrientationForIiwa7,PositionForIiwa14,OrientationForIiwa14
1715020321.0805666,0.48667460680007935 0.91208070516586304 0.31619945168495178, 0.51150602102279663 -0.48800796270370483 -0.48015788197517395  0.51928627490997314,0.48667460680007935 0.91208070516586304 0.31619945168495178, 0.51150602102279663 -0.48800796270370483 -0.48015788197517395  0.51928627490997314
