RosTime,PositionForIiwa7,OrientationForIiwa7,PositionForIiwa14,OrientationForIiwa14
1715021445.6561909,0.51441806554794312 0.81639039516448975 0.31700721383094788, 0.55235695838928223  -0.4366534948348999 -0.43087100982666016   0.5644339919090271,0.51441806554794312 0.81639039516448975 0.31700721383094788, 0.55235695838928223  -0.4366534948348999 -0.43087100982666016   0.5644339919090271
1715021445.756191,0.51979804039001465 0.88159364461898804 0.31711655855178833, 0.51839220523834229 -0.47828394174575806 -0.47297582030296326  0.52802258729934692,0.51979804039001465 0.88159364461898804 0.31711655855178833, 0.51839220523834229 -0.47828394174575806 -0.47297582030296326  0.52802258729934692
