RosTime,PositionForIiwa7,OrientationForIiwa7,PositionForIiwa14,OrientationForIiwa14
1715020745.329978,0.52443796396255493 0.90944784879684448 0.31505155563354492,-0.43156230449676514  0.56078624725341797  0.55337047576904297 -0.43937897682189941,0.52443796396255493 0.90944784879684448 0.31505155563354492,-0.43156230449676514  0.56078624725341797  0.55337047576904297 -0.43937897682189941
