RosTime,PositionForIiwa7,OrientationForIiwa7,PositionForIiwa14,OrientationForIiwa14
1715020198.1672473,0.48627549409866333 0.68426460027694702 0.31752324104309082, 0.51023900508880615 -0.48750245571136475 -0.48869204521179199  0.51300835609436035,0.48627549409866333 0.68426460027694702 0.31752324104309082, 0.51023900508880615 -0.48750245571136475 -0.48869204521179199  0.51300835609436035
