RosTime,PositionForIiwa7,OrientationForIiwa7,PositionForIiwa14,OrientationForIiwa14
1715021449.8760774,0.48832044005393982 0.81749647855758667 0.31742054224014282,-0.48390644788742065  0.51642286777496338  0.51522094011306763 -0.48341423273086548,0.48832044005393982 0.81749647855758667 0.31742054224014282,-0.48390644788742065  0.51642286777496338  0.51522094011306763 -0.48341423273086548
