RosTime,PositionForIiwa7,OrientationForIiwa7,PositionForIiwa14,OrientationForIiwa14
1715020765.4825504,0.53833556175231934 0.87478601932525635 0.31658652424812317,-0.47254019975662231  0.52538502216339111  0.51660275459289551 -0.48352652788162231,0.53833556175231934 0.87478601932525635 0.31658652424812317,-0.47254019975662231  0.52538502216339111  0.51660275459289551 -0.48352652788162231
1715020765.5075505,0.53794574737548828 0.89124780893325806 0.31687483191490173,-0.48523494601249695  0.51331353187561035  0.50475460290908813 -0.49626505374908447,0.53794574737548828 0.89124780893325806 0.31687483191490173,-0.48523494601249695  0.51331353187561035  0.50475460290908813 -0.49626505374908447
1715020765.5825505,0.53900474309921265 0.94280892610549927 0.31565231084823608, 0.50601845979690552 -0.49333176016807556 -0.48419013619422913   0.5158768892288208,0.53900474309921265 0.94280892610549927 0.31565231084823608, 0.50601845979690552 -0.49333176016807556 -0.48419013619422913   0.5158768892288208
1715020765.6325502,0.53885340690612793 0.97548353672027588 0.31574419140815735, 0.50983983278274536 -0.48882827162742615 -0.48113968968391418   0.5192444920539856,0.53885340690612793 0.97548353672027588 0.31574419140815735, 0.50983983278274536 -0.48882827162742615 -0.48113968968391418   0.5192444920539856
