RosTime,PositionForIiwa7,OrientationForIiwa7,PositionForIiwa14,OrientationForIiwa14
1715020326.1161361,0.49800574779510498 0.66759276390075684 0.31851297616958618, 0.60679394006729126 -0.36454212665557861 -0.36388692259788513  0.60538953542709351,0.49800574779510498 0.66759276390075684 0.31851297616958618, 0.60679394006729126 -0.36454212665557861 -0.36388692259788513  0.60538953542709351
1715020326.1661255,0.51021099090576172  0.6374586820602417 0.31840312480926514, 0.59614211320877075 -0.38242426514625549 -0.38065636157989502  0.59453094005584717,0.51021099090576172  0.6374586820602417 0.31840312480926514, 0.59614211320877075 -0.38242426514625549 -0.38065636157989502  0.59453094005584717
1715020326.1911244,  0.516346275806427 0.62340795993804932 0.31856417655944824, 0.58942216634750366 -0.39379093050956726 -0.39105361700057983  0.58701556921005249,  0.516346275806427 0.62340795993804932 0.31856417655944824, 0.58942216634750366 -0.39379093050956726 -0.39105361700057983  0.58701556921005249
