RosTime,PositionForIiwa7,OrientationForIiwa7,PositionForIiwa14,OrientationForIiwa14
1715021433.4115365,0.52748626470565796 0.72528326511383057 0.31707939505577087,-0.48006492853164673  0.51738965511322021  0.51824355125427246 -0.48297956585884094,0.52748626470565796 0.72528326511383057 0.31707939505577087,-0.48006492853164673  0.51738965511322021  0.51824355125427246 -0.48297956585884094
1715021433.4165347,0.52906507253646851 0.71993464231491089 0.31695055961608887, -0.4816744327545166  0.51606184244155884  0.51653057336807251 -0.48462983965873718,0.52906507253646851 0.71993464231491089 0.31695055961608887, -0.4816744327545166  0.51606184244155884  0.51653057336807251 -0.48462983965873718
