RosTime,PositionForIiwa7,OrientationForIiwa7,PositionForIiwa14,OrientationForIiwa14
1715020189.4625044, 0.5084611177444458 0.64719313383102417 0.31842941045761108, 0.55214923620223999 -0.44354742765426636 -0.43992805480957031  0.55214148759841919, 0.5084611177444458 0.64719313383102417 0.31842941045761108, 0.55214923620223999 -0.44354742765426636 -0.43992805480957031  0.55214148759841919
