RosTime,PositionForIiwa7,OrientationForIiwa7,PositionForIiwa14,OrientationForIiwa14
1715021136.4995463,0.60754185914993286 0.66740375757217407 0.31801870465278625, 0.62820732593536377 -0.32614943385124207 -0.32181829214096069  0.62882041931152344,0.60754185914993286 0.66740375757217407 0.31801870465278625, 0.62820732593536377 -0.32614943385124207 -0.32181829214096069  0.62882041931152344
