RosTime,PositionForIiwa7,OrientationForIiwa7,PositionForIiwa14,OrientationForIiwa14
1715020255.0184278,0.49270224571228027 0.90774279832839966 0.31659999489784241, 0.53358501195907593 -0.46137499809265137  -0.4547194242477417  0.54373741149902344,0.49270224571228027 0.90774279832839966 0.31659999489784241, 0.53358501195907593 -0.46137499809265137  -0.4547194242477417  0.54373741149902344
