RosTime,PositionForIiwa7,OrientationForIiwa7,PositionForIiwa14,OrientationForIiwa14
1715020065.2517865,0.5007743239402771 1.0387213230133057 0.3159821629524231,-0.48748719692230225  0.51167184114456177  0.50693655014038086 -0.49352154135704041,0.5007743239402771 1.0387213230133057 0.3159821629524231,-0.48748719692230225  0.51167184114456177  0.50693655014038086 -0.49352154135704041
