RosTime,PositionForIiwa7,OrientationForIiwa7,PositionForIiwa14,OrientationForIiwa14
1715020263.9899225,0.51800715923309326 0.85459315776824951 0.31669142842292786, 0.51043307781219482 -0.48787093162536621 -0.48109409213066101  0.51960420608520508,0.51800715923309326 0.85459315776824951 0.31669142842292786, 0.51043307781219482 -0.48787093162536621 -0.48109409213066101  0.51960420608520508
