RosTime,PositionForIiwa7,OrientationForIiwa7,PositionForIiwa14,OrientationForIiwa14
1715020164.0612297,0.51701176166534424 0.63420635461807251 0.31857448816299438, 0.55654758214950562 -0.43981078267097473 -0.43573668599128723   0.5540350079536438,0.51701176166534424 0.63420635461807251 0.31857448816299438, 0.55654758214950562 -0.43981078267097473 -0.43573668599128723   0.5540350079536438
