RosTime,PositionForIiwa7,OrientationForIiwa7,PositionForIiwa14,OrientationForIiwa14
1715783109.6864059,0.63435733318328857  1.0631757974624634 0.27573621273040771,-5.2513578339130618e-06   0.0012904631439596415     -0.4425911009311676     0.89672261476516724,0.63435733318328857  1.0631757974624634 0.27573621273040771,-5.2513578339130618e-06   0.0012904631439596415     -0.4425911009311676     0.89672261476516724
