RosTime,PositionForIiwa7,OrientationForIiwa7,PositionForIiwa14,OrientationForIiwa14
1715783119.7029765,0.65379041433334351  1.1219077110290527 0.27553248405456543,0.00095926708308979869 0.00011742096830857918    -0.5655021071434021    0.82474631071090698,0.65379041433334351  1.1219077110290527 0.27553248405456543,0.00095926708308979869 0.00011742096830857918    -0.5655021071434021    0.82474631071090698
