RosTime,PositionForIiwa7,OrientationForIiwa7,PositionForIiwa14,OrientationForIiwa14
1715786119.5846512,0.51348012685775757 0.61029154062271118 0.27864131331443787,-0.0021071219816803932 0.00099706382025033236   0.032374441623687744    0.99947309494018555,0.51348012685775757 0.61029154062271118 0.27864131331443787,-0.0021071219816803932 0.00099706382025033236   0.032374441623687744    0.99947309494018555
1715786119.6560781,0.52415609359741211 0.56765884160995483 0.27896252274513245,-0.0023932817857712507  0.0010762619785964489   0.023205095902085304    0.99972730875015259,0.52580857276916504 0.56082773208618164 0.27896475791931152,-0.0027245173696428537  0.0010765081970021129   0.022808050736784935    0.99973559379577637
1715786119.659719,0.52580857276916504 0.56082773208618164 0.27896475791931152,-0.0027245173696428537  0.0010765081970021129   0.022808050736784935    0.99973559379577637,0.52580857276916504 0.56082773208618164 0.27896475791931152,-0.0027245173696428537  0.0010765081970021129   0.022808050736784935    0.99973559379577637
1715786119.6696374,0.52736365795135498 0.55415284633636475 0.27903333306312561,-0.0026711709797382355  0.0011718991445377469   0.022748891264200211     0.9997369647026062,0.52736365795135498 0.55415284633636475 0.27903333306312561,-0.0026711709797382355  0.0011718991445377469   0.022748891264200211     0.9997369647026062
1715786119.680145, 0.5288349986076355  0.5475803017616272 0.27908536791801453,-0.0026118587702512741  0.0013655491638928652   0.022597027942538261    0.99974030256271362, 0.5288349986076355  0.5475803017616272 0.27908536791801453,-0.0026118587702512741  0.0013655491638928652   0.022597027942538261    0.99974030256271362
1715786119.6997633,0.53125840425491333 0.53659230470657349  0.2790982723236084,-0.0029458922799676657  0.0010802221950143576   0.022392371669411659    0.99974435567855835,0.53125840425491333 0.53659230470657349  0.2790982723236084,-0.0029458922799676657  0.0010802221950143576   0.022392371669411659    0.99974435567855835
