RosTime,PositionForIiwa7,OrientationForIiwa7,PositionForIiwa14,OrientationForIiwa14
1715782979.4883215,0.64416199922561646  1.0870456695556641 0.27658587694168091,0.0012055656407028437 0.0010329660726711154  -0.60769033432006836   0.79417246580123901,0.64416199922561646  1.0870456695556641 0.27658587694168091,0.0012055656407028437 0.0010329660726711154  -0.60769033432006836   0.79417246580123901
1715782979.4933221,0.63905483484268188  1.0867319107055664 0.27656972408294678,0.0011542354477569461 0.0012998959282413125  -0.59654945135116577   0.80257445573806763,0.63905483484268188  1.0867319107055664 0.27656972408294678,0.0011542354477569461 0.0012998959282413125  -0.59654945135116577   0.80257445573806763
1715782979.5033436,0.63133144378662109  1.0860675573348999 0.27606388926506042,0.00071004132041707635  0.0010189415188506246   -0.57879757881164551    0.81547027826309204,0.63133144378662109  1.0860675573348999 0.27606388926506042,0.00071004132041707635  0.0010189415188506246   -0.57879757881164551    0.81547027826309204
1715782979.5083194,0.62599563598632812  1.0855114459991455  0.2759985625743866,0.00063703925115987659  0.0009668022976256907    -0.5657309889793396    0.82458901405334473,0.62599563598632812  1.0855114459991455  0.2759985625743866,0.00063703925115987659  0.0009668022976256907    -0.5657309889793396    0.82458901405334473
1715782979.51332,0.62085258960723877   1.084872841835022 0.27581396698951721,0.00024957497953437269 0.00082449434557929635   -0.55243086814880371    0.83355826139450073,0.62085258960723877   1.084872841835022 0.27581396698951721,0.00024957497953437269 0.00082449434557929635   -0.55243086814880371    0.83355826139450073
1715782979.5233474,0.61311209201812744  1.0837322473526001 0.27566990256309509,-1.9236538719269447e-05   0.0010850431863218546    -0.53107970952987671     0.84732121229171753,0.61311209201812744  1.0837322473526001 0.27566990256309509,-1.9236538719269447e-05   0.0010850431863218546    -0.53107970952987671     0.84732121229171753
1715782979.5283201,0.60806399583816528  1.0828151702880859 0.27554380893707275,-0.00028538666083477437  0.00086831976659595966    -0.51599311828613281     0.85659223794937134,0.60806399583816528  1.0828151702880859 0.27554380893707275,-0.00028538666083477437  0.00086831976659595966    -0.51599311828613281     0.85659223794937134
