RosTime,PositionForIiwa7,OrientationForIiwa7,PositionForIiwa14,OrientationForIiwa14
1715785533.4570415,0.46762269735336304  0.6418379545211792  0.2786807119846344,0.0018577462760731578 0.0022040735930204391  0.025974610820412636   0.99965846538543701,0.46762269735336304  0.6418379545211792  0.2786807119846344,0.0018577462760731578 0.0022040735930204391  0.025974610820412636   0.99965846538543701
