RosTime,PositionForIiwa7,OrientationForIiwa7,PositionForIiwa14,OrientationForIiwa14
1715786085.0365489,0.53161579370498657 0.73467713594436646 0.27853766083717346,0.00068632746115326881  0.0025015447754412889    0.19656680524349213    0.98048698902130127,0.53161579370498657 0.73467713594436646 0.27853766083717346,0.00068632746115326881  0.0025015447754412889    0.19656680524349213    0.98048698902130127
1715786085.0865762,0.53997248411178589 0.69452434778213501  0.2785496711730957,-0.0010608856100589037   0.001645665499381721    0.13642004132270813    0.99064916372299194,0.53997248411178589 0.69452434778213501  0.2785496711730957,-0.0010608856100589037   0.001645665499381721    0.13642004132270813    0.99064916372299194
1715786085.1365485,0.54634630680084229 0.65602052211761475 0.27881526947021484,0.00052725471323356032  0.0016042161732912064   0.078557692468166351    0.99690812826156616,0.54634630680084229 0.65602052211761475 0.27881526947021484,0.00052725471323356032  0.0016042161732912064   0.078557692468166351    0.99690812826156616
1715786085.1615753,0.54931443929672241 0.63810944557189941 0.27885383367538452,0.0012106565991416574 0.0016654651844874024  0.053063873201608658   0.99858897924423218,0.54931443929672241 0.63810944557189941 0.27885383367538452,0.0012106565991416574 0.0016654651844874024  0.053063873201608658   0.99858897924423218
1715786085.1865523,  0.552021324634552 0.62080347537994385 0.27888059616088867,0.00080554326996207237  0.0013051159912720323   0.030112389475107193    0.99954533576965332,  0.552021324634552 0.62080347537994385 0.27888059616088867,0.00080554326996207237  0.0013051159912720323   0.030112389475107193    0.99954533576965332
