RosTime,PositionForIiwa7,OrientationForIiwa7,PositionForIiwa14,OrientationForIiwa14
1715785708.9839535,0.42681658267974854 0.81697249412536621 0.27779567241668701,-0.0039716684259474277  0.0023519941605627537    0.30598041415214539     0.9520266056060791,0.42681658267974854 0.81697249412536621 0.27779567241668701,-0.0039716684259474277  0.0023519941605627537    0.30598041415214539     0.9520266056060791
