RosTime,PositionForIiwa7,OrientationForIiwa7,PositionForIiwa14,OrientationForIiwa14
1715785767.2627265,0.45365652441978455  0.9281613826751709 0.27693113684654236,-0.0032957512885332108  0.0017347118118777871   0.057649869471788406    0.99832993745803833,0.45365652441978455  0.9281613826751709 0.27693113684654236,-0.0032957512885332108  0.0017347118118777871   0.057649869471788406    0.99832993745803833
