RosTime,PositionForIiwa7,OrientationForIiwa7,PositionForIiwa14,OrientationForIiwa14
1715784408.7935979,0.62378287315368652  1.1147646903991699 0.27761957049369812,  0.0015886240871623158 -0.00017926839063875377    -0.62918895483016968     0.77725070714950562,0.62378287315368652  1.1147646903991699 0.27761957049369812,  0.0015886240871623158 -0.00017926839063875377    -0.62918895483016968     0.77725070714950562
