RosTime,PositionForIiwa7,OrientationForIiwa7,PositionForIiwa14,OrientationForIiwa14
1715782988.3781264,0.65394872426986694  1.1019443273544312 0.27610641717910767,0.0014407405396923423 0.0018267357954755425  -0.60254907608032227   0.79807841777801514,0.65394872426986694  1.1019443273544312 0.27610641717910767,0.0014407405396923423 0.0018267357954755425  -0.60254907608032227   0.79807841777801514
1715782988.3881483,0.64399868249893188   1.100537896156311 0.27613472938537598,0.0010781560558825731 0.0017870308365672827  -0.58159226179122925   0.81347775459289551,0.64399868249893188   1.100537896156311 0.27613472938537598,0.0010781560558825731 0.0017870308365672827  -0.58159226179122925   0.81347775459289551
1715782988.3981295,0.63631892204284668   1.099306583404541 0.27616026997566223,0.0010139673249796033 0.0016238526441156864  -0.56418526172637939   0.82564598321914673,0.63631892204284668   1.099306583404541 0.27616026997566223,0.0010139673249796033 0.0016238526441156864  -0.56418526172637939   0.82564598321914673
1715782988.4031565,0.63127928972244263  1.0983299016952515 0.27607747912406921,0.00077068689279258251  0.0014707280788570642   -0.55184334516525269     0.8339461088180542,0.63127928972244263  1.0983299016952515 0.27607747912406921,0.00077068689279258251  0.0014707280788570642   -0.55184334516525269     0.8339461088180542
1715782988.4081285,0.62627494335174561  1.0972318649291992 0.27616643905639648,0.00081966229481622577  0.0018689195858314633   -0.53925180435180664    0.84214210510253906,0.62627494335174561  1.0972318649291992 0.27616643905639648,0.00081966229481622577  0.0018689195858314633   -0.53925180435180664    0.84214210510253906
1715782988.4131551,0.62122184038162231  1.0960625410079956 0.27619451284408569,0.00070095178671181202  0.0016775701660662889    -0.5263214111328125    0.85028374195098877,0.62122184038162231  1.0960625410079956 0.27619451284408569,0.00070095178671181202  0.0016775701660662889    -0.5263214111328125    0.85028374195098877
