RosTime,PositionForIiwa7,OrientationForIiwa7,PositionForIiwa14,OrientationForIiwa14
1715785019.6185043,0.50751066207885742 0.55264741182327271 0.27891096472740173, 0.00067790597677230835   0.0013204056303948164 -0.00071240239776670933     0.99999862909317017,0.50751066207885742 0.55264741182327271 0.27891096472740173, 0.00067790597677230835   0.0013204056303948164 -0.00071240239776670933     0.99999862909317017
1715785019.6285031,0.51260638236999512 0.54407638311386108 0.27895987033843994,0.00033715335302986205  0.0013813673285767436 0.00022228802845347673    0.99999898672103882,0.51260638236999512 0.54407638311386108 0.27895987033843994,0.00033715335302986205  0.0013813673285767436 0.00022228802845347673    0.99999898672103882
1715785019.6435018,0.51915669441223145 0.53339296579360962 0.27892667055130005,-0.00022569831344299018   0.0013923298101872206   0.0022679883986711502     0.99999642372131348,0.51915669441223145 0.53339296579360962 0.27892667055130005,-0.00022569831344299018   0.0013923298101872206   0.0022679883986711502     0.99999642372131348
1715785019.6535046,0.52306640148162842  0.5270078182220459 0.27889761328697205,-0.00086771382484585047   0.0013019710313528776   0.0039697359316051006     0.99999088048934937,0.52306640148162842  0.5270078182220459 0.27889761328697205,-0.00086771382484585047   0.0013019710313528776   0.0039697359316051006     0.99999088048934937
