RosTime,PositionForIiwa7,OrientationForIiwa7,PositionForIiwa14,OrientationForIiwa14
1715784528.2939477,0.67161870002746582  1.1188607215881348 0.36882129311561584,-0.091983668506145477 -0.032420899718999863   -0.6447187066078186   0.75817257165908813,0.67161870002746582  1.1188607215881348 0.36882129311561584,-0.091983668506145477 -0.032420899718999863   -0.6447187066078186   0.75817257165908813
