RosTime,PositionForIiwa7,OrientationForIiwa7,PositionForIiwa14,OrientationForIiwa14
1715784295.1341515,0.52876222133636475  1.1371181011199951 0.27674427628517151,-0.00056198419770225883   0.0013504255330190063   -0.047865025699138641     0.99885272979736328,0.52876222133636475  1.1371181011199951 0.27674427628517151,-0.00056198419770225883   0.0013504255330190063   -0.047865025699138641     0.99885272979736328
1715784295.204155,0.52863991260528564  1.0879108905792236 0.27689987421035767,-0.00098727049771696329   0.0010757861891761422    0.019399512559175491     0.99981075525283813,0.52863991260528564  1.0879108905792236 0.27689987421035767,-0.00098727049771696329   0.0010757861891761422    0.019399512559175491     0.99981075525283813
