RosTime,PositionForIiwa7,OrientationForIiwa7,PositionForIiwa14,OrientationForIiwa14
1715785972.9746623,0.48919415473937988 0.85836595296859741 0.27773541212081909,-0.0040768510662019253  0.0015487165655940771   0.089463464915752411    0.99598056077957153,0.48919415473937988 0.85836595296859741 0.27773541212081909,-0.0040768510662019253  0.0015487165655940771   0.089463464915752411    0.99598056077957153
1715785972.984632,0.48998856544494629 0.86584138870239258 0.27768900990486145,-0.0043662418611347675  0.0017167276237159967   0.084833703935146332    0.99638408422470093,0.48998856544494629 0.86584138870239258 0.27768900990486145,-0.0043662418611347675  0.0017167276237159967   0.084833703935146332    0.99638408422470093
1715785972.9896321,0.49051916599273682  0.8709561824798584 0.27769812941551208,-0.0040710261091589928  0.0018674228340387344   0.082130037248134613    0.99661153554916382,0.49051916599273682  0.8709561824798584 0.27769812941551208,-0.0040710261091589928  0.0018674228340387344   0.082130037248134613    0.99661153554916382
1715785972.9946334,0.49107176065444946 0.87593591213226318 0.27766233682632446,-0.0040776394307613373  0.0018349495949223638   0.079855330288410187    0.99679642915725708,0.49107176065444946 0.87593591213226318 0.27766233682632446,-0.0040776394307613373  0.0018349495949223638   0.079855330288410187    0.99679642915725708
1715785972.9996593,0.49165576696395874 0.88099050521850586 0.27765840291976929,-0.0040046968497335911  0.0017573073273524642   0.077680975198745728    0.99696868658065796,0.49165576696395874 0.88099050521850586 0.27765840291976929,-0.0040046968497335911  0.0017573073273524642   0.077680975198745728    0.99696868658065796
1715785973.0046546,0.49223551154136658 0.88598203659057617 0.27756395936012268,-0.0037949604447931051  0.0017575043020769954   0.075640946626663208    0.99712634086608887,0.49223551154136658 0.88598203659057617 0.27756395936012268,-0.0037949604447931051  0.0017575043020769954   0.075640946626663208    0.99712634086608887
1715785973.0146601,0.49317800998687744 0.89347165822982788 0.27756252884864807,-0.0037919569294899702  0.0020618203561753035   0.073205709457397461    0.99730753898620605,0.49317800998687744 0.89347165822982788 0.27756252884864807,-0.0037919569294899702  0.0020618203561753035   0.073205709457397461    0.99730753898620605
