RosTime,PositionForIiwa7,OrientationForIiwa7,PositionForIiwa14,OrientationForIiwa14
1715785403.4523222,0.49571090936660767 0.60405528545379639 0.27837967872619629,-0.0022283550351858139   0.002345802029594779  -0.028518404811620712     0.9995880126953125,0.49571090936660767 0.60405528545379639 0.27837967872619629,-0.0022283550351858139   0.002345802029594779  -0.028518404811620712     0.9995880126953125
