RosTime,PositionForIiwa7,OrientationForIiwa7,PositionForIiwa14,OrientationForIiwa14
1715786190.8937731,0.51561039686203003 0.71709352731704712 0.27847287058830261,-0.0016250136541202664  0.0017877996433526278  -0.054771400988101959    0.99849599599838257,0.51561039686203003 0.71709352731704712 0.27847287058830261,-0.0016250136541202664  0.0017877996433526278  -0.054771400988101959    0.99849599599838257
