RosTime,PositionForIiwa7,OrientationForIiwa7,PositionForIiwa14,OrientationForIiwa14
1715785188.1809888,0.47641754150390625  1.0423190593719482 0.27652138471603394,  -0.00256567751057446 0.00072306348010897636   0.042199142277240753    0.99910569190979004,0.47641754150390625  1.0423190593719482 0.27652138471603394,  -0.00256567751057446 0.00072306348010897636   0.042199142277240753    0.99910569190979004
