RosTime,PositionForIiwa7,OrientationForIiwa7,PositionForIiwa14,OrientationForIiwa14
1715786204.5720618,0.50237977504730225 0.81760674715042114 0.27791610360145569,-0.0026966689620167017  0.0020325744990259409  -0.012736024335026741    0.99991321563720703,0.50237977504730225 0.81760674715042114 0.27791610360145569,-0.0026966689620167017  0.0020325744990259409  -0.012736024335026741    0.99991321563720703
