RosTime,PositionForIiwa7,OrientationForIiwa7,PositionForIiwa14,OrientationForIiwa14
1715784451.3389177,0.66882967948913574   1.080000638961792 0.27680960297584534,  0.0012238585622981191 -2.7186730221728794e-05    -0.48720526695251465     0.87328660488128662,0.66882967948913574   1.080000638961792 0.27680960297584534,  0.0012238585622981191 -2.7186730221728794e-05    -0.48720526695251465     0.87328660488128662
