RosTime,PositionForIiwa7,OrientationForIiwa7,PositionForIiwa14,OrientationForIiwa14
1715785838.1239383,0.50700432062149048 0.69856727123260498 0.27923843264579773,0.00077676400542259216 -0.0016990671865642071    0.11316921561956406    0.99357396364212036,0.50700432062149048 0.69856727123260498 0.27923843264579773,0.00077676400542259216 -0.0016990671865642071    0.11316921561956406    0.99357396364212036
1715785838.1589453,0.51409268379211426 0.67195653915405273 0.27905407547950745,-0.0016632669139653444 2.3933969714562409e-05   0.093227408826351166    0.99564343690872192,0.51409268379211426 0.67195653915405273 0.27905407547950745,-0.0016632669139653444 2.3933969714562409e-05   0.093227408826351166    0.99564343690872192
