RosTime,PositionForIiwa7,OrientationForIiwa7,PositionForIiwa14,OrientationForIiwa14
1715785990.0465956,   0.44938924908638 0.86752623319625854 0.27663531899452209,-0.0040831565856933594   0.003229490714147687    0.24565574526786804    0.96934318542480469,   0.44938924908638 0.86752623319625854 0.27663531899452209,-0.0040831565856933594   0.003229490714147687    0.24565574526786804    0.96934318542480469
1715785990.0615926,0.45135378837585449 0.87979084253311157 0.27722778916358948,-0.0040584784001111984  0.0025921028573065996    0.22847867012023926    0.97353702783584595,0.45135378837585449 0.87979084253311157 0.27722778916358948,-0.0040584784001111984  0.0025921028573065996    0.22847867012023926    0.97353702783584595
1715785990.0665722,0.45286586880683899 0.88459903001785278 0.27598980069160461,-0.0044703963212668896  0.0030476064421236515     0.2214113175868988    0.97516548633575439,0.45286586880683899 0.88459903001785278 0.27598980069160461,-0.0044703963212668896  0.0030476064421236515     0.2214113175868988    0.97516548633575439
1715785990.0715888,0.45372074842453003 0.88963186740875244 0.27613481879234314,-0.0041505182161927223  0.0029268655925989151    0.21461714804172516     0.9766850471496582,0.45372074842453003 0.88963186740875244 0.27613481879234314,-0.0041505182161927223  0.0029268655925989151    0.21461714804172516     0.9766850471496582
1715785990.0815876,0.45515021681785583 0.89708876609802246 0.27634483575820923,-0.0043411445803940296  0.0027953921817243099    0.20379042625427246    0.97900092601776123,0.45515021681785583 0.89708876609802246 0.27634483575820923,-0.0043411445803940296  0.0027953921817243099    0.20379042625427246    0.97900092601776123
1715785990.0865893,0.45611301064491272 0.90202951431274414 0.27650630474090576,-0.0043294047936797142  0.0027756751514971256    0.19652478396892548    0.98048537969589233,0.45611301064491272 0.90202951431274414 0.27650630474090576,-0.0043294047936797142  0.0027756751514971256    0.19652478396892548    0.98048537969589233
