RosTime,PositionForIiwa7,OrientationForIiwa7,PositionForIiwa14,OrientationForIiwa14
1715786089.5364225,0.47633084654808044 0.94193661212921143 0.27713114023208618,-0.0038137848023325205  0.0021171842236071825   0.034438196569681168    0.99939733743667603,0.47633084654808044 0.94193661212921143 0.27713114023208618,-0.0038137848023325205  0.0021171842236071825   0.034438196569681168    0.99939733743667603
