RosTime,PositionForIiwa7,OrientationForIiwa7,PositionForIiwa14,OrientationForIiwa14
1715784259.8716934,0.64617663621902466  1.0626194477081299  0.2772306501865387,  0.001326850731857121 0.00016583116666879505   -0.65040493011474609    0.75958645343780518,0.64617663621902466  1.0626194477081299  0.2772306501865387,  0.001326850731857121 0.00016583116666879505   -0.65040493011474609    0.75958645343780518
1715784259.8766944,0.64111983776092529   1.063014030456543 0.27728664875030518, 0.0012002391740679741 0.00021141748584341258   -0.64014017581939697    0.76825714111328125,0.64111983776092529   1.063014030456543 0.27728664875030518, 0.0012002391740679741 0.00021141748584341258   -0.64014017581939697    0.76825714111328125
1715784259.8816919,0.63610899448394775  1.0634337663650513 0.27739474177360535,0.00096235465025529265  0.0002500547852832824   -0.62929219007492065     0.7771681547164917,0.63610899448394775  1.0634337663650513 0.27739474177360535,0.00096235465025529265  0.0002500547852832824   -0.62929219007492065     0.7771681547164917
1715784259.886688, 0.6310996413230896   1.063791036605835 0.27760601043701172,0.00089653063332661986 0.00031402002787217498   -0.61777836084365845    0.78635168075561523, 0.6310996413230896   1.063791036605835 0.27760601043701172,0.00089653063332661986 0.00031402002787217498   -0.61777836084365845    0.78635168075561523
