RosTime,PositionForIiwa7,OrientationForIiwa7,PositionForIiwa14,OrientationForIiwa14
1715784585.5973303,0.64682042598724365 0.97687631845474243 0.27783942222595215,0.00090942281531170011 0.00055845227325335145   -0.61813783645629883    0.78606903553009033,0.64682042598724365 0.97687631845474243 0.27783942222595215,0.00090942281531170011 0.00055845227325335145   -0.61813783645629883    0.78606903553009033
