RosTime,PositionForIiwa7,OrientationForIiwa7,PositionForIiwa14,OrientationForIiwa14
1715785466.7617168,0.45033073425292969 0.82696795463562012 0.28476962447166443,-0.0096290651708841324   0.031188977882266045    0.23199285566806793    0.97216963768005371,0.45033073425292969 0.82696795463562012 0.28476962447166443,-0.0096290651708841324   0.031188977882266045    0.23199285566806793    0.97216963768005371
1715785466.8616951,0.47155249118804932 0.88698512315750122 0.28914344310760498,-0.0098622655496001244   0.055866647511720657    0.11635316908359528    0.99158638715744019,0.47155249118804932 0.88698512315750122 0.28914344310760498,-0.0098622655496001244   0.055866647511720657    0.11635316908359528    0.99158638715744019
1715785466.9116945,0.47605419158935547 0.91702979803085327 0.28679656982421875,-0.0063997907564043999   0.042923383414745331   0.085728190839290619     0.9953729510307312,0.47605419158935547 0.91702979803085327 0.28679656982421875,-0.0063997907564043999   0.042923383414745331   0.085728190839290619     0.9953729510307312
