RosTime,PositionForIiwa7,OrientationForIiwa7,PositionForIiwa14,OrientationForIiwa14
1715784526.2088559,0.83116322755813599  1.1713638305664062  0.3189254105091095, 0.83381479978561401 -0.50188958644866943  -0.1350247710943222  0.18608614802360535,0.83116322755813599  1.1713638305664062  0.3189254105091095, 0.83381479978561401 -0.50188958644866943  -0.1350247710943222  0.18608614802360535
