RosTime,PositionForIiwa7,OrientationForIiwa7,PositionForIiwa14,OrientationForIiwa14
1715785712.7725813,0.41993394494056702 0.65870994329452515 0.27742922306060791,-0.0019280784763395786  0.0021670707501471043   -0.20449841022491455    0.97886258363723755,0.41993394494056702 0.65870994329452515 0.27742922306060791,-0.0019280784763395786  0.0021670707501471043   -0.20449841022491455    0.97886258363723755
1715785712.8725362,0.46640497446060181 0.59440547227859497 0.27763703465461731,-0.0029110491741448641  0.0023905322887003422   -0.11829444020986557    0.99297142028808594,0.46640497446060181 0.59440547227859497 0.27763703465461731,-0.0029110491741448641  0.0023905322887003422   -0.11829444020986557    0.99297142028808594
