RosTime,PositionForIiwa7,OrientationForIiwa7,PositionForIiwa14,OrientationForIiwa14
1715785738.7264438,0.52441632747650146 0.54607945680618286 0.27950474619865417, -0.0020881239324808121 -8.9700217358767986e-05    0.046874959021806717     0.99889856576919556,0.52441632747650146 0.54607945680618286 0.27950474619865417, -0.0020881239324808121 -8.9700217358767986e-05    0.046874959021806717     0.99889856576919556
