RosTime,PositionForIiwa7,OrientationForIiwa7,PositionForIiwa14,OrientationForIiwa14
1715785670.0512636,0.48854488134384155 0.56274920701980591 0.27931627631187439, -0.001658443477936089 0.00070194981526583433   0.086375407874584198    0.99626106023788452,0.48854488134384155 0.56274920701980591 0.27931627631187439, -0.001658443477936089 0.00070194981526583433   0.086375407874584198    0.99626106023788452
