RosTime,PositionForIiwa7,OrientationForIiwa7,PositionForIiwa14,OrientationForIiwa14
1715785985.3618679,0.55089402198791504 0.66723513603210449 0.27927759289741516,  0.0032423480879515409 -0.00017183968157041818    0.008378257043659687     0.99995964765548706,0.55089402198791504 0.66723513603210449 0.27927759289741516,  0.0032423480879515409 -0.00017183968157041818    0.008378257043659687     0.99995964765548706
