RosTime,PositionForIiwa7,OrientationForIiwa7,PositionForIiwa14,OrientationForIiwa14
1715785833.8662772,0.40942901372909546 0.84412229061126709 0.27764624357223511,-0.0040745786391198635  0.0024440069682896137    0.27644893527030945    0.96101689338684082,0.40942901372909546 0.84412229061126709 0.27764624357223511,-0.0040745786391198635  0.0024440069682896137    0.27644893527030945    0.96101689338684082
1715785833.9412277,0.42639505863189697 0.89828217029571533 0.27743440866470337,-0.0041094380430877209  0.0019347899360582232    0.20324793457984924    0.97911679744720459,0.42639505863189697 0.89828217029571533 0.27743440866470337,-0.0041094380430877209  0.0019347899360582232    0.20324793457984924    0.97911679744720459
