RosTime,PositionForIiwa7,OrientationForIiwa7,PositionForIiwa14,OrientationForIiwa14
1715785214.4247448,0.47397309541702271  1.0061895847320557  0.2766285240650177,-0.0039715012535452843 0.00047966861166059971     0.1575586199760437    0.98750156164169312,0.47397309541702271  1.0061895847320557  0.2766285240650177,-0.0039715012535452843 0.00047966861166059971     0.1575586199760437    0.98750156164169312
