RosTime,PositionForIiwa7,OrientationForIiwa7,PositionForIiwa14,OrientationForIiwa14
1715786230.2099969,0.53046882152557373 0.66625189781188965 0.27864009141921997,  0.0011392008746042848 -0.00017080105317290872   -0.069741889834403992     0.99756437540054321,0.53046882152557373 0.66625189781188965 0.27864009141921997,  0.0011392008746042848 -0.00017080105317290872   -0.069741889834403992     0.99756437540054321
1715786230.2199938,0.53118973970413208 0.65831190347671509 0.27870410680770874,  0.0009621625067666173 -0.00010100033250637352   -0.076938949525356293     0.99703532457351685,0.53118973970413208 0.65831190347671509 0.27870410680770874,  0.0009621625067666173 -0.00010100033250637352   -0.076938949525356293     0.99703532457351685
1715786230.2300179,0.53173738718032837  0.6524166464805603 0.27868551015853882, 0.00075432797893881798 -0.00025646958965808153   -0.081530258059501648     0.99667054414749146,0.53173738718032837  0.6524166464805603 0.27868551015853882, 0.00075432797893881798 -0.00025646958965808153   -0.081530258059501648     0.99667054414749146
