RosTime,PositionForIiwa7,OrientationForIiwa7,PositionForIiwa14,OrientationForIiwa14
1715785762.8303607,0.46883609890937805  0.7140166163444519 0.27862837910652161, -0.0014296702574938536 -1.8856280803447589e-05    0.053585845977067947     0.99856221675872803,0.46883609890937805  0.7140166163444519 0.27862837910652161, -0.0014296702574938536 -1.8856280803447589e-05    0.053585845977067947     0.99856221675872803
1715785762.8453617,0.47228536009788513 0.70379382371902466 0.27863562107086182, -0.0017048736335709691 -0.00024177166051231325    0.054715473204851151      0.9985005259513855,0.47228536009788513 0.70379382371902466 0.27863562107086182, -0.0017048736335709691 -0.00024177166051231325    0.054715473204851151      0.9985005259513855
1715785762.8803868,0.48187842965126038 0.67592930793762207 0.27889490127563477,  -0.001431841985322535 -0.00031820300500839949    0.056171607226133347     0.99842005968093872,0.48187842965126038 0.67592930793762207 0.27889490127563477,  -0.001431841985322535 -0.00031820300500839949    0.056171607226133347     0.99842005968093872
1715785762.8953631,0.48561346530914307 0.66476339101791382 0.27897915244102478,  -0.001377995009534061 -0.00036477096728049219    0.055904917418956757     0.99843508005142212,0.48561346530914307 0.66476339101791382 0.27897915244102478,  -0.001377995009534061 -0.00036477096728049219    0.055904917418956757     0.99843508005142212
1715785762.9103866,0.48847159743309021 0.65401279926300049 0.27927833795547485,-0.00081521656829863787  -0.0002311030839337036    0.056043539196252823     0.99842798709869385,0.48847159743309021 0.65401279926300049 0.27927833795547485,-0.00081521656829863787  -0.0002311030839337036    0.056043539196252823     0.99842798709869385
1715785762.9303899,0.49484580755233765 0.63551485538482666  0.2789175808429718,-0.0026388484984636307 0.00033261920907534659   0.054983992129564285    0.99848371744155884,0.49484580755233765 0.63551485538482666  0.2789175808429718,-0.0026388484984636307 0.00033261920907534659   0.054983992129564285    0.99848371744155884
1715785762.9503646,0.49903956055641174 0.61912047863006592 0.27947750687599182,-3.6299119528848678e-05   -0.002274184487760067     0.05308881402015686     0.99858719110488892,0.49903956055641174 0.61912047863006592 0.27947750687599182,-3.6299119528848678e-05   -0.002274184487760067     0.05308881402015686     0.99858719110488892
