RosTime,PositionForIiwa7,OrientationForIiwa7,PositionForIiwa14,OrientationForIiwa14
1715785652.5818529,0.52327901124954224 0.56738489866256714 0.27929261326789856,-0.0018672064179554582 0.00058244948741048574   0.091166108846664429    0.99583375453948975,0.52327901124954224 0.56738489866256714 0.27929261326789856,-0.0018672064179554582 0.00058244948741048574   0.091166108846664429    0.99583375453948975
1715785652.5968945,0.52689796686172485 0.55631536245346069 0.27948257327079773,-0.0016012259293347597 0.00028964542434550822   0.088723734021186829    0.99605494737625122,0.52689796686172485 0.55631536245346069 0.27948257327079773,-0.0016012259293347597 0.00028964542434550822   0.088723734021186829    0.99605494737625122
