RosTime,PositionForIiwa7,OrientationForIiwa7,PositionForIiwa14,OrientationForIiwa14
1715785729.7428703,0.49219340085983276 0.64232677221298218 0.27876761555671692,-0.0019721677526831627 0.00069821916986256838   0.028487931936979294    0.99959194660186768,0.49219340085983276 0.64232677221298218 0.27876761555671692,-0.0019721677526831627 0.00069821916986256838   0.028487931936979294    0.99959194660186768
