RosTime,PositionForIiwa7,OrientationForIiwa7,PositionForIiwa14,OrientationForIiwa14
1715784447.1464267, 0.5819932222366333 0.48763066530227661 0.28005853295326233,-0.0043725185096263885 0.00078473158646374941    0.35146036744117737    0.93619221448898315, 0.5819932222366333 0.48763066530227661 0.28005853295326233,-0.0043725185096263885 0.00078473158646374941    0.35146036744117737    0.93619221448898315
