RosTime,PositionForIiwa7,OrientationForIiwa7,PositionForIiwa14,OrientationForIiwa14
1715784803.4946549,0.53125584125518799  1.2404515743255615 0.27502569556236267,0.00057149265194311738  0.0025200492236763239   0.027984233573079109    0.99960500001907349,0.53125584125518799  1.2404515743255615 0.27502569556236267,0.00057149265194311738  0.0025200492236763239   0.027984233573079109    0.99960500001907349
