RosTime,PositionForIiwa7,OrientationForIiwa7,PositionForIiwa14,OrientationForIiwa14
1715784379.9428024,0.64430767297744751  1.0939720869064331 0.27557235956192017, 0.0010236060479655862 0.00040603996603749692   -0.58458679914474487    0.81133043766021729,0.64430767297744751  1.0939720869064331 0.27557235956192017, 0.0010236060479655862 0.00040603996603749692   -0.58458679914474487    0.81133043766021729
1715784379.9527953,0.63676494359970093  1.0947647094726562 0.27582442760467529, 0.0010383771732449532 0.00025348080089315772    -0.5656246542930603    0.82466214895248413,0.63676494359970093  1.0947647094726562 0.27582442760467529, 0.0010383771732449532 0.00025348080089315772    -0.5656246542930603    0.82466214895248413
1715784379.9627986,0.62683451175689697  1.0954331159591675 0.27622634172439575,0.00033378548687323928 0.00062843714840710163   -0.53848212957382202     0.8426365852355957,0.62683451175689697  1.0954331159591675 0.27622634172439575,0.00033378548687323928 0.00062843714840710163   -0.53848212957382202     0.8426365852355957
1715784380.0277987,0.57795959711074829  1.0954692363739014 0.27660319209098816,-0.0017405432881787419 0.00076200970215722919   -0.35724428296089172    0.93400907516479492,0.57795959711074829  1.0954692363739014 0.27660319209098816,-0.0017405432881787419 0.00076200970215722919   -0.35724428296089172    0.93400907516479492
