RosTime,PositionForIiwa7,OrientationForIiwa7,PositionForIiwa14,OrientationForIiwa14
1714566097.7208972,0.56190502643585205  0.7396923303604126 0.31782516837120056,-0.41436672210693359  0.57048684358596802  0.57469749450683594 -0.41541275382041931,0.56190502643585205  0.7396923303604126 0.31782516837120056,-0.41436672210693359  0.57048684358596802  0.57469749450683594 -0.41541275382041931
1714566097.8958969,0.57315754890441895 0.60998004674911499 0.31763100624084473,-0.45881509780883789  0.53560847043991089  0.53690475225448608 -0.46297469735145569,0.57315754890441895 0.60998004674911499 0.31763100624084473,-0.45881509780883789  0.53560847043991089  0.53690475225448608 -0.46297469735145569
1714566098.0208962,0.58075439929962158 0.52285653352737427  0.3180961012840271,-0.47763940691947937  0.51940059661865234  0.51938140392303467 -0.48200264573097229,0.58075439929962158 0.52285653352737427  0.3180961012840271,-0.47763940691947937  0.51940059661865234  0.51938140392303467 -0.48200264573097229
