RosTime,PositionForIiwa7,OrientationForIiwa7,PositionForIiwa14,OrientationForIiwa14
1714565796.7398798,0.56797325611114502 0.68600684404373169  0.3181043267250061,-0.43022501468658447  0.55855107307434082  0.56334507465362549 -0.43077778816223145,0.56797325611114502 0.68600684404373169  0.3181043267250061,-0.43022501468658447  0.55855107307434082  0.56334507465362549 -0.43077778816223145
1714565796.8148811,0.56815719604492188  0.6324232816696167 0.31819534301757812,-0.44749531149864197  0.54571032524108887  0.54796481132507324 -0.44909101724624634,0.56815719604492188  0.6324232816696167 0.31819534301757812,-0.44749531149864197  0.54571032524108887  0.54796481132507324 -0.44909101724624634
1714565796.8348823,0.56845563650131226 0.61855506896972656 0.31805336475372314,-0.45166042447090149  0.54208338260650635  0.54419529438018799 -0.45387217402458191,0.56845563650131226 0.61855506896972656 0.31805336475372314,-0.45166042447090149  0.54208338260650635  0.54419529438018799 -0.45387217402458191
