RosTime,PositionForIiwa7,OrientationForIiwa7,PositionForIiwa14,OrientationForIiwa14
1714565750.5537021,0.57057410478591919 0.71140587329864502 0.31770747900009155, -0.4900813102722168   0.5091933012008667  0.50727951526641846 -0.49316325783729553,0.57057410478591919 0.71140587329864502 0.31770747900009155, -0.4900813102722168   0.5091933012008667  0.50727951526641846 -0.49316325783729553
