RosTime,PositionForIiwa7,OrientationForIiwa7,PositionForIiwa14,OrientationForIiwa14
1714565629.1785235,0.55484771728515625 0.53721016645431519 0.31823182106018066,-0.49388596415519714  0.50331896543502808  0.50487363338470459  -0.4978446364402771,0.55484771728515625 0.53721016645431519 0.31823182106018066,-0.49388596415519714  0.50331896543502808  0.50487363338470459  -0.4978446364402771
