RosTime,PositionForIiwa7,OrientationForIiwa7,PositionForIiwa14,OrientationForIiwa14
1714565982.539026,0.59638923406600952  0.5333893895149231 0.31765919923782349, -0.4685911238193512  0.52745020389556885  0.52681267261505127 -0.47401165962219238,0.59638923406600952  0.5333893895149231 0.31765919923782349, -0.4685911238193512  0.52745020389556885  0.52681267261505127 -0.47401165962219238
