RosTime,PositionForIiwa7,OrientationForIiwa7,PositionForIiwa14,OrientationForIiwa14
1714566249.4520056,0.61593890190124512 0.59396886825561523 0.31781464815139771,-0.44122117757797241   0.5505555272102356   0.5496106743812561 -0.44737079739570618,0.61593890190124512 0.59396886825561523 0.31781464815139771,-0.44122117757797241   0.5505555272102356   0.5496106743812561 -0.44737079739570618
