RosTime,PositionForIiwa7,OrientationForIiwa7,PositionForIiwa14,OrientationForIiwa14
1714565905.6058919,0.57720518112182617 0.59859877824783325 0.31763625144958496, -0.4702284038066864  0.52667111158370972  0.52695894241333008 -0.47309306263923645,0.57720518112182617 0.59859877824783325 0.31763625144958496, -0.4702284038066864  0.52667111158370972  0.52695894241333008 -0.47309306263923645
