RosTime,PositionForIiwa7,OrientationForIiwa7,PositionForIiwa14,OrientationForIiwa14
1714566168.399205,0.58300703763961792 0.62044805288314819 0.31756305694580078,-0.39029154181480408  0.58742892742156982  0.58683294057846069 -0.39777737855911255,0.58300703763961792 0.62044805288314819 0.31756305694580078,-0.39029154181480408  0.58742892742156982  0.58683294057846069 -0.39777737855911255
