RosTime,PositionForIiwa7,OrientationForIiwa7,PositionForIiwa14,OrientationForIiwa14
1714657529.3023818,0.46366921067237854 0.72454428672790527 0.27917781472206116,0.0044856192544102669 0.0012776243966072798  0.018228325992822647   0.99982297420501709,0.46366921067237854 0.72454428672790527 0.27917781472206116,0.0044856192544102669 0.0012776243966072798  0.018228325992822647   0.99982297420501709
