RosTime,PositionForIiwa7,OrientationForIiwa7,PositionForIiwa14,OrientationForIiwa14
1714649428.8772011,0.44702056050300598 0.89192759990692139  0.2770671546459198,-0.0002119809651048854  0.0037102452479302883    0.26499855518341064      0.964241623878479,0.44702056050300598 0.89192759990692139  0.2770671546459198,-0.0002119809651048854  0.0037102452479302883    0.26499855518341064      0.964241623878479
1714649428.8871505,0.45255514979362488 0.90030491352081299  0.2772921621799469,-0.00040054629789665341   0.0032477600034326315     0.23487444221973419     0.97202020883560181,0.45255514979362488 0.90030491352081299  0.2772921621799469,-0.00040054629789665341   0.0032477600034326315     0.23487444221973419     0.97202020883560181
