RosTime,PositionForIiwa7,OrientationForIiwa7,PositionForIiwa14,OrientationForIiwa14
1714649055.9358456,0.58414089679718018 0.58598500490188599 0.27891039848327637,-0.00032137692323885858   0.0025458841118961573     0.10064850747585297     0.99491876363754272,0.58414089679718018 0.58598500490188599 0.27891039848327637,-0.00032137692323885858   0.0025458841118961573     0.10064850747585297     0.99491876363754272
