RosTime,PositionForIiwa7,OrientationForIiwa7,PositionForIiwa14,OrientationForIiwa14
1714657324.6337941,0.66478455066680908 0.95917469263076782 0.27810552716255188,  0.0047784913331270218 -0.00093680672580376267    -0.48520153760910034     0.87438881397247314,0.66478455066680908 0.95917469263076782 0.27810552716255188,  0.0047784913331270218 -0.00093680672580376267    -0.48520153760910034     0.87438881397247314
