RosTime,PositionForIiwa7,OrientationForIiwa7,PositionForIiwa14,OrientationForIiwa14
1714649565.19785,0.53454554080963135 0.73563945293426514 0.27865132689476013, 0.001943708979524672 0.0031251378823071718   0.17738157510757446   0.98413527011871338,0.53454554080963135 0.73563945293426514 0.27865132689476013, 0.001943708979524672 0.0031251378823071718   0.17738157510757446   0.98413527011871338
1714649565.2228498,0.54423660039901733 0.71805042028427124 0.27886271476745605,0.0015077051939442754 0.0026285422500222921   0.15636935830116272   0.98769402503967285,0.54544901847839355 0.71581965684890747 0.27887129783630371,0.0017488662851974368 0.0027015383820980787   0.15382121503353119   0.98809343576431274
1714649565.2278681,0.54675000905990601 0.71364200115203857 0.27903151512145996,0.0021503297612071037 0.0022280863486230373   0.15137280523777008    0.9884718656539917,0.54675000905990601 0.71364200115203857 0.27903151512145996,0.0021503297612071037 0.0022280863486230373   0.15137280523777008    0.9884718656539917
1714649565.2378495,0.55181896686553955 0.70482820272445679 0.27897340059280396,0.0017333655850961804 0.0022032281849533319   0.14042924344539642   0.99008673429489136,0.55181896686553955 0.70482820272445679 0.27897340059280396,0.0017333655850961804 0.0022032281849533319   0.14042924344539642   0.99008673429489136
1714649565.2478518,0.55700123310089111 0.69597667455673218 0.27902951836585999,0.0013897854369133711 0.0022434727288782597   0.12925843894481659    0.9916074275970459,0.55700123310089111 0.69597667455673218 0.27902951836585999,0.0013897854369133711 0.0022434727288782597   0.12925843894481659    0.9916074275970459
1714649565.2678523, 0.5649840235710144 0.68181073665618896 0.27888399362564087,-0.00088803120888769627   0.0021774449851363897     0.11130925267934799     0.99378305673599243, 0.5649840235710144 0.68181073665618896 0.27888399362564087,-0.00088803120888769627   0.0021774449851363897     0.11130925267934799     0.99378305673599243
1714649565.3128502,0.58232998847961426 0.64833682775497437 0.27931421995162964,0.00048477828386239707 0.00022399793670047075   0.064085491001605988    0.99794429540634155,0.58232998847961426 0.64833682775497437 0.27931421995162964,0.00048477828386239707 0.00022399793670047075   0.064085491001605988    0.99794429540634155
