RosTime,PositionForIiwa7,OrientationForIiwa7,PositionForIiwa14,OrientationForIiwa14
1714650113.6201401,0.56766039133071899 0.58098679780960083 0.27908042073249817,-0.0026574512012302876  0.0011839320650324225   0.049008436501026154    0.99879413843154907,0.56766039133071899 0.58098679780960083 0.27908042073249817,-0.0026574512012302876  0.0011839320650324225   0.049008436501026154    0.99879413843154907
