RosTime,PositionForIiwa7,OrientationForIiwa7,PositionForIiwa14,OrientationForIiwa14
1714648974.7397807,0.58447027206420898 0.69721907377243042 0.27889350056648254,-0.0031375538092106581  0.0012930559460073709     0.1201820969581604    0.99274605512619019,0.58447027206420898 0.69721907377243042 0.27889350056648254,-0.0031375538092106581  0.0012930559460073709     0.1201820969581604    0.99274605512619019
1714648974.7547562,0.58393079042434692 0.68472307920455933 0.27892813086509705,-0.0032100712414830923  0.0011939367977902293    0.11284028738737106    0.99360722303390503,0.58393079042434692 0.68472307920455933 0.27892813086509705,-0.0032100712414830923  0.0011939367977902293    0.11284028738737106    0.99360722303390503
