RosTime,PositionForIiwa7,OrientationForIiwa7,PositionForIiwa14,OrientationForIiwa14
1714649868.5580761,0.48503449559211731 0.97777044773101807 0.27710005640983582,0.0031340550631284714 0.0035949328448623419   0.15348048508167267   0.98814016580581665,0.48503449559211731 0.97777044773101807 0.27710005640983582,0.0031340550631284714 0.0035949328448623419   0.15348048508167267   0.98814016580581665
