RosTime,PositionForIiwa7,OrientationForIiwa7,PositionForIiwa14,OrientationForIiwa14
1714649231.2138748,0.54872095584869385 0.61382102966308594 0.27888393402099609,-0.0031920720357447863  0.0010170222958549857   0.019139058887958527    0.99981123208999634,0.54872095584869385 0.61382102966308594 0.27888393402099609,-0.0031920720357447863  0.0010170222958549857   0.019139058887958527    0.99981123208999634
1714649231.2639155,0.55545341968536377 0.58129113912582397 0.27892109751701355,-0.0032933370675891638  0.0011076709488406777   0.015502543188631535     0.9998738169670105,0.55545341968536377 0.58129113912582397 0.27892109751701355,-0.0032933370675891638  0.0011076709488406777   0.015502543188631535     0.9998738169670105
