RosTime,PositionForIiwa7,OrientationForIiwa7,PositionForIiwa14,OrientationForIiwa14
1714650291.0748112, 0.5813865065574646 0.69260787963867188 0.27791118621826172,-0.0025318353436887264  0.0026985418517142534    0.21523202955722809    0.97655594348907471, 0.5813865065574646 0.69260787963867188 0.27791118621826172,-0.0025318353436887264  0.0026985418517142534    0.21523202955722809    0.97655594348907471
1714650291.0947933,0.58134835958480835 0.67728734016418457 0.27803266048431396,-0.0023632110096514225  0.0024325514677911997     0.2053309828042984    0.97868669033050537,0.58134835958480835 0.67728734016418457 0.27803266048431396,-0.0023632110096514225  0.0024325514677911997     0.2053309828042984    0.97868669033050537
