RosTime,PositionForIiwa7,OrientationForIiwa7,PositionForIiwa14,OrientationForIiwa14
1714648633.4163208,0.53447103500366211 0.71767479181289673 0.27751719951629639,-0.0017687857616692781  0.0030917306430637836     0.1676018089056015    0.98584836721420288,0.53447103500366211 0.71767479181289673 0.27751719951629639,-0.0017687857616692781  0.0030917306430637836     0.1676018089056015    0.98584836721420288
1714648633.5163236,0.55723035335540771 0.63611686229705811 0.27782529592514038,-0.0021465420722961426   0.003326707985252142    0.15996325016021729    0.98711502552032471,0.55723035335540771 0.63611686229705811 0.27782529592514038,-0.0021465420722961426   0.003326707985252142    0.15996325016021729    0.98711502552032471
