RosTime,PositionForIiwa7,OrientationForIiwa7,PositionForIiwa14,OrientationForIiwa14
1714650175.723114,  0.458303302526474 0.90692538022994995 0.27751016616821289,0.0021585740614682436 0.0041882460936903954   0.23404884338378906   0.97221344709396362,  0.458303302526474 0.90692538022994995 0.27751016616821289,0.0021585740614682436 0.0041882460936903954   0.23404884338378906   0.97221344709396362
