RosTime,PositionForIiwa7,OrientationForIiwa7,PositionForIiwa14,OrientationForIiwa14
1714648764.0735922,0.49453377723693848 0.84689587354660034 0.27781859040260315,-0.0033664496149867773   0.001752116484567523   0.053363081067800522    0.99856793880462646,0.49453377723693848 0.84689587354660034 0.27781859040260315,-0.0033664496149867773   0.001752116484567523   0.053363081067800522    0.99856793880462646
1714648764.0785639,0.49684834480285645 0.85148352384567261 0.27747347950935364,-0.0038312282413244247   0.001846790430136025    0.04943939670920372    0.99876809120178223,0.49684834480285645 0.85148352384567261 0.27747347950935364,-0.0038312282413244247   0.001846790430136025    0.04943939670920372    0.99876809120178223
1714648764.0835655,0.49922820925712585 0.85605639219284058 0.27745762467384338,-0.0032902541570365429  0.0020859807264059782   0.045377418398857117    0.99896234273910522,0.49922820925712585 0.85605639219284058 0.27745762467384338,-0.0032902541570365429  0.0020859807264059782   0.045377418398857117    0.99896234273910522
1714648764.0885651,0.50150275230407715  0.8605574369430542 0.27740627527236938,-0.0035188412293791771  0.0021116279531270266   0.040876477956771851    0.99915575981140137,0.50150275230407715  0.8605574369430542 0.27740627527236938,-0.0035188412293791771  0.0021116279531270266   0.040876477956771851    0.99915575981140137
