RosTime,PositionForIiwa7,OrientationForIiwa7,PositionForIiwa14,OrientationForIiwa14
1714657791.0569663,0.58850330114364624  1.0255075693130493 0.27810835838317871, -0.0022835084237158298 -4.3203061068197712e-05    0.030156562104821205     0.99954259395599365,0.58850330114364624  1.0255075693130493 0.27810835838317871, -0.0022835084237158298 -4.3203061068197712e-05    0.030156562104821205     0.99954259395599365
