RosTime,PositionForIiwa7,OrientationForIiwa7,PositionForIiwa14,OrientationForIiwa14
1714651713.5653074,0.51819056272506714  1.0642668008804321 0.28311982750892639,-0.00041045038960874081  -0.0015967332292348146    -0.02721976675093174     0.99962812662124634,0.51819056272506714  1.0642668008804321 0.28311982750892639,-0.00041045038960874081  -0.0015967332292348146    -0.02721976675093174     0.99962812662124634
