RosTime,PositionForIiwa7,OrientationForIiwa7,PositionForIiwa14,OrientationForIiwa14
1714649434.1057959,0.56910169124603271 0.68488180637359619 0.27848148345947266,-0.0015499908477067947  0.0029514427296817303    0.28244861960411072    0.95927661657333374,0.56910169124603271 0.68488180637359619 0.27848148345947266,-0.0015499908477067947  0.0029514427296817303    0.28244861960411072    0.95927661657333374
