RosTime,PositionForIiwa7,OrientationForIiwa7,PositionForIiwa14,OrientationForIiwa14
1714650020.9704227,0.50253695249557495 0.95001339912414551 0.27853548526763916,-0.0035601668059825897  0.0010725463507696986   0.093490436673164368     0.9956132173538208,0.50253695249557495 0.95001339912414551 0.27853548526763916,-0.0035601668059825897  0.0010725463507696986   0.093490436673164368     0.9956132173538208
