RosTime,PositionForIiwa7,OrientationForIiwa7,PositionForIiwa14,OrientationForIiwa14
1714649946.8249781,0.58258110284805298 0.60051298141479492 0.27925577759742737,-0.00034074886934831738   0.0013332138769328594     0.02359730564057827     0.99972057342529297,0.58258110284805298 0.60051298141479492 0.27925577759742737,-0.00034074886934831738   0.0013332138769328594     0.02359730564057827     0.99972057342529297
1714649946.8499486,0.58209222555160522 0.58530342578887939 0.27924531698226929,-0.0011829946888610721  0.0017087943851947784   0.027662936598062515     0.9996151328086853,0.58209222555160522 0.58530342578887939 0.27924531698226929,-0.0011829946888610721  0.0017087943851947784   0.027662936598062515     0.9996151328086853
