RosTime,PositionForIiwa7,OrientationForIiwa7,PositionForIiwa14,OrientationForIiwa14
1714649560.4088371,0.52371722459793091 0.99604350328445435 0.27630463242530823,-0.0041942354291677475  0.0024282648228108883   0.015742693096399307    0.99986433982849121,0.52371722459793091 0.99604350328445435 0.27630463242530823,-0.0041942354291677475  0.0024282648228108883   0.015742693096399307    0.99986433982849121
