RosTime,PositionForIiwa7,OrientationForIiwa7,PositionForIiwa14,OrientationForIiwa14
1714649166.0510018,0.60441243648529053 0.63255977630615234 0.27880385518074036,-0.00061588117387145758   0.0022091013379395008      0.1469234824180603     0.98914521932601929,0.60441243648529053 0.63255977630615234 0.27880385518074036,-0.00061588117387145758   0.0022091013379395008      0.1469234824180603     0.98914521932601929
