RosTime,PositionForIiwa7,OrientationForIiwa7,PositionForIiwa14,OrientationForIiwa14
1714566366.2781653,0.59403377771377563 0.79664939641952515 0.31742319464683533,-0.32204693555831909  0.62477153539657593  0.63396942615509033 -0.32253530621528625,0.59403377771377563 0.79664939641952515 0.31742319464683533,-0.32204693555831909  0.62477153539657593  0.63396942615509033 -0.32253530621528625
1714566366.2831635,0.59410589933395386 0.79097217321395874 0.31742024421691895,-0.32409510016441345  0.62344324588775635   0.6330607533454895 -0.32483068108558655,0.59410589933395386 0.79097217321395874 0.31742024421691895,-0.32409510016441345  0.62344324588775635   0.6330607533454895 -0.32483068108558655
1714566366.4131675,0.59727185964584351  0.6883777379989624 0.31797781586647034,-0.37463453412055969  0.59599751234054565  0.60218751430511475 -0.37657156586647034,0.59727185964584351  0.6883777379989624 0.31797781586647034,-0.37463453412055969  0.59599751234054565  0.60218751430511475 -0.37657156586647034
