RosTime,PositionForIiwa7,OrientationForIiwa7,PositionForIiwa14,OrientationForIiwa14
1714566509.7391133,0.60213011503219604 0.66642695665359497 0.31664952635765076,-0.44104138016700745  0.55016696453094482    0.549915611743927 -0.44765123724937439,0.60213011503219604 0.66642695665359497 0.31664952635765076,-0.44104138016700745  0.55016696453094482    0.549915611743927 -0.44765123724937439
1714566509.7491148,0.60303705930709839 0.65898698568344116 0.31675782799720764, -0.4445035457611084  0.54740029573440552  0.54706567525863647 -0.45109716057777405,0.60303705930709839 0.65898698568344116 0.31675782799720764, -0.4445035457611084  0.54740029573440552  0.54706567525863647 -0.45109716057777405
1714566509.7641184,0.60490649938583374 0.64412540197372437  0.3169226348400116,-0.45074182748794556  0.54227370023727417  0.54154682159423828 -0.45770958065986633,0.60490649938583374 0.64412540197372437  0.3169226348400116,-0.45074182748794556  0.54227370023727417  0.54154682159423828 -0.45770958065986633
1714566509.8341472,0.61155307292938232 0.58341675996780396 0.31598889827728271,-0.47258353233337402  0.52274525165557861  0.52159953117370605 -0.48097410798072815,0.61155307292938232 0.58341675996780396 0.31598889827728271,-0.47258353233337402  0.52274525165557861  0.52159953117370605 -0.48097410798072815
