RosTime,PositionForIiwa7,OrientationForIiwa7,PositionForIiwa14,OrientationForIiwa14
1714566739.3345182,0.59753823280334473 0.67087411880493164 0.31664556264877319,-0.34665164351463318  0.61529356241226196  0.61317974328994751 -0.35391673445701599,0.59753823280334473 0.67087411880493164 0.31664556264877319,-0.34665164351463318  0.61529356241226196  0.61317974328994751 -0.35391673445701599
