RosTime,PositionForIiwa7,OrientationForIiwa7,PositionForIiwa14,OrientationForIiwa14
1714566318.6497409,0.58365041017532349  0.6713181734085083 0.31758356094360352,-0.46461963653564453  0.53012663125991821   0.5314142107963562 -0.46978002786636353,0.58365041017532349  0.6713181734085083 0.31758356094360352,-0.46461963653564453  0.53012663125991821   0.5314142107963562 -0.46978002786636353
1714566318.654742,0.58423745632171631 0.66633206605911255 0.31760022044181824,-0.46585908532142639  0.52908438444137573  0.53030037879943848 -0.47098469734191895,0.58423745632171631 0.66633206605911255 0.31760022044181824,-0.46585908532142639  0.52908438444137573  0.53030037879943848 -0.47098469734191895
1714566318.694742,0.58848714828491211 0.63145768642425537  0.3176155686378479,-0.47344765067100525  0.52239596843719482  0.52287399768829346 -0.47911641001701355,0.58848714828491211 0.63145768642425537  0.3176155686378479,-0.47344765067100525  0.52239596843719482  0.52287399768829346 -0.47911641001701355
