RosTime,PositionForIiwa7,OrientationForIiwa7,PositionForIiwa14,OrientationForIiwa14
1714566812.6024528,0.59031170606613159 0.67395782470703125 0.31696745753288269,-0.37710395455360413  0.59462213516235352  0.59926021099090576 -0.38092562556266785,0.59031170606613159 0.67395782470703125 0.31696745753288269,-0.37710395455360413  0.59462213516235352  0.59926021099090576 -0.38092562556266785
1714566812.6124294,0.58845394849777222 0.66428035497665405 0.31709513068199158,-0.38701000809669495  0.58840209245681763  0.59255576133728027 -0.39100369811058044,0.58845394849777222 0.66428035497665405 0.31709513068199158,-0.38701000809669495  0.58840209245681763  0.59255576133728027 -0.39100369811058044
1714566812.6174276,0.58767682313919067 0.65929877758026123 0.31714910268783569,-0.39192384481430054  0.58524411916732788  0.58920508623123169 -0.39588174223899841,0.58767682313919067 0.65929877758026123 0.31714910268783569,-0.39192384481430054  0.58524411916732788  0.58920508623123169 -0.39588174223899841
1714566812.6274278,0.58656144142150879 0.65182578563690186 0.31718176603317261,-0.39901590347290039  0.58067840337753296   0.5839419960975647 -0.40325003862380981,0.58656144142150879 0.65182578563690186 0.31718176603317261,-0.39901590347290039  0.58067840337753296   0.5839419960975647 -0.40325003862380981
1714566812.6374292,0.58527475595474243 0.64182227849960327 0.31727960705757141,-0.40798664093017578  0.57451903820037842  0.57717382907867432 -0.41272890567779541,0.58527475595474243 0.64182227849960327 0.31727960705757141,-0.40798664093017578  0.57451903820037842  0.57717382907867432 -0.41272890567779541
1714566812.6524546,0.58419126272201538 0.62924355268478394 0.31698399782180786,-0.41879454255104065  0.56636428833007812  0.56923335790634155 -0.42404717206954956,0.58419126272201538 0.62924355268478394 0.31698399782180786,-0.41879454255104065  0.56636428833007812  0.56923335790634155 -0.42404717206954956
