RosTime,PositionForIiwa7,OrientationForIiwa7,PositionForIiwa14,OrientationForIiwa14
1714565763.8294046,0.59014028310775757 0.48738598823547363 0.31878197193145752,-0.47747981548309326  0.51985877752304077  0.51966053247451782 -0.48136553168296814,0.59014028310775757 0.48738598823547363 0.31878197193145752,-0.47747981548309326  0.51985877752304077  0.51966053247451782 -0.48136553168296814
