RosTime,PositionForIiwa7,OrientationForIiwa7,PositionForIiwa14,OrientationForIiwa14
1714565272.5153604,0.52672666311264038 0.68040800094604492    0.31846883893013, 0.61417895555496216 -0.34832850098609924 -0.35326141119003296  0.61372458934783936,0.52672666311264038 0.68040800094604492    0.31846883893013, 0.61417895555496216 -0.34832850098609924 -0.35326141119003296  0.61372458934783936
