RosTime,PositionForIiwa7,OrientationForIiwa7,PositionForIiwa14,OrientationForIiwa14
1714565808.7147903,0.56156468391418457 0.70176321268081665 0.31769800186157227,-0.49534216523170471  0.50281792879104614  0.50417172908782959 -0.49761542677879333,0.56156468391418457 0.70176321268081665 0.31769800186157227,-0.49534216523170471  0.50281792879104614  0.50417172908782959 -0.49761542677879333
1714565808.8147895,0.57580739259719849 0.62637245655059814  0.3178708553314209,-0.49582955241203308  0.50231271982192993  0.50263577699661255 -0.49919158220291138,0.57580739259719849 0.62637245655059814  0.3178708553314209,-0.49582955241203308  0.50231271982192993  0.50263577699661255 -0.49919158220291138
1714565808.8397617, 0.5792354941368103 0.60742270946502686  0.3179815411567688,-0.49624988436698914  0.50201302766799927  0.50184118747711182 -0.49987441301345825, 0.5792354941368103 0.60742270946502686  0.3179815411567688,-0.49624988436698914  0.50201302766799927  0.50184118747711182 -0.49987441301345825
1714565808.8897617,0.58516722917556763 0.57101112604141235 0.31735196709632874, 0.49783867597579956 -0.49974927306175232 -0.49948260188102722  0.50291597843170166,0.58516722917556763 0.57101112604141235 0.31735196709632874, 0.49783867597579956 -0.49974927306175232 -0.49948260188102722  0.50291597843170166
1714565808.9147601,0.58710628747940063  0.5540696382522583 0.31757274270057678, 0.49814707040786743 -0.49969565868377686 -0.49885457754135132  0.50328707695007324,0.58710628747940063  0.5540696382522583 0.31757274270057678, 0.49814707040786743 -0.49969565868377686 -0.49885457754135132  0.50328707695007324
