RosTime,PositionForIiwa7,OrientationForIiwa7,PositionForIiwa14,OrientationForIiwa14
1714566828.6357613,0.60533684492111206 0.71333444118499756 0.31740647554397583,-0.36123672127723694  0.60427045822143555  0.60807323455810547 -0.36689531803131104,0.60533684492111206 0.71333444118499756 0.31740647554397583,-0.36123672127723694  0.60427045822143555  0.60807323455810547 -0.36689531803131104
