RosTime,PositionForIiwa7,OrientationForIiwa7,PositionForIiwa14,OrientationForIiwa14
1714566410.9106297,0.59840530157089233 0.70523160696029663 0.31753289699554443,-0.41066199541091919  0.57317698001861572  0.57413643598556519 -0.41616374254226685,0.59840530157089233 0.70523160696029663 0.31753289699554443,-0.41066199541091919  0.57317698001861572  0.57413643598556519 -0.41616374254226685
1714566410.9206309,0.59883558750152588 0.69778478145599365 0.31756627559661865,-0.41421148180961609  0.57043153047561646  0.57146173715591431 -0.42008113861083984,0.59883558750152588 0.69778478145599365 0.31756627559661865,-0.41421148180961609  0.57043153047561646  0.57146173715591431 -0.42008113861083984
1714566410.9256577,0.59916442632675171  0.6927715539932251 0.31755110621452332,-0.41686481237411499  0.56860697269439697  0.56957167387008667 -0.42249020934104919,0.59916442632675171  0.6927715539932251 0.31755110621452332,-0.41686481237411499  0.56860697269439697  0.56957167387008667 -0.42249020934104919
1714566410.9306273,  0.599495530128479 0.68773114681243896  0.3175971508026123,-0.41944652795791626  0.56676942110061646  0.56762236356735229 -0.42501986026763916,  0.599495530128479 0.68773114681243896  0.3175971508026123,-0.41944652795791626  0.56676942110061646  0.56762236356735229 -0.42501986026763916
1714566410.9356449, 0.5997920036315918 0.68270421028137207 0.31764313578605652,-0.42193067073822021  0.56503254175186157  0.56563687324523926 -0.42751333117485046, 0.5997920036315918 0.68270421028137207 0.31764313578605652,-0.42193067073822021  0.56503254175186157  0.56563687324523926 -0.42751333117485046
1714566410.9456301,0.60029447078704834 0.67515552043914795 0.31767022609710693,-0.42558696866035461  0.56221455335617065  0.56293803453445435 -0.43115115165710449,0.60029447078704834 0.67515552043914795 0.31767022609710693,-0.42558696866035461  0.56221455335617065  0.56293803453445435 -0.43115115165710449
1714566410.9556289,0.60087049007415771 0.66514456272125244 0.31779173016548157,-0.43043375015258789  0.55848771333694458  0.55903500318527222 -0.43623170256614685,0.60087049007415771 0.66514456272125244 0.31779173016548157,-0.43043375015258789  0.55848771333694458  0.55903500318527222 -0.43623170256614685
