RosTime,PositionForIiwa7,OrientationForIiwa7,PositionForIiwa14,OrientationForIiwa14
1714566002.7644255,0.58868741989135742 0.62323033809661865 0.31762713193893433,-0.43114203214645386  0.55788236856460571  0.55977714061737061 -0.43535429239273071,0.58868741989135742 0.62323033809661865 0.31762713193893433,-0.43114203214645386  0.55788236856460571  0.55977714061737061 -0.43535429239273071
