RosTime,PositionForIiwa7,OrientationForIiwa7,PositionForIiwa14,OrientationForIiwa14
1714566676.9159539,0.59261476993560791 0.75955581665039062 0.31753486394882202,-0.29166606068611145  0.63908153772354126  0.64913654327392578 -0.29176604747772217,0.59261476993560791 0.75955581665039062 0.31753486394882202,-0.29166606068611145  0.63908153772354126  0.64913654327392578 -0.29176604747772217
1714566677.2159088,0.58923137187957764 0.52442586421966553 0.31694826483726501, -0.4451347291469574  0.54653012752532959  0.54775059223175049 -0.45069852471351624,0.58923137187957764 0.52442586421966553 0.31694826483726501, -0.4451347291469574  0.54653012752532959  0.54775059223175049 -0.45069852471351624
