RosTime,PositionForIiwa7,OrientationForIiwa7,PositionForIiwa14,OrientationForIiwa14
1714566770.6187038,0.60825318098068237 0.69916629791259766 0.31667700409889221,-0.40899494290351868  0.57387030124664307  0.57539880275726318 -0.41510507464408875,0.60825318098068237 0.69916629791259766 0.31667700409889221,-0.40899494290351868  0.57387030124664307  0.57539880275726318 -0.41510507464408875
1714566770.6537075,0.60891634225845337 0.66689217090606689 0.31680059432983398,-0.43300661444664001  0.55625087022781372  0.55666148662567139 -0.43956595659255981,0.60891634225845337 0.66689217090606689 0.31680059432983398,-0.43300661444664001  0.55625087022781372  0.55666148662567139 -0.43956595659255981
