RosTime,PositionForIiwa7,OrientationForIiwa7,PositionForIiwa14,OrientationForIiwa14
1714565028.9455626, 0.5114600658416748 0.53083348274230957 0.31780749559402466,  0.70301461219787598 -0.056105323135852814 -0.053960949182510376   0.70690232515335083, 0.5114600658416748 0.53083348274230957 0.31780749559402466,  0.70301461219787598 -0.056105323135852814 -0.053960949182510376   0.70690232515335083
