RosTime,PositionForIiwa7,OrientationForIiwa7,PositionForIiwa14,OrientationForIiwa14
1715083678.1514122,0.50290763378143311 0.66085654497146606 0.31793257594108582, 0.55641776323318481 -0.43553897738456726 -0.43831315636634827  0.55550581216812134,0.50290763378143311 0.66085654497146606 0.31793257594108582, 0.55641776323318481 -0.43553897738456726 -0.43831315636634827  0.55550581216812134
