RosTime,PositionForIiwa7,OrientationForIiwa7,PositionForIiwa14,OrientationForIiwa14
1715080303.2576628,0.50709480047225952 0.95642733573913574 0.31554606556892395, 0.49550759792327881 -0.50403320789337158 -0.49918711185455322  0.50123345851898193,0.50709480047225952 0.95642733573913574 0.31554606556892395, 0.49550759792327881 -0.50403320789337158 -0.49918711185455322  0.50123345851898193
