RosTime,PositionForIiwa7,OrientationForIiwa7,PositionForIiwa14,OrientationForIiwa14
1715080099.0154662,0.50797319412231445 0.81810933351516724   0.316721111536026,-0.48382371664047241  0.51319140195846558   0.5077853798866272 -0.49467489123344421,0.50797319412231445 0.81810933351516724   0.316721111536026,-0.48382371664047241  0.51319140195846558   0.5077853798866272 -0.49467489123344421
1715080099.1404254,0.51617634296417236 0.90653681755065918 0.31625723838806152,-0.47754734754562378  0.51976269483566284  0.51556485891342163 -0.48578611016273499,0.51617634296417236 0.90653681755065918 0.31625723838806152,-0.47754734754562378  0.51976269483566284  0.51556485891342163 -0.48578611016273499
