RosTime,PositionForIiwa7,OrientationForIiwa7,PositionForIiwa14,OrientationForIiwa14
1715080461.3360033,0.53133386373519897 0.67969620227813721 0.31814134120941162, 0.61250597238540649 -0.35625952482223511 -0.35722243785858154  0.60852915048599243,0.53133386373519897 0.67969620227813721 0.31814134120941162, 0.61250597238540649 -0.35625952482223511 -0.35722243785858154  0.60852915048599243
1715080461.3910034, 0.5368000864982605   0.632240891456604 0.31828102469444275, 0.58559197187423706 -0.39923030138015747 -0.39772620797157288   0.5826757550239563, 0.5368000864982605   0.632240891456604 0.31828102469444275, 0.58559197187423706 -0.39923030138015747 -0.39772620797157288   0.5826757550239563
1715080461.4160371,0.53911375999450684 0.61111730337142944 0.31820213794708252, 0.57325035333633423 -0.41592168807983398 -0.41537019610404968   0.5708422064781189,0.53911375999450684 0.61111730337142944 0.31820213794708252, 0.57325035333633423 -0.41592168807983398 -0.41537019610404968   0.5708422064781189
