RosTime,PositionForIiwa7,OrientationForIiwa7,PositionForIiwa14,OrientationForIiwa14
1715083663.3224313,0.51192724704742432 0.84285134077072144  0.3165757954120636, 0.54171192646026611 -0.45086556673049927 -0.44490635395050049  0.55256378650665283,0.51192724704742432 0.84285134077072144  0.3165757954120636, 0.54171192646026611 -0.45086556673049927 -0.44490635395050049  0.55256378650665283
