RosTime,PositionForIiwa7,OrientationForIiwa7,PositionForIiwa14,OrientationForIiwa14
1715079369.9684346,0.53283703327178955 0.82945507764816284 0.31678986549377441,-0.45330396294593811  0.54339325428009033  0.53365820646286011 -0.46308556199073792,0.53283703327178955 0.82945507764816284 0.31678986549377441,-0.45330396294593811  0.54339325428009033  0.53365820646286011 -0.46308556199073792
1715079370.0184743,0.52850562334060669 0.86356639862060547 0.31634524464607239,-0.47380656003952026  0.52539247274398804  0.51689499616622925 -0.48196437954902649,0.52850562334060669 0.86356639862060547 0.31634524464607239,-0.47380656003952026  0.52539247274398804  0.51689499616622925 -0.48196437954902649
1715079370.0684347, 0.5252145528793335 0.89942753314971924 0.31633269786834717,-0.48448821902275085  0.51469123363494873  0.50726276636123657 -0.49299955368041992, 0.5252145528793335 0.89942753314971924 0.31633269786834717,-0.48448821902275085  0.51469123363494873  0.50726276636123657 -0.49299955368041992
1715079370.1184587,0.52431696653366089 0.93508392572402954 0.31599238514900208,  0.4927724301815033 -0.50693988800048828 -0.49921968579292297  0.50096607208251953,0.52431696653366089 0.93508392572402954 0.31599238514900208,  0.4927724301815033 -0.50693988800048828 -0.49921968579292297  0.50096607208251953
1715079370.1434362,0.52455055713653564 0.95182108879089355 0.31580999493598938, 0.49613752961158752 -0.50392979383468628 -0.49669387936592102  0.50318735837936401,0.52455055713653564 0.95182108879089355 0.31580999493598938, 0.49613752961158752 -0.50392979383468628 -0.49669387936592102  0.50318735837936401
1715079370.1684351,0.52528673410415649 0.96736049652099609 0.31604179739952087, 0.49736618995666504  -0.5022551417350769 -0.49563619494438171  0.50468939542770386,0.52528673410415649 0.96736049652099609 0.31604179739952087, 0.49736618995666504  -0.5022551417350769 -0.49563619494438171  0.50468939542770386
