RosTime,PositionForIiwa7,OrientationForIiwa7,PositionForIiwa14,OrientationForIiwa14
1715079931.0570478,0.54696005582809448 0.84671825170516968 0.31639739871025085,-0.46453317999839783  0.53264951705932617  0.52700179815292358 -0.47197729349136353,0.54696005582809448 0.84671825170516968 0.31639739871025085,-0.46453317999839783  0.53264951705932617  0.52700179815292358 -0.47197729349136353
1715079931.0870485,0.54535824060440063 0.87098240852355957 0.31625699996948242,-0.48315525054931641  0.51543015241622925  0.51019006967544556 -0.49050873517990112,0.54535824060440063 0.87098240852355957 0.31625699996948242,-0.48315525054931641  0.51543015241622925  0.51019006967544556 -0.49050873517990112
1715079931.0970278,0.54495906829833984 0.87761580944061279 0.31614461541175842,-0.48839479684829712   0.5104217529296875  0.50541651248931885 -0.49547380208969116,0.54495906829833984 0.87761580944061279 0.31614461541175842,-0.48839479684829712   0.5104217529296875  0.50541651248931885 -0.49547380208969116
