RosTime,PositionForIiwa7,OrientationForIiwa7,PositionForIiwa14,OrientationForIiwa14
1715080445.3665905,0.51541620492935181 0.85644614696502686 0.31621763110160828, 0.52249282598495483 -0.47434511780738831 -0.46864384412765503  0.53138583898544312,0.51541620492935181 0.85644614696502686 0.31621763110160828, 0.52249282598495483 -0.47434511780738831 -0.46864384412765503  0.53138583898544312
1715080445.3916154,0.51577204465866089 0.87653559446334839 0.31607985496520996, 0.51966315507888794 -0.47740700840950012 -0.47161099314689636  0.52878713607788086,0.51577204465866089 0.87653559446334839 0.31607985496520996, 0.51966315507888794 -0.47740700840950012 -0.47161099314689636  0.52878713607788086
1715080445.4065895,0.51639008522033691 0.89002484083175659 0.31597176194190979, 0.51812940835952759 -0.47915634512901306 -0.47348481416702271  0.52703249454498291,0.51639008522033691 0.89002484083175659 0.31597176194190979, 0.51812940835952759 -0.47915634512901306 -0.47348481416702271  0.52703249454498291
1715080445.421622,0.51707547903060913 0.90118426084518433 0.31583100557327271, 0.51647311449050903 -0.48053699731826782 -0.47541484236717224   0.5256618857383728,0.51707547903060913 0.90118426084518433 0.31583100557327271, 0.51647311449050903 -0.48053699731826782 -0.47541484236717224   0.5256618857383728
