RosTime,PositionForIiwa7,OrientationForIiwa7,PositionForIiwa14,OrientationForIiwa14
1715080266.6439633, 0.5046808123588562  0.8722374439239502 0.31613051891326904,-0.48429340124130249  0.51218104362487793  0.50821208953857422 -0.49482414126396179, 0.5046808123588562  0.8722374439239502 0.31613051891326904,-0.48429340124130249  0.51218104362487793  0.50821208953857422 -0.49482414126396179
1715080266.6539629,0.50548994541168213 0.88216888904571533 0.31621015071868896,-0.48357826471328735  0.51293480396270752   0.5092545747756958 -0.49366968870162964,0.50548994541168213 0.88216888904571533 0.31621015071868896,-0.48357826471328735  0.51293480396270752   0.5092545747756958 -0.49366968870162964
1715080266.6689625,0.50716221332550049   0.894378662109375 0.31605184078216553,-0.48259231448173523  0.51444321870803833  0.51001393795013428 -0.49227896332740784,0.50716221332550049   0.894378662109375 0.31605184078216553,-0.48259231448173523  0.51444321870803833  0.51001393795013428 -0.49227896332740784
1715080266.6739631,0.50758945941925049 0.89940202236175537 0.31600141525268555,-0.48233827948570251  0.51475876569747925  0.51049298048019409 -0.49170124530792236,0.50758945941925049 0.89940202236175537 0.31600141525268555,-0.48233827948570251  0.51475876569747925  0.51049298048019409 -0.49170124530792236
