RosTime,PositionForIiwa7,OrientationForIiwa7,PositionForIiwa14,OrientationForIiwa14
1715078464.3678081,0.54996758699417114 0.86456388235092163 0.31761172413825989,-0.22008794546127319  0.67370682954788208  0.66905009746551514 -0.22372385859489441,0.54996758699417114 0.86456388235092163 0.31761172413825989,-0.22008794546127319  0.67370682954788208  0.66905009746551514 -0.22372385859489441
