RosTime,PositionForIiwa7,OrientationForIiwa7,PositionForIiwa14,OrientationForIiwa14
1715080143.0910461,0.50574833154678345 0.83683335781097412 0.31657186150550842, -0.4802919328212738  0.51954424381256104  0.51123040914535522 -0.48789021372795105,0.50574833154678345 0.83683335781097412 0.31657186150550842, -0.4802919328212738  0.51954424381256104  0.51123040914535522 -0.48789021372795105
1715080143.1160386,0.50320452451705933 0.85704755783081055 0.31645169854164124, -0.4803900420665741  0.51940900087356567   0.5115777850151062 -0.48757347464561462,0.50320452451705933 0.85704755783081055 0.31645169854164124, -0.4803900420665741  0.51940900087356567   0.5115777850151062 -0.48757347464561462
1715080143.1510918,0.50102382898330688 0.88728517293930054 0.31617668271064758,-0.48129022121429443  0.51824003458023071  0.51162368059158325 -0.48788133263587952,0.50102382898330688 0.88728517293930054 0.31617668271064758,-0.48129022121429443  0.51824003458023071  0.51162368059158325 -0.48788133263587952
