RosTime,PositionForIiwa7,OrientationForIiwa7,PositionForIiwa14,OrientationForIiwa14
1715080070.0749431,0.50590622425079346 0.88162273168563843 0.31615021824836731, 0.49861681461334229 -0.49972555041313171 -0.49403336644172668  0.50752997398376465,0.50590622425079346 0.88162273168563843 0.31615021824836731, 0.49861681461334229 -0.49972555041313171 -0.49403336644172668  0.50752997398376465
1715080070.0949438,0.50634735822677612 0.89718067646026611 0.31619933247566223, 0.49598449468612671 -0.50273549556732178 -0.49714937806129456  0.50408226251602173,0.50634735822677612 0.89718067646026611 0.31619933247566223, 0.49598449468612671 -0.50273549556732178 -0.49714937806129456  0.50408226251602173
1715080070.1349509,0.50796675682067871 0.93043208122253418 0.31593158841133118,-0.49042665958404541  0.50863862037658691   0.5031246542930603 -0.49762845039367676,0.50796675682067871 0.93043208122253418 0.31593158841133118,-0.49042665958404541  0.50863862037658691   0.5031246542930603 -0.49762845039367676
