RosTime,PositionForIiwa7,OrientationForIiwa7,PositionForIiwa14,OrientationForIiwa14
1715083637.3836601,0.52081924676895142 0.86043107509613037 0.31647706031799316, 0.50290566682815552 -0.49309644103050232 -0.48957008123397827  0.51406508684158325,0.52081924676895142 0.86043107509613037 0.31647706031799316, 0.50290566682815552 -0.49309644103050232 -0.48957008123397827  0.51406508684158325
1715083637.3986571,0.52080661058425903 0.87202656269073486 0.31641721725463867, 0.50176781415939331 -0.49486958980560303 -0.49100127816200256  0.51210439205169678,0.52080661058425903 0.87202656269073486 0.31641721725463867, 0.50176781415939331 -0.49486958980560303 -0.49100127816200256  0.51210439205169678
