RosTime,PositionForIiwa7,OrientationForIiwa7,PositionForIiwa14,OrientationForIiwa14
1715079009.978193,0.52573078870773315 0.88696867227554321 0.31641969084739685,-0.45204272866249084  0.54503262042999268   0.5383417010307312 -0.45692998170852661,0.52573078870773315 0.88696867227554321 0.31641969084739685,-0.45204272866249084  0.54503262042999268   0.5383417010307312 -0.45692998170852661
1715079010.0281937,0.52302855253219604 0.91862469911575317 0.31607028841972351,-0.47300547361373901   0.5263637900352478  0.52034443616867065 -0.47796300053596497,0.52302855253219604 0.91862469911575317 0.31607028841972351,-0.47300547361373901   0.5263637900352478  0.52034443616867065 -0.47796300053596497
1715079010.0531969,0.52176856994628906 0.93430507183074951 0.31616249680519104,-0.48098227381706238  0.51863306760787964  0.51331967115402222 -0.48598223924636841,0.52176856994628906 0.93430507183074951 0.31616249680519104,-0.48098227381706238  0.51863306760787964  0.51331967115402222 -0.48598223924636841
