RosTime,PositionForIiwa7,OrientationForIiwa7,PositionForIiwa14,OrientationForIiwa14
1715079005.7136204,0.51935428380966187 0.61819976568222046 0.31790110468864441, 0.58110976219177246 -0.40303072333335876  -0.3989441990852356  0.58371329307556152,0.51935428380966187 0.61819976568222046 0.31790110468864441, 0.58110976219177246 -0.40303072333335876  -0.3989441990852356  0.58371329307556152
