RosTime,PositionForIiwa7,OrientationForIiwa7,PositionForIiwa14,OrientationForIiwa14
1715080210.626941,0.50416511297225952  0.8939439058303833 0.31693947315216064, 0.53693860769271851 -0.45633307099342346 -0.45135849714279175  0.54747837781906128,0.50416511297225952  0.8939439058303833 0.31693947315216064, 0.53693860769271851 -0.45633307099342346 -0.45135849714279175  0.54747837781906128
1715080210.6319418,0.50442177057266235 0.89896488189697266 0.31686702370643616, 0.53553211688995361 -0.45816153287887573  -0.4530937671661377  0.54589319229125977,0.50442177057266235 0.89896488189697266 0.31686702370643616, 0.53553211688995361 -0.45816153287887573  -0.4530937671661377  0.54589319229125977
1715080210.6369681,0.50476747751235962 0.90400415658950806 0.31672820448875427, 0.53453534841537476 -0.46012061834335327 -0.45487105846405029  0.54374009370803833,0.50476747751235962 0.90400415658950806 0.31672820448875427, 0.53453534841537476 -0.46012061834335327 -0.45487105846405029  0.54374009370803833
1715080210.6469409,0.50519579648971558 0.91160255670547485 0.31666085124015808, 0.53222078084945679 -0.46327099204063416 -0.45785725116729736    0.540821373462677,0.50519579648971558 0.91160255670547485 0.31666085124015808, 0.53222078084945679 -0.46327099204063416 -0.45785725116729736    0.540821373462677
1715080210.6569645,0.50579547882080078 0.92172032594680786 0.31657198071479797,  0.5292096734046936 -0.46761283278465271 -0.46179294586181641  0.53667742013931274,0.50579547882080078 0.92172032594680786 0.31657198071479797,  0.5292096734046936 -0.46761283278465271 -0.46179294586181641  0.53667742013931274
