RosTime,PositionForIiwa7,OrientationForIiwa7,PositionForIiwa14,OrientationForIiwa14
1715080276.9570684,0.49844232201576233 0.87993794679641724 0.31628161668777466, 0.52851033210754395  -0.4673028290271759 -0.46225455403327942  0.53723889589309692,0.49844232201576233 0.87993794679641724 0.31628161668777466, 0.52851033210754395  -0.4673028290271759 -0.46225455403327942  0.53723889589309692
1715080276.9720397,0.49874326586723328 0.89251136779785156 0.31618773937225342, 0.52789574861526489 -0.46780872344970703 -0.46309995651245117  0.53667449951171875,0.49874326586723328 0.89251136779785156 0.31618773937225342, 0.52789574861526489 -0.46780872344970703 -0.46309995651245117  0.53667449951171875
1715080276.977144,0.49889001250267029 0.89753419160842896 0.31616091728210449, 0.52760088443756104 -0.46811741590499878 -0.46338209509849548  0.53645169734954834,0.49889001250267029 0.89753419160842896 0.31616091728210449, 0.52760088443756104 -0.46811741590499878 -0.46338209509849548  0.53645169734954834
1715080277.0021355,0.50010907649993896 0.91960835456848145 0.31601110100746155, 0.52648121118545532 -0.46928679943084717 -0.46575468778610229  0.53447169065475464,0.50010907649993896 0.91960835456848145 0.31601110100746155, 0.52648121118545532 -0.46928679943084717 -0.46575468778610229  0.53447169065475464
1715080277.017149,0.50120878219604492 0.93138110637664795 0.31593859195709229, 0.52530205249786377 -0.47082313895225525 -0.46777713298797607  0.53251093626022339,0.50120878219604492 0.93138110637664795 0.31593859195709229, 0.52530205249786377 -0.47082313895225525 -0.46777713298797607  0.53251093626022339
