RosTime,PositionForIiwa7,OrientationForIiwa7,PositionForIiwa14,OrientationForIiwa14
1715079949.0217884,0.50885683298110962 0.89250850677490234 0.31621119379997253, -0.4870135486125946  0.51120924949645996  0.50581097602844238 -0.49561896920204163,0.50885683298110962 0.89250850677490234 0.31621119379997253, -0.4870135486125946  0.51120924949645996  0.50581097602844238 -0.49561896920204163
1715079949.0618122,0.50805759429931641 0.92855727672576904 0.31616857647895813,-0.48840337991714478  0.50995165109634399   0.5055510401725769 -0.49581202864646912,0.50805759429931641 0.92855727672576904 0.31616857647895813,-0.48840337991714478  0.50995165109634399   0.5055510401725769 -0.49581202864646912
