RosTime,PositionForIiwa7,OrientationForIiwa7,PositionForIiwa14,OrientationForIiwa14
1715080089.8262703,0.51371634006500244 0.97417616844177246 0.31588506698608398, -0.4728081226348877  0.52438932657241821  0.52020716667175293 -0.48047149181365967,0.51371634006500244 0.97417616844177246 0.31588506698608398, -0.4728081226348877  0.52438932657241821  0.52020716667175293 -0.48047149181365967
