RosTime,PositionForIiwa7,OrientationForIiwa7,PositionForIiwa14,OrientationForIiwa14
1715083420.3694403,0.48317107558250427 0.86912721395492554 0.31676954030990601, 0.50788420438766479 -0.49005722999572754  -0.4882282018661499  0.51335251331329346,0.48317107558250427 0.86912721395492554 0.31676954030990601, 0.50788420438766479 -0.49005722999572754  -0.4882282018661499  0.51335251331329346
