RosTime,PositionForIiwa7,OrientationForIiwa7,PositionForIiwa14,OrientationForIiwa14
1715080299.5877335,0.50442087650299072 0.60027617216110229 0.31848549842834473, 0.54384154081344604 -0.44840598106384277 -0.45822411775588989  0.54147863388061523,0.50442087650299072 0.60027617216110229 0.31848549842834473, 0.54384154081344604 -0.44840598106384277 -0.45822411775588989  0.54147863388061523
