RosTime,PositionForIiwa7,OrientationForIiwa7,PositionForIiwa14,OrientationForIiwa14
1715083511.1093466,0.50983721017837524 0.80385559797286987 0.31729131937026978, 0.56261223554611206 -0.42366412281990051 -0.41865605115890503  0.57332652807235718,0.50983721017837524 0.80385559797286987 0.31729131937026978, 0.56261223554611206 -0.42366412281990051 -0.41865605115890503  0.57332652807235718
1715083511.1593754,0.51042890548706055 0.83714419603347778  0.3171653151512146, 0.55237549543380737  -0.4390292763710022 -0.43348151445388794  0.56056076288223267,0.51042890548706055 0.83714419603347778  0.3171653151512146, 0.55237549543380737  -0.4390292763710022 -0.43348151445388794  0.56056076288223267
