RosTime,PositionForIiwa7,OrientationForIiwa7,PositionForIiwa14,OrientationForIiwa14
1715080481.5423765,0.52830833196640015 0.61728924512863159  0.3179180920124054, 0.57426154613494873 -0.41380387544631958 -0.41152971982955933  0.57413703203201294,0.52830833196640015 0.61728924512863159  0.3179180920124054, 0.57426154613494873 -0.41380387544631958 -0.41152971982955933  0.57413703203201294
