RosTime,PositionForIiwa7,OrientationForIiwa7,PositionForIiwa14,OrientationForIiwa14
1715080042.1057019,0.52308547496795654 0.83439725637435913 0.31648662686347961, -0.4349517822265625  0.55688267946243286  0.55071771144866943 -0.44430691003799438,0.52308547496795654 0.83439725637435913 0.31648662686347961, -0.4349517822265625  0.55688267946243286  0.55071771144866943 -0.44430691003799438
1715080042.2207017,0.52183526754379272 0.92880213260650635 0.31614956259727478,-0.44553655385971069  0.54812341928482056  0.54362958669662476 -0.45334836840629578,0.52183526754379272 0.92880213260650635 0.31614956259727478,-0.44553655385971069  0.54812341928482056  0.54362958669662476 -0.45334836840629578
