RosTime,PositionForIiwa7,OrientationForIiwa7,PositionForIiwa14,OrientationForIiwa14
1715083696.6032047,0.52581048011779785 0.71220242977142334 0.31728282570838928, 0.52976703643798828 -0.46917432546615601 -0.46784722805023193   0.5294727087020874,0.52581048011779785 0.71220242977142334 0.31728282570838928, 0.52976703643798828 -0.46917432546615601 -0.46784722805023193   0.5294727087020874
