RosTime,PositionForIiwa7,OrientationForIiwa7,PositionForIiwa14,OrientationForIiwa14
1715080018.8970611,0.51804214715957642 0.85506492853164673 0.31576418876647949,-0.48439443111419678  0.51441997289657593  0.50911885499954224  -0.4914591908454895,0.51804214715957642 0.85506492853164673 0.31576418876647949,-0.48439443111419678  0.51441997289657593  0.50911885499954224  -0.4914591908454895
1715080018.932039,0.51631742715835571 0.88525301218032837 0.31591007113456726,-0.49226170778274536  0.50627529621124268   0.5027385950088501 -0.49861574172973633,0.51631742715835571 0.88525301218032837 0.31591007113456726,-0.49226170778274536  0.50627529621124268   0.5027385950088501 -0.49861574172973633
1715080018.9620605,0.51756519079208374 0.91008418798446655 0.31590408086776733, 0.49319866299629211  -0.5049024224281311 -0.50101643800735474  0.50081044435501099,0.51756519079208374 0.91008418798446655 0.31590408086776733, 0.49319866299629211  -0.5049024224281311 -0.50101643800735474  0.50081044435501099
