RosTime,PositionForIiwa7,OrientationForIiwa7,PositionForIiwa14,OrientationForIiwa14
1715083463.312319,0.54328227043151855 0.59237545728683472 0.31811696290969849,-0.48889762163162231  0.50817537307739258  0.51043170690536499 -0.49213454127311707,0.54328227043151855 0.59237545728683472 0.31811696290969849,-0.48889762163162231  0.50817537307739258  0.51043170690536499 -0.49213454127311707
