RosTime,PositionForIiwa7,OrientationForIiwa7,PositionForIiwa14,OrientationForIiwa14
1715079939.8895681,0.51973909139633179 0.84870040416717529  0.3162502646446228,-0.46066871285438538  0.53633588552474976  0.52980399131774902 -0.46843987703323364,0.51973909139633179 0.84870040416717529  0.3162502646446228,-0.46066871285438538  0.53633588552474976  0.52980399131774902 -0.46843987703323364
1715079939.9145699,0.51887983083724976 0.86845916509628296 0.31637093424797058,-0.46763738989830017  0.53044980764389038  0.52443689107894897 -0.47424063086509705,0.51887983083724976 0.86845916509628296 0.31637093424797058,-0.46763738989830017  0.53044980764389038  0.52443689107894897 -0.47424063086509705
