RosTime,PositionForIiwa7,OrientationForIiwa7,PositionForIiwa14,OrientationForIiwa14
1715078897.1685357,0.54329049587249756 0.92107993364334106 0.31620419025421143,-0.42763301730155945  0.56446915864944458  0.55830216407775879 -0.43220740556716919,0.54329049587249756 0.92107993364334106 0.31620419025421143,-0.42763301730155945  0.56446915864944458  0.55830216407775879 -0.43220740556716919
1715078897.1985347,0.54437077045440674 0.94023746252059937  0.3159852921962738,-0.45484772324562073   0.5422629714012146  0.53644490242004395 -0.45966428518295288,0.54437077045440674 0.94023746252059937  0.3159852921962738,-0.45484772324562073   0.5422629714012146  0.53644490242004395 -0.45966428518295288
