RosTime,PositionForIiwa7,OrientationForIiwa7,PositionForIiwa14,OrientationForIiwa14
1715083472.662322,0.50740033388137817 0.67964988946914673 0.31732049584388733, 0.51547503471374512 -0.48307129740715027 -0.48394322395324707  0.51645582914352417,0.50740033388137817 0.67964988946914673 0.31732049584388733, 0.51547503471374512 -0.48307129740715027 -0.48394322395324707  0.51645582914352417
