RosTime,PositionForIiwa7,OrientationForIiwa7,PositionForIiwa14,OrientationForIiwa14
1715083725.4861729,0.54016649723052979 0.66434735059738159 0.31768056750297546,  0.5472104549407959 -0.44826313853263855 -0.44737324118614197  0.54724586009979248,0.54016649723052979 0.66434735059738159 0.31768056750297546,  0.5472104549407959 -0.44826313853263855 -0.44737324118614197  0.54724586009979248
1715083725.8011754,0.54109221696853638 0.47196978330612183 0.31843805313110352, 0.51307421922683716 -0.48608165979385376 -0.48415008187294006  0.51582765579223633,0.54109221696853638 0.47196978330612183 0.31843805313110352, 0.51307421922683716 -0.48608165979385376 -0.48415008187294006  0.51582765579223633
