RosTime,PositionForIiwa7,OrientationForIiwa7,PositionForIiwa14,OrientationForIiwa14
1715083624.3994195,  0.527321457862854 0.66083782911300659 0.31766766309738159, 0.57609903812408447 -0.40833944082260132 -0.40930971503257751  0.57778400182723999,  0.527321457862854 0.66083782911300659 0.31766766309738159, 0.57609903812408447 -0.40833944082260132 -0.40930971503257751  0.57778400182723999
