RosTime,PositionForIiwa7,OrientationForIiwa7,PositionForIiwa14,OrientationForIiwa14
1715080491.3537588,0.54189020395278931 0.67429423332214355   0.317708820104599, 0.59407675266265869 -0.38406884670257568 -0.38381606340408325       0.593505859375,0.54189020395278931 0.67429423332214355   0.317708820104599, 0.59407675266265869 -0.38406884670257568 -0.38381606340408325       0.593505859375
