RosTime,PositionForIiwa7,OrientationForIiwa7,PositionForIiwa14,OrientationForIiwa14
1715083494.7930603, 0.4815734326839447  0.8951486349105835 0.31676030158996582, 0.53129673004150391 -0.46659722924232483 -0.46026760339736938  0.53680956363677979, 0.4815734326839447  0.8951486349105835 0.31676030158996582, 0.53129673004150391 -0.46659722924232483 -0.46026760339736938  0.53680956363677979
