RosTime,PositionForIiwa7,OrientationForIiwa7,PositionForIiwa14,OrientationForIiwa14
1715083611.7531898, 0.4900137186050415 0.83277958631515503 0.31638932228088379, 0.51997339725494385 -0.47623971104621887 -0.47018998861312866  0.53079640865325928, 0.4900137186050415 0.83277958631515503 0.31638932228088379, 0.51997339725494385 -0.47623971104621887 -0.47018998861312866  0.53079640865325928
1715083611.7681668,0.48996278643608093 0.84476315975189209 0.31638205051422119, 0.51695817708969116 -0.47965458035469055 -0.47360977530479431  0.52761679887771606,0.48996278643608093 0.84476315975189209 0.31638205051422119, 0.51695817708969116 -0.47965458035469055 -0.47360977530479431  0.52761679887771606
1715083611.8331685, 0.4923732578754425 0.90009433031082153 0.31652459502220154, 0.50053548812866211 -0.50009751319885254 -0.49291849136352539  0.50635761022567749, 0.4923732578754425 0.90009433031082153 0.31652459502220154, 0.50053548812866211 -0.50009751319885254 -0.49291849136352539  0.50635761022567749
