RosTime,PositionForIiwa7,OrientationForIiwa7,PositionForIiwa14,OrientationForIiwa14
1715080348.921504,0.51015043258666992 0.86915665864944458 0.31615781784057617,  0.4952751100063324 -0.50366294384002686 -0.49779921770095825  0.50321179628372192,0.51015043258666992 0.86915665864944458 0.31615781784057617,  0.4952751100063324 -0.50366294384002686 -0.49779921770095825  0.50321179628372192
