RosTime,PositionForIiwa7,OrientationForIiwa7,PositionForIiwa14,OrientationForIiwa14
1715080197.0291474,0.54805934429168701 0.62995332479476929 0.31785684823989868,  0.5860629677772522 -0.39888021349906921 -0.39487069845199585  0.58438163995742798,0.54805934429168701 0.62995332479476929 0.31785684823989868,  0.5860629677772522 -0.39888021349906921 -0.39487069845199585  0.58438163995742798
1715080197.0491385,0.55070716142654419 0.61387652158737183 0.31807085871696472, 0.57477086782455444 -0.41576981544494629 -0.41052433848381042  0.57292556762695312,0.55070716142654419 0.61387652158737183 0.31807085871696472, 0.57477086782455444 -0.41576981544494629 -0.41052433848381042  0.57292556762695312
1715080197.0641091,0.55256384611129761 0.60283178091049194  0.3179858922958374, 0.56653785705566406 -0.42533794045448303  -0.4218870997428894   0.5658036470413208,0.55256384611129761 0.60283178091049194  0.3179858922958374, 0.56653785705566406 -0.42533794045448303  -0.4218870997428894   0.5658036470413208
1715080197.0791106,0.55474013090133667 0.58978074789047241 0.31801581382751465, 0.55676639080047607  -0.4382355809211731 -0.43458884954452515  0.55596154928207397,0.55474013090133667 0.58978074789047241 0.31801581382751465, 0.55676639080047607  -0.4382355809211731 -0.43458884954452515  0.55596154928207397
