RosTime,PositionForIiwa7,OrientationForIiwa7,PositionForIiwa14,OrientationForIiwa14
1715080171.4195333,0.51404547691345215 0.83371907472610474 0.31656140089035034,-0.45389580726623535  0.54286843538284302  0.53504735231399536 -0.46151578426361084,0.51404547691345215 0.83371907472610474 0.31656140089035034,-0.45389580726623535  0.54286843538284302  0.53504735231399536 -0.46151578426361084
1715080171.4645324,0.51031208038330078 0.87126636505126953 0.31649807095527649, -0.4543185830116272  0.54257297515869141  0.53603053092956543 -0.46030473709106445,0.51031208038330078 0.87126636505126953 0.31649807095527649, -0.4543185830116272  0.54257297515869141  0.53603053092956543 -0.46030473709106445
