RosTime,PositionForIiwa7,OrientationForIiwa7,PositionForIiwa14,OrientationForIiwa14
1715080356.7521133,0.48632967472076416 0.94775724411010742 0.31607502698898315, 0.51146954298019409 -0.48722589015960693 -0.48278403282165527  0.51761895418167114,0.48632967472076416 0.94775724411010742 0.31607502698898315, 0.51146954298019409 -0.48722589015960693 -0.48278403282165527  0.51761895418167114
