RosTime,PositionForIiwa7,OrientationForIiwa7,PositionForIiwa14,OrientationForIiwa14
1715078992.250031, 0.5081525444984436 0.86874264478683472  0.3170686662197113,-0.45269137620925903  0.54384559392929077  0.53892236948013306 -0.45701774954795837, 0.5081525444984436 0.86874264478683472  0.3170686662197113,-0.45269137620925903  0.54384559392929077  0.53892236948013306 -0.45701774954795837
1715078992.2750313,0.50514101982116699 0.88393062353134155 0.31703972816467285,-0.45653769373893738   0.5404362678527832    0.535744309425354 -0.46095553040504456,0.50514101982116699 0.88393062353134155 0.31703972816467285,-0.45653769373893738   0.5404362678527832    0.535744309425354 -0.46095553040504456
1715078992.300036,0.50243043899536133 0.89895182847976685 0.31688380241394043,-0.46037274599075317  0.53703296184539795  0.53260236978530884 -0.46474426984786987,0.50243043899536133 0.89895182847976685 0.31688380241394043,-0.46037274599075317  0.53703296184539795  0.53260236978530884 -0.46474426984786987
