RosTime,PositionForIiwa7,OrientationForIiwa7,PositionForIiwa14,OrientationForIiwa14
1715078423.8457704, 0.4836774468421936 0.62509191036224365 0.31773817539215088, 0.50089776515960693 -0.49854582548141479 -0.49728190898895264  0.50325357913970947, 0.4836774468421936 0.62509191036224365 0.31773817539215088, 0.50089776515960693 -0.49854582548141479 -0.49728190898895264  0.50325357913970947
