RosTime,PositionForIiwa7,OrientationForIiwa7,PositionForIiwa14,OrientationForIiwa14
1715078664.8960466,0.53331005573272705 0.83977001905441284 0.31696924567222595,-0.26628684997558594  0.65676993131637573  0.65145677328109741 -0.27082961797714233,0.53331005573272705 0.83977001905441284 0.31696924567222595,-0.26628684997558594  0.65676993131637573  0.65145677328109741 -0.27082961797714233
