RosTime,PositionForIiwa7,OrientationForIiwa7,PositionForIiwa14,OrientationForIiwa14
1715080474.3639243,0.50289797782897949 0.68153762817382812  0.3183860182762146, 0.52424246072769165 -0.47021090984344482 -0.48202207684516907  0.52127367258071899,0.50289797782897949 0.68153762817382812  0.3183860182762146, 0.52424246072769165 -0.47021090984344482 -0.48202207684516907  0.52127367258071899
1715080474.4239161,0.51899534463882446 0.63442546129226685 0.31746619939804077, 0.50437092781066895 -0.49409011006355286 -0.49733048677444458  0.50413030385971069,0.51899534463882446 0.63442546129226685 0.31746619939804077, 0.50437092781066895 -0.49409011006355286 -0.49733048677444458  0.50413030385971069
