RosTime,PositionForIiwa7,OrientationForIiwa7,PositionForIiwa14,OrientationForIiwa14
1715083486.5085573,0.49395284056663513 0.76330137252807617 0.31776145100593567, 0.52148646116256714 -0.47553300857543945 -0.47163704037666321  0.52865743637084961,0.49395284056663513 0.76330137252807617 0.31776145100593567, 0.52148646116256714 -0.47553300857543945 -0.47163704037666321  0.52865743637084961
