RosTime,PositionForIiwa7,OrientationForIiwa7,PositionForIiwa14,OrientationForIiwa14
1715083742.751493,0.52511882781982422 0.64064455032348633 0.31775301694869995, 0.54400324821472168  -0.4520755410194397 -0.45031866431236267  0.54488646984100342,0.52511882781982422 0.64064455032348633 0.31775301694869995, 0.54400324821472168  -0.4520755410194397 -0.45031866431236267  0.54488646984100342
