RosTime,PositionForIiwa7,OrientationForIiwa7,PositionForIiwa14,OrientationForIiwa14
1715079381.3682361,0.51705479621887207 0.83839237689971924 0.31666839122772217,-0.46795281767845154  0.52800279855728149  0.51853275299072266 -0.48307040333747864,0.51705479621887207 0.83839237689971924 0.31666839122772217,-0.46795281767845154  0.52800279855728149  0.51853275299072266 -0.48307040333747864
1715079381.4182358,0.52634698152542114  0.8716742992401123 0.31641197204589844,-0.47601467370986938  0.52179998159408569  0.51347404718399048 -0.48731836676597595,0.52634698152542114  0.8716742992401123 0.31641197204589844,-0.47601467370986938  0.52179998159408569  0.51347404718399048 -0.48731836676597595
1715079381.4432635,0.53203535079956055 0.88816201686859131  0.3163284957408905,-0.48030224442481995  0.51833128929138184  0.51077109575271606 -0.48964816331863403,0.53203535079956055 0.88816201686859131  0.3163284957408905,-0.48030224442481995  0.51833128929138184  0.51077109575271606 -0.48964816331863403
