RosTime,PositionForIiwa7,OrientationForIiwa7,PositionForIiwa14,OrientationForIiwa14
1715083682.1466079,0.51901310682296753 0.82264941930770874  0.3168979287147522, 0.50646430253982544 -0.49256527423858643 -0.48515716195106506   0.5152629017829895,0.51901310682296753 0.82264941930770874  0.3168979287147522, 0.50646430253982544 -0.49256527423858643 -0.48515716195106506   0.5152629017829895
1715083682.2016106,0.51649463176727295  0.8679925799369812 0.31681954860687256, 0.50166213512420654 -0.49828144907951355 -0.49183034896850586  0.50808817148208618,0.51649463176727295  0.8679925799369812 0.31681954860687256, 0.50166213512420654 -0.49828144907951355 -0.49183034896850586  0.50808817148208618
