RosTime,PositionForIiwa7,OrientationForIiwa7,PositionForIiwa14,OrientationForIiwa14
1715079154.2297387, 0.5348581075668335  0.8691132664680481 0.31649094820022583,-0.44799354672431946  0.54707884788513184  0.53884726762771606 -0.45787572860717773, 0.5348581075668335  0.8691132664680481 0.31649094820022583,-0.44799354672431946  0.54707884788513184  0.53884726762771606 -0.45787572860717773
