RosTime,PositionForIiwa7,OrientationForIiwa7,PositionForIiwa14,OrientationForIiwa14
1715080238.9280069,0.52186375856399536 0.87138313055038452 0.31669306755065918,-0.48115992546081543    0.516407310962677  0.51230263710021973 -0.48923888802528381,0.52186375856399536 0.87138313055038452 0.31669306755065918,-0.48115992546081543    0.516407310962677  0.51230263710021973 -0.48923888802528381
1715080238.9330151,0.52195262908935547 0.87653428316116333  0.3165263831615448,-0.48098123073577881  0.51663494110107422  0.51242917776107788 -0.48904159665107727,0.52195262908935547 0.87653428316116333  0.3165263831615448,-0.48098123073577881  0.51663494110107422  0.51242917776107788 -0.48904159665107727
1715080238.9380076,0.52216607332229614 0.88161081075668335 0.31651866436004639,-0.48083379864692688  0.51685351133346558  0.51269972324371338 -0.48867201805114746,0.52216607332229614 0.88161081075668335 0.31651866436004639,-0.48083379864692688  0.51685351133346558  0.51269972324371338 -0.48867201805114746
1715080238.9430091,0.52259594202041626 0.88661187887191772 0.31573605537414551,-0.48047164082527161  0.51716333627700806  0.51309812068939209 -0.48828205466270447,0.52259594202041626 0.88661187887191772 0.31573605537414551,-0.48047164082527161  0.51716333627700806  0.51309812068939209 -0.48828205466270447
1715080238.9530077, 0.5230480432510376 0.89412188529968262 0.31580111384391785,-0.47994446754455566   0.5175209641456604  0.51354360580444336 -0.48795318603515625, 0.5230480432510376 0.89412188529968262 0.31580111384391785,-0.47994446754455566   0.5175209641456604  0.51354360580444336 -0.48795318603515625
1715080238.9930069,0.52593702077865601 0.92992419004440308 0.31604224443435669,-0.47758173942565918  0.52136951684951782  0.51687151193618774 -0.48263165354728699,0.52593702077865601 0.92992419004440308 0.31604224443435669,-0.47758173942565918  0.52136951684951782  0.51687151193618774 -0.48263165354728699
