RosTime,PositionForIiwa7,OrientationForIiwa7,PositionForIiwa14,OrientationForIiwa14
1715083707.1469896,0.50490289926528931 0.72231340408325195 0.31715333461761475, 0.53164505958557129 -0.46560785174369812 -0.46543014049530029  0.53285795450210571,0.50490289926528931 0.72231340408325195 0.31715333461761475, 0.53164505958557129 -0.46560785174369812 -0.46543014049530029  0.53285795450210571
