RosTime,PositionForIiwa7,OrientationForIiwa7,PositionForIiwa14,OrientationForIiwa14
1715080439.5419269,0.54465633630752563 0.67519718408584595 0.31756722927093506, 0.62761825323104858 -0.32944917678833008 -0.32841548323631287  0.62426102161407471,0.54465633630752563 0.67519718408584595 0.31756722927093506, 0.62761825323104858 -0.32944917678833008 -0.32841548323631287  0.62426102161407471
1715080439.5819523,0.54746133089065552 0.63890409469604492 0.31793135404586792, 0.60168612003326416  -0.3761080801486969 -0.37194040417671204  0.59847879409790039,0.54746133089065552 0.63890409469604492 0.31793135404586792, 0.60168612003326416  -0.3761080801486969 -0.37194040417671204  0.59847879409790039
1715080439.5919247, 0.5482674241065979 0.63112998008728027 0.31824740767478943, 0.59584242105484009 -0.38521069288253784 -0.38104298710823059  0.59278219938278198, 0.5482674241065979 0.63112998008728027 0.31824740767478943, 0.59584242105484009 -0.38521069288253784 -0.38104298710823059  0.59278219938278198
1715080439.6019247,0.54908394813537598 0.62131810188293457  0.3180161714553833, 0.58782625198364258 -0.39652314782142639 -0.39340460300445557  0.58520299196243286,0.54908394813537598 0.62131810188293457  0.3180161714553833, 0.58782625198364258 -0.39652314782142639 -0.39340460300445557  0.58520299196243286
