RosTime,PositionForIiwa7,OrientationForIiwa7,PositionForIiwa14,OrientationForIiwa14
1715083759.9801438, 0.5168081521987915 0.72331142425537109 0.31804096698760986, 0.54291540384292603 -0.44957113265991211 -0.45915889739990234      0.5406494140625, 0.5168081521987915 0.72331142425537109 0.31804096698760986, 0.54291540384292603 -0.44957113265991211 -0.45915889739990234      0.5406494140625
1715083760.0751417,0.52595376968383789 0.64384585618972778 0.31790822744369507, 0.53416943550109863 -0.46423515677452087 -0.46100395917892456  0.53537285327911377,0.52595376968383789 0.64384585618972778 0.31790822744369507, 0.53416943550109863 -0.46423515677452087 -0.46100395917892456  0.53537285327911377
