RosTime,PositionForIiwa7,OrientationForIiwa7,PositionForIiwa14,OrientationForIiwa14
1715079400.6188438,0.51107269525527954 0.83192342519760132 0.31778588891029358, 0.51313942670822144 -0.48171254992485046 -0.46593537926673889   0.5362323522567749,0.51107269525527954 0.83192342519760132 0.31778588891029358, 0.51313942670822144 -0.48171254992485046 -0.46593537926673889   0.5362323522567749
1715079400.6438377,0.51107996702194214  0.8478693962097168 0.31755200028419495, 0.51572716236114502 -0.47952151298522949 -0.46425539255142212   0.5371699333190918,0.51107996702194214  0.8478693962097168 0.31755200028419495, 0.51572716236114502 -0.47952151298522949 -0.46425539255142212   0.5371699333190918
1715079400.6688361,0.51129549741744995 0.86513233184814453 0.31748133897781372, 0.51651918888092041  -0.4785194993019104 -0.46480834484100342  0.53682422637939453,0.51129549741744995 0.86513233184814453 0.31748133897781372, 0.51651918888092041  -0.4785194993019104 -0.46480834484100342  0.53682422637939453
1715079400.7689283,0.51686978340148926 0.93893343210220337 0.31654614210128784, 0.51153916120529175 -0.48534360527992249 -0.47723349928855896   0.5244210958480835,0.51686978340148926 0.93893343210220337 0.31654614210128784, 0.51153916120529175 -0.48534360527992249 -0.47723349928855896   0.5244210958480835
1715079400.8188953,0.52010023593902588 0.97413921356201172 0.31578817963600159, 0.50536054372787476 -0.49170133471488953 -0.48451662063598633  0.51776844263076782,0.52010023593902588 0.97413921356201172 0.31578817963600159, 0.50536054372787476 -0.49170133471488953 -0.48451662063598633  0.51776844263076782
