RosTime,PositionForIiwa7,OrientationForIiwa7,PositionForIiwa14,OrientationForIiwa14
1715080506.7686143,0.50707459449768066 0.84351396560668945 0.31703534722328186, 0.49786913394927979 -0.49987936019897461 -0.49404919147491455  0.50809681415557861,0.50707459449768066 0.84351396560668945 0.31703534722328186, 0.49786913394927979 -0.49987936019897461 -0.49404919147491455  0.50809681415557861
