RosTime,PositionForIiwa7,OrientationForIiwa7,PositionForIiwa14,OrientationForIiwa14
1715080291.0321553,0.52766984701156616 0.62649399042129517 0.31767666339874268,-0.45968106389045715  0.53611600399017334  0.53847360610961914 -0.45969465374946594,0.52766984701156616 0.62649399042129517 0.31767666339874268,-0.45968106389045715  0.53611600399017334  0.53847360610961914 -0.45969465374946594
