RosTime,PositionForIiwa7,OrientationForIiwa7,PositionForIiwa14,OrientationForIiwa14
1715078983.1936855,0.55327087640762329 0.90208208560943604 0.31664016842842102, -0.3204159140586853  0.63216519355773926  0.62691539525985718 -0.32353958487510681,0.55327087640762329 0.90208208560943604 0.31664016842842102, -0.3204159140586853  0.63216519355773926  0.62691539525985718 -0.32353958487510681
