RosTime,PositionForIiwa7,OrientationForIiwa7,PositionForIiwa14,OrientationForIiwa14
1715083756.4578702,0.50371259450912476 0.87103670835494995 0.31651440262794495, 0.51026350259780884  -0.4878576397895813 -0.48289087414741516  0.51811432838439941,0.50371259450912476 0.87103670835494995 0.31651440262794495, 0.51026350259780884  -0.4878576397895813 -0.48289087414741516  0.51811432838439941
