RosTime,PositionForIiwa7,OrientationForIiwa7,PositionForIiwa14,OrientationForIiwa14
1715083582.2384281,0.51789462566375732 0.64159941673278809 0.31780546903610229, 0.55304253101348877 -0.44102147221565247 -0.43893411755561829   0.5540584921836853,0.51789462566375732 0.64159941673278809 0.31780546903610229, 0.55304253101348877 -0.44102147221565247 -0.43893411755561829   0.5540584921836853
1715083582.2534328,0.51787316799163818 0.63046979904174805 0.31786847114562988,  0.5491136908531189 -0.44595062732696533 -0.44320487976074219   0.5506102442741394,0.51787316799163818 0.63046979904174805 0.31786847114562988,  0.5491136908531189 -0.44595062732696533 -0.44320487976074219   0.5506102442741394
