RosTime,PositionForIiwa7,OrientationForIiwa7,PositionForIiwa14,OrientationForIiwa14
1715083482.2819338,0.51660245656967163 0.65391874313354492 0.31776022911071777, 0.51252102851867676  -0.4872223436832428 -0.48506182432174683  0.51444298028945923,0.51660245656967163 0.65391874313354492 0.31776022911071777, 0.51252102851867676  -0.4872223436832428 -0.48506182432174683  0.51444298028945923
