RosTime,PositionForIiwa7,OrientationForIiwa7,PositionForIiwa14,OrientationForIiwa14
1715080332.5423369,0.50279957056045532 0.85298806428909302 0.31610840559005737,-0.48886460065841675  0.51040536165237427  0.50337058305740356 -0.49710747599601746,0.50279957056045532 0.85298806428909302 0.31610840559005737,-0.48886460065841675  0.51040536165237427  0.50337058305740356 -0.49710747599601746
1715080332.5923364,0.50272572040557861 0.89517605304718018 0.31595617532730103,-0.48869830369949341  0.50983595848083496  0.50542092323303223  -0.4957730770111084,0.50272572040557861 0.89517605304718018 0.31595617532730103,-0.48869830369949341  0.50983595848083496  0.50542092323303223  -0.4957730770111084
1715080332.6073911,0.50355607271194458 0.90616822242736816 0.31583294272422791,-0.48871564865112305  0.50996118783950806  0.50544238090515137 -0.49560526013374329,0.50355607271194458 0.90616822242736816 0.31583294272422791,-0.48871564865112305  0.50996118783950806  0.50544238090515137 -0.49560526013374329
