RosTime,PositionForIiwa7,OrientationForIiwa7,PositionForIiwa14,OrientationForIiwa14
1715083752.7123573,0.51862108707427979 0.68646645545959473 0.31789183616638184, 0.53342467546463013 -0.46336600184440613  -0.4677702784538269  0.53098118305206299,0.51862108707427979 0.68646645545959473 0.31789183616638184, 0.53342467546463013 -0.46336600184440613  -0.4677702784538269  0.53098118305206299
1715083752.8073232,0.52909177541732788 0.60908633470535278 0.31812617182731628, 0.51055651903152466 -0.49022495746612549 -0.48655712604522705    0.512126624584198,0.52909177541732788 0.60908633470535278 0.31812617182731628, 0.51055651903152466 -0.49022495746612549 -0.48655712604522705    0.512126624584198
