RosTime,PositionForIiwa7,OrientationForIiwa7,PositionForIiwa14,OrientationForIiwa14
1715079207.2573574,0.54914522171020508 0.85595947504043579 0.31643933057785034,-0.42519396543502808  0.56666404008865356  0.55947637557983398 -0.43021872639656067,0.54914522171020508 0.85595947504043579 0.31643933057785034,-0.42519396543502808  0.56666404008865356  0.55947637557983398 -0.43021872639656067
