RosTime,PositionForIiwa7,OrientationForIiwa7,PositionForIiwa14,OrientationForIiwa14
1715080115.5816708, 0.5216529369354248  0.8566015362739563 0.31679049134254456,-0.48876625299453735  0.50959974527359009  0.50402343273162842 -0.49736911058425903, 0.5216529369354248  0.8566015362739563 0.31679049134254456,-0.48876625299453735  0.50959974527359009  0.50402343273162842 -0.49736911058425903
