RosTime,PositionForIiwa7,OrientationForIiwa7,PositionForIiwa14,OrientationForIiwa14
1715083668.5110388,0.53005826473236084 0.66651350259780884 0.31761735677719116, 0.56014132499694824 -0.43240809440612793 -0.42759609222412109  0.56251800060272217,0.53005826473236084 0.66651350259780884 0.31761735677719116, 0.56014132499694824 -0.43240809440612793 -0.42759609222412109  0.56251800060272217
