RosTime,PositionForIiwa7,OrientationForIiwa7,PositionForIiwa14,OrientationForIiwa14
1714666581.6124384,0.52970045804977417  0.6697077751159668 0.31816086173057556, 0.63843512535095215 -0.30261814594268799 -0.30108365416526794  0.64044630527496338,0.52970045804977417  0.6697077751159668 0.31816086173057556, 0.63843512535095215 -0.30261814594268799 -0.30108365416526794  0.64044630527496338
