RosTime,PositionForIiwa7,OrientationForIiwa7,PositionForIiwa14,OrientationForIiwa14
1714665559.1669226,0.49170610308647156 0.79127967357635498 0.31736466288566589, 0.52127337455749512 -0.47657275199890137 -0.47305861115455627  0.52665740251541138,0.49170610308647156 0.79127967357635498 0.31736466288566589, 0.52127337455749512 -0.47657275199890137 -0.47305861115455627  0.52665740251541138
