RosTime,PositionForIiwa7,OrientationForIiwa7,PositionForIiwa14,OrientationForIiwa14
1714665563.0971701,0.52266967296600342 0.95412790775299072  0.3173060417175293, 0.51049560308456421 -0.48973235487937927 -0.48393061757087708  0.51513838768005371,0.52266967296600342 0.95412790775299072  0.3173060417175293, 0.51049560308456421 -0.48973235487937927 -0.48393061757087708  0.51513838768005371
