RosTime,PositionForIiwa7,OrientationForIiwa7,PositionForIiwa14,OrientationForIiwa14
1714666626.6905484,0.56984245777130127 0.99105739593505859 0.31810116767883301, 0.51739507913589478 -0.48446059226989746  -0.4763515293598175  0.52027827501296997,0.56984245777130127 0.99105739593505859 0.31810116767883301, 0.51739507913589478 -0.48446059226989746  -0.4763515293598175  0.52027827501296997
