RosTime,PositionForIiwa7,OrientationForIiwa7,PositionForIiwa14,OrientationForIiwa14
1714566486.764132,0.59135532379150391 0.46708324551582336 0.31812682747840881,-0.49087369441986084  0.50627803802490234  0.50474804639816284 -0.49795082211494446,0.59135532379150391 0.46708324551582336 0.31812682747840881,-0.49087369441986084  0.50627803802490234  0.50474804639816284 -0.49795082211494446
