RosTime,PositionForIiwa7,OrientationForIiwa7,PositionForIiwa14,OrientationForIiwa14
1714566686.2521312,0.56981569528579712 0.72241318225860596 0.31715387105941772,-0.33770141005516052  0.61872303485870361  0.62265157699584961 -0.33977136015892029,0.56981569528579712 0.72241318225860596 0.31715387105941772,-0.33770141005516052  0.61872303485870361  0.62265157699584961 -0.33977136015892029
1714566686.3521514,0.56225728988647461 0.64411771297454834 0.31745141744613647,-0.38904890418052673  0.58782863616943359  0.59083425998687744 -0.39244526624679565,0.56225728988647461 0.64411771297454834 0.31745141744613647,-0.38904890418052673  0.58782863616943359  0.59083425998687744 -0.39244526624679565
1714566686.5021305, 0.5643763542175293 0.53246194124221802 0.31817921996116638,-0.46265435218811035  0.53199124336242676  0.53324460983276367 -0.46753230690956116, 0.5643763542175293 0.53246194124221802 0.31817921996116638,-0.46265435218811035  0.53199124336242676  0.53324460983276367 -0.46753230690956116
