RosTime,PositionForIiwa7,OrientationForIiwa7,PositionForIiwa14,OrientationForIiwa14
1714566572.4629674,0.58944833278656006 0.70972377061843872 0.31654578447341919,-0.39464211463928223  0.58374530076980591  0.58556878566741943 -0.40075963735580444,0.58944833278656006 0.70972377061843872 0.31654578447341919,-0.39464211463928223  0.58374530076980591  0.58556878566741943 -0.40075963735580444
