RosTime,PositionForIiwa7,OrientationForIiwa7,PositionForIiwa14,OrientationForIiwa14
1714565699.9918239,0.58329445123672485 0.67625027894973755 0.31743401288986206,-0.49012193083763123  0.50913435220718384  0.50633859634399414 -0.49414971470832825,0.58329445123672485 0.67625027894973755 0.31743401288986206,-0.49012193083763123  0.50913435220718384  0.50633859634399414 -0.49414971470832825
