RosTime,PositionForIiwa7,OrientationForIiwa7,PositionForIiwa14,OrientationForIiwa14
1714566608.94554,0.60811954736709595 0.80460768938064575   0.316851407289505,-0.39320796728134155  0.58450239896774292  0.58734869956970215 -0.39845439791679382,0.60811954736709595 0.80460768938064575   0.316851407289505,-0.39320796728134155  0.58450239896774292  0.58734869956970215 -0.39845439791679382
1714566609.0205386, 0.6108173131942749 0.74603331089019775 0.31732890009880066,-0.43268093466758728  0.55640476942062378  0.55767804384231567 -0.43840181827545166, 0.6108173131942749 0.74603331089019775 0.31732890009880066,-0.43268093466758728  0.55640476942062378  0.55767804384231567 -0.43840181827545166
1714566609.1005454,0.61415117979049683 0.68124270439147949 0.31740882992744446,-0.46670681238174438  0.52835285663604736  0.52813851833343506 -0.47338959574699402,0.61415117979049683 0.68124270439147949 0.31740882992744446,-0.46670681238174438  0.52835285663604736  0.52813851833343506 -0.47338959574699402
