RosTime,PositionForIiwa7,OrientationForIiwa7,PositionForIiwa14,OrientationForIiwa14
1714565635.1545267,0.55431824922561646 0.61119097471237183 0.31725019216537476,-0.47444796562194824   0.5212361216545105  0.52094942331314087 -0.48148077726364136,0.55431824922561646 0.61119097471237183 0.31725019216537476,-0.47444796562194824   0.5212361216545105  0.52094942331314087 -0.48148077726364136
