RosTime,PositionForIiwa7,OrientationForIiwa7,PositionForIiwa14,OrientationForIiwa14
1714566086.4902475,0.56804823875427246 0.65430158376693726 0.31778106093406677,-0.39444267749786377  0.58420860767364502  0.58657974004745483 -0.39879751205444336,0.56804823875427246 0.65430158376693726 0.31778106093406677,-0.39444267749786377  0.58420860767364502  0.58657974004745483 -0.39879751205444336
