RosTime,PositionForIiwa7,OrientationForIiwa7,PositionForIiwa14,OrientationForIiwa14
1714566480.7857563,0.60902529954910278 0.62748104333877563 0.31733763217926025, -0.4417864978313446  0.54906058311462402   0.5495833158493042 -0.44868177175521851,0.60902529954910278 0.62748104333877563 0.31733763217926025, -0.4417864978313446  0.54906058311462402   0.5495833158493042 -0.44868177175521851
