RosTime,PositionForIiwa7,OrientationForIiwa7,PositionForIiwa14,OrientationForIiwa14
1714566439.2054565,  0.583884596824646 0.70250093936920166 0.31648337841033936,-0.43685376644134521  0.55359882116317749  0.55309438705444336 -0.44359192252159119,  0.583884596824646 0.70250093936920166 0.31648337841033936,-0.43685376644134521  0.55359882116317749  0.55309438705444336 -0.44359192252159119
