RosTime,PositionForIiwa7,OrientationForIiwa7,PositionForIiwa14,OrientationForIiwa14
1714565988.6734893,0.54409182071685791 0.70068591833114624 0.31788405776023865, 0.51505035161972046 -0.48326519131660461 -0.48611494898796082  0.51465541124343872,0.54409182071685791 0.70068591833114624 0.31788405776023865, 0.51505035161972046 -0.48326519131660461 -0.48611494898796082  0.51465541124343872
