RosTime,PositionForIiwa7,OrientationForIiwa7,PositionForIiwa14,OrientationForIiwa14
1714566775.9128282,0.57620197534561157 0.68999606370925903 0.31772595643997192, -0.3780657947063446  0.59361845254898071  0.59365624189376831 -0.39019948244094849,0.57620197534561157 0.68999606370925903 0.31772595643997192, -0.3780657947063446  0.59361845254898071  0.59365624189376831 -0.39019948244094849
