RosTime,PositionForIiwa7,OrientationForIiwa7,PositionForIiwa14,OrientationForIiwa14
1714565894.8856049,0.57565450668334961 0.70974844694137573  0.3176838755607605,-0.35451090335845947  0.60925602912902832  0.61261874437332153 -0.35752958059310913,0.57565450668334961 0.70974844694137573  0.3176838755607605,-0.35451090335845947  0.60925602912902832  0.61261874437332153 -0.35752958059310913
