RosTime,PositionForIiwa7,OrientationForIiwa7,PositionForIiwa14,OrientationForIiwa14
1714565802.132189,0.59166455268859863 0.63988363742828369 0.31764629483222961,-0.46388748288154602  0.53129655122756958  0.53393852710723877 -0.46630674600601196,0.59166455268859863 0.63988363742828369 0.31764629483222961,-0.46388748288154602  0.53129655122756958  0.53393852710723877 -0.46630674600601196
1714565802.2071888,0.59659934043884277 0.58183294534683228 0.31776472926139832,-0.47983801364898682  0.51673310995101929  0.51832205057144165 -0.48382288217544556,0.59659934043884277 0.58183294534683228 0.31776472926139832,-0.47983801364898682  0.51673310995101929  0.51832205057144165 -0.48382288217544556
