RosTime,PositionForIiwa7,OrientationForIiwa7,PositionForIiwa14,OrientationForIiwa14
1714565657.4994185, 0.5636788010597229 0.71847742795944214 0.31754803657531738,-0.42375198006629944  0.56445831060409546  0.56482130289077759 -0.42754873633384705, 0.5636788010597229 0.71847742795944214 0.31754803657531738,-0.42375198006629944  0.56445831060409546  0.56482130289077759 -0.42754873633384705
