RosTime,PositionForIiwa7,OrientationForIiwa7,PositionForIiwa14,OrientationForIiwa14
1714566371.262722,0.58847427368164062 0.74722754955291748 0.31794190406799316,-0.36940214037895203   0.5985228419303894  0.60801798105239868 -0.36827510595321655,0.58847427368164062 0.74722754955291748 0.31794190406799316,-0.36940214037895203   0.5985228419303894  0.60801798105239868 -0.36827510595321655
1714566371.30281,0.59058111906051636 0.71719884872436523 0.31802383065223694,-0.38620784878730774   0.5880734920501709  0.59686517715454102  -0.3857007622718811,0.59058111906051636 0.71719884872436523 0.31802383065223694,-0.38620784878730774   0.5880734920501709  0.59686517715454102  -0.3857007622718811
1714566371.362798,0.59508490562438965 0.66636288166046143 0.31839108467102051,-0.41400322318077087  0.56893861293792725  0.57633978128433228 -0.41562321782112122,0.59508490562438965 0.66636288166046143 0.31839108467102051,-0.41400322318077087  0.56893861293792725  0.57633978128433228 -0.41562321782112122
