RosTime,PositionForIiwa7,OrientationForIiwa7,PositionForIiwa14,OrientationForIiwa14
1714566795.3816733,0.60164731740951538 0.66948533058166504 0.31695502996444702,-0.43791306018829346  0.55240923166275024  0.55304205417633057 -0.44409531354904175,0.60164731740951538 0.66948533058166504 0.31695502996444702,-0.43791306018829346  0.55240923166275024  0.55304205417633057 -0.44409531354904175
