RosTime,PositionForIiwa7,OrientationForIiwa7,PositionForIiwa14,OrientationForIiwa14
1714565965.3026683,0.57865440845489502  0.6328580379486084 0.31634274125099182,-0.32350483536720276  0.62464523315429688  0.62621027231216431 -0.33618980646133423,0.57865440845489502  0.6328580379486084 0.31634274125099182,-0.32350483536720276  0.62464523315429688  0.62621027231216431 -0.33618980646133423
