RosTime,PositionForIiwa7,OrientationForIiwa7,PositionForIiwa14,OrientationForIiwa14
1714648834.8777664,0.58161354064941406 0.76111882925033569 0.27773219347000122,-0.0027435827068984509  0.0024296639021486044    0.26790261268615723    0.96343904733657837,0.58161354064941406 0.76111882925033569 0.27773219347000122,-0.0027435827068984509  0.0024296639021486044    0.26790261268615723    0.96343904733657837
