RosTime,PositionForIiwa7,OrientationForIiwa7,PositionForIiwa14,OrientationForIiwa14
1714650015.2808719,0.56801348924636841 0.72559034824371338 0.27890649437904358,-0.002196871442720294 0.0022187575232237577   0.33089536428451538   0.94366228580474854,0.56801348924636841 0.72559034824371338 0.27890649437904358,-0.002196871442720294 0.0022187575232237577   0.33089536428451538   0.94366228580474854
1714650015.2858703,0.57045489549636841 0.72086602449417114 0.27899700403213501,-0.0022403660695999861  0.0017130704363808036    0.31979513168334961    0.94748252630233765,0.57045489549636841 0.72086602449417114 0.27899700403213501,-0.0022403660695999861  0.0017130704363808036    0.31979513168334961    0.94748252630233765
1714650015.2908697, 0.5729140043258667 0.71614152193069458 0.27892410755157471,-0.0022892407141625881  0.0020900093950331211    0.30823171138763428    0.95130628347396851, 0.5729140043258667 0.71614152193069458 0.27892410755157471,-0.0022892407141625881  0.0020900093950331211    0.30823171138763428    0.95130628347396851
1714650015.2958727,0.57548844814300537 0.71148395538330078 0.27901396155357361,-0.0023881979286670685   0.001688507036305964    0.29604643583297729    0.95516908168792725,0.57548844814300537 0.71148395538330078 0.27901396155357361,-0.0023881979286670685   0.001688507036305964    0.29604643583297729    0.95516908168792725
1714650015.3058715,0.57926714420318604 0.70451241731643677  0.2790876030921936,-0.0019549238495528698  0.0021132519468665123    0.27799826860427856    0.96057724952697754,0.57926714420318604 0.70451241731643677  0.2790876030921936,-0.0019549238495528698  0.0021132519468665123    0.27799826860427856    0.96057724952697754
1714650015.3108699,0.58182746171951294 0.69997519254684448 0.27910804748535156,-0.0018603452481329441  0.0016907748067751527    0.26615360379219055    0.96392732858657837,0.58182746171951294 0.69997519254684448 0.27910804748535156,-0.0018603452481329441  0.0016907748067751527    0.26615360379219055    0.96392732858657837
1714650015.320863,0.58667629957199097 0.69106215238571167 0.27920863032341003,-0.0014166712062433362  0.0017243325710296631    0.24173657596111298    0.97033935785293579,0.58667629957199097 0.69106215238571167 0.27920863032341003,-0.0014166712062433362  0.0017243325710296631    0.24173657596111298    0.97033935785293579
