RosTime,PositionForIiwa7,OrientationForIiwa7,PositionForIiwa14,OrientationForIiwa14
1714648848.747951,0.49402403831481934 0.83202254772186279 0.27778130769729614,-0.0036828177981078625  0.0020376327447593212    0.16311964392662048    0.98659729957580566,0.49402403831481934 0.83202254772186279 0.27778130769729614,-0.0036828177981078625  0.0020376327447593212    0.16311964392662048    0.98659729957580566
