RosTime,PositionForIiwa7,OrientationForIiwa7,PositionForIiwa14,OrientationForIiwa14
1714657765.1720471,0.18263553082942963 0.29261454939842224 0.24758920073509216, 0.014520060271024704  -0.17300999164581299 -0.066693134605884552     0.982552170753479,0.18263553082942963 0.29261454939842224 0.24758920073509216, 0.014520060271024704  -0.17300999164581299 -0.066693134605884552     0.982552170753479
