RosTime,PositionForIiwa7,OrientationForIiwa7,PositionForIiwa14,OrientationForIiwa14
1714648386.3746223,0.56003022193908691 0.73213344812393188 0.27917835116386414,-0.0019016158767044544 0.00083883758634328842  -0.019902583211660385    0.99979978799819946,0.56003022193908691 0.73213344812393188 0.27917835116386414,-0.0019016158767044544 0.00083883758634328842  -0.019902583211660385    0.99979978799819946
