RosTime,PositionForIiwa7,OrientationForIiwa7,PositionForIiwa14,OrientationForIiwa14
1714649411.04965,0.49941834807395935 0.84820586442947388 0.27720943093299866,-0.0058969119563698769  0.0019879562314599752    0.24122925102710724    0.97044819593429565,0.49941834807395935 0.84820586442947388 0.27720943093299866,-0.0058969119563698769  0.0019879562314599752    0.24122925102710724    0.97044819593429565
1714649411.059597,0.50328212976455688 0.85469013452529907 0.27719154953956604,-0.0063949497416615486  0.0015278272330760956    0.23231445252895355    0.97261852025985718,0.50328212976455688 0.85469013452529907 0.27719154953956604,-0.0063949497416615486  0.0015278272330760956    0.23231445252895355    0.97261852025985718
1714649411.0646753,0.50590866804122925 0.85905289649963379 0.27711620926856995, -0.00522255664691329 0.0025956663303077221   0.22667264938354492   0.97395354509353638,0.50590866804122925 0.85905289649963379 0.27711620926856995, -0.00522255664691329 0.0025956663303077221   0.22667264938354492   0.97395354509353638
1714649411.0696735, 0.5084679126739502 0.86338871717453003 0.27718564867973328,-0.0053503415547311306  0.0021848408505320549    0.22055020928382874    0.97535848617553711, 0.5084679126739502 0.86338871717453003 0.27718564867973328,-0.0053503415547311306  0.0021848408505320549    0.22055020928382874    0.97535848617553711
1714649411.1446445,0.54242098331451416 0.91869044303894043 0.27722537517547607,-0.0048607168719172478  0.0016143061220645905     0.1353144496679306    0.99078947305679321,0.54242098331451416 0.91869044303894043 0.27722537517547607,-0.0048607168719172478  0.0016143061220645905     0.1353144496679306    0.99078947305679321
