RosTime,PositionForIiwa7,OrientationForIiwa7,PositionForIiwa14,OrientationForIiwa14
1714649239.3371162, 0.5897071361541748 0.71924722194671631 0.27872642874717712,-0.00032903114333748817   0.0023578116670250893        0.24781534075737     0.96880435943603516, 0.5897071361541748 0.71924722194671631 0.27872642874717712,-0.00032903114333748817   0.0023578116670250893        0.24781534075737     0.96880435943603516
