RosTime,PositionForIiwa7,OrientationForIiwa7,PositionForIiwa14,OrientationForIiwa14
1714649010.9188409,0.53036868572235107 0.63046115636825562 0.27877002954483032,-0.0035869937855750322   0.001655026338994503   0.072124890983104706    0.99738776683807373,0.53036868572235107 0.63046115636825562 0.27877002954483032,-0.0035869937855750322   0.001655026338994503   0.072124890983104706    0.99738776683807373
1714649010.9438281,0.53418302536010742 0.61244267225265503 0.27887147665023804,-0.0036042062565684319  0.0016051095444709063   0.066291630268096924    0.99779248237609863,0.53418302536010742 0.61244267225265503 0.27887147665023804,-0.0036042062565684319  0.0016051095444709063   0.066291630268096924    0.99779248237609863
1714649010.9938405,0.54185736179351807 0.57822054624557495 0.27886450290679932,-0.0037729896139353514   0.001360273570753634   0.061572995036840439    0.99809449911117554,0.54185736179351807 0.57822054624557495 0.27886450290679932,-0.0037729896139353514   0.001360273570753634   0.061572995036840439    0.99809449911117554
