RosTime,PositionForIiwa7,OrientationForIiwa7,PositionForIiwa14,OrientationForIiwa14
1714650339.3049517,0.47143068909645081 0.66498684883117676 0.27858573198318481, -0.002365549560636282 0.00041488814167678356   0.015209969133138657    0.99988144636154175,0.47143068909645081 0.66498684883117676 0.27858573198318481, -0.002365549560636282 0.00041488814167678356   0.015209969133138657    0.99988144636154175
