RosTime,PositionForIiwa7,OrientationForIiwa7,PositionForIiwa14,OrientationForIiwa14
1714649599.7644365,0.55050152540206909 0.57162868976593018 0.27913627028465271,-0.00028351720538921654   0.0017724997596815228   -0.037078473716974258     0.99931073188781738,0.55050152540206909 0.57162868976593018 0.27913627028465271,-0.00028351720538921654   0.0017724997596815228   -0.037078473716974258     0.99931073188781738
1714649599.799444,0.55445379018783569 0.54050290584564209 0.27917224168777466,-0.00087009009439498186    0.001751313335262239  -0.0074922763742506504     0.99997001886367798,0.55445379018783569 0.54050290584564209 0.27917224168777466,-0.00087009009439498186    0.001751313335262239  -0.0074922763742506504     0.99997001886367798
