RosTime,PositionForIiwa7,OrientationForIiwa7,PositionForIiwa14,OrientationForIiwa14
1714648899.5453539,0.57343417406082153 0.68716645240783691 0.27878496050834656,-0.003153724130243063 0.0011171482037752867   0.16250523924827576   0.98670202493667603,0.57343417406082153 0.68716645240783691 0.27878496050834656,-0.003153724130243063 0.0011171482037752867   0.16250523924827576   0.98670202493667603
1714648899.5703313,0.57098251581192017 0.67225784063339233 0.27885547280311584,-0.0028713538777083158  0.0010960550280287862    0.14946815371513367     0.9887617826461792,0.57098251581192017 0.67225784063339233 0.27885547280311584,-0.0028713538777083158  0.0010960550280287862    0.14946815371513367     0.9887617826461792
