RosTime,PositionForIiwa7,OrientationForIiwa7,PositionForIiwa14,OrientationForIiwa14
1714649586.2196872,0.49918466806411743  1.0101279020309448 0.27593663334846497,-0.0012338694650679827  0.0035820270422846079    0.14787094295024872    0.98899942636489868,0.49918466806411743  1.0101279020309448 0.27593663334846497,-0.0012338694650679827  0.0035820270422846079    0.14787094295024872    0.98899942636489868
