RosTime,PositionForIiwa7,OrientationForIiwa7,PositionForIiwa14,OrientationForIiwa14
1714649311.4961498,0.53649473190307617 0.89147293567657471 0.27725175023078918,-0.0036698188632726669  0.0022412545513361692     0.1971200555562973     0.9803699254989624,0.53649473190307617 0.89147293567657471 0.27725175023078918,-0.0036698188632726669  0.0022412545513361692     0.1971200555562973     0.9803699254989624
