RosTime,PositionForIiwa7,OrientationForIiwa7,PositionForIiwa14,OrientationForIiwa14
1714650059.2323759,0.49692493677139282 0.62454259395599365 0.27752864360809326,-0.0032044216059148312   0.004361939150840044  -0.038907997310161591    0.99922811985015869,0.49692493677139282 0.62454259395599365 0.27752864360809326,-0.0032044216059148312   0.004361939150840044  -0.038907997310161591    0.99922811985015869
