RosTime,PositionForIiwa7,OrientationForIiwa7,PositionForIiwa14,OrientationForIiwa14
1714648772.9774363,0.50149291753768921  0.9107939600944519 0.27711811661720276,-0.00088171655079349875   0.0035306313075125217     0.10583449155092239     0.99437707662582397,0.50149291753768921  0.9107939600944519 0.27711811661720276,-0.00088171655079349875   0.0035306313075125217     0.10583449155092239     0.99437707662582397
1714648772.9824386,0.50415807962417603 0.91571193933486938 0.27708613872528076,-0.0010306976037099957  0.0033014712389558554    0.10129768401384354    0.99485015869140625,0.50415807962417603 0.91571193933486938 0.27708613872528076,-0.0010306976037099957  0.0033014712389558554    0.10129768401384354    0.99485015869140625
1714648772.9924371,0.50798779726028442 0.92301046848297119 0.27716463804244995,-0.00084891461301594973   0.0033794839400798082    0.095026351511478424     0.99546867609024048,0.50798779726028442 0.92301046848297119 0.27716463804244995,-0.00084891461301594973   0.0033794839400798082    0.095026351511478424     0.99546867609024048
1714648772.997447, 0.5105748176574707 0.92780673503875732 0.27718845009803772,-0.00043731255573220551   0.0038085803389549255    0.090825363993644714     0.99585944414138794, 0.5105748176574707 0.92780673503875732 0.27718845009803772,-0.00043731255573220551   0.0038085803389549255    0.090825363993644714     0.99585944414138794
1714648773.0024376,0.51312088966369629 0.93243676424026489 0.27724459767341614,-0.00072805152740329504   0.0034606480039656162    0.087087810039520264     0.99619436264038086,0.51312088966369629 0.93243676424026489 0.27724459767341614,-0.00072805152740329504   0.0034606480039656162    0.087087810039520264     0.99619436264038086
1714648773.0074372, 0.5154375433921814 0.93695849180221558 0.27703440189361572,-0.00075738906161859632   0.0032049922738224268    0.083844497799873352     0.99647343158721924, 0.5154375433921814 0.93695849180221558 0.27703440189361572,-0.00075738906161859632   0.0032049922738224268    0.083844497799873352     0.99647343158721924
