RosTime,PositionForIiwa7,OrientationForIiwa7,PositionForIiwa14,OrientationForIiwa14
1714649984.9402373,0.52400887012481689  0.6306459903717041 0.27891841530799866,-0.0028736074455082417  0.0013000542530789971   0.020034374669194221    0.99979430437088013,0.52400887012481689  0.6306459903717041 0.27891841530799866,-0.0028736074455082417  0.0013000542530789971   0.020034374669194221    0.99979430437088013
