RosTime,PositionForIiwa7,OrientationForIiwa7,PositionForIiwa14,OrientationForIiwa14
1714649374.4647973,0.53303521871566772  0.9432365894317627 0.27780812978744507,0.00041017739567905664  0.0020387906115502119  -0.030450683087110519    0.99953413009643555,0.53303521871566772  0.9432365894317627 0.27780812978744507,0.00041017739567905664  0.0020387906115502119  -0.030450683087110519    0.99953413009643555
