RosTime,PositionForIiwa7,OrientationForIiwa7,PositionForIiwa14,OrientationForIiwa14
1714649502.9940469,0.51201975345611572 0.64479744434356689 0.27882835268974304,-0.0025851395912468433  0.0018235138850286603    0.12431807070970535      0.992237389087677,0.51201975345611572 0.64479744434356689 0.27882835268974304,-0.0025851395912468433  0.0018235138850286603    0.12431807070970535      0.992237389087677
1714649503.0190449,0.51823097467422485 0.62583959102630615 0.27893409132957458,-0.0020804877858608961  0.0011401111260056496    0.11548806726932526    0.99330604076385498,0.51823097467422485 0.62583959102630615 0.27893409132957458,-0.0020804877858608961  0.0011401111260056496    0.11548806726932526    0.99330604076385498
1714649503.0290461,0.52135354280471802  0.6176227331161499 0.27883481979370117,-0.0029762776102870703  0.0016110682627186179    0.11153019964694977     0.9937552809715271,0.52135354280471802  0.6176227331161499 0.27883481979370117,-0.0029762776102870703  0.0016110682627186179    0.11153019964694977     0.9937552809715271
1714649503.0539944,0.52827656269073486 0.59951949119567871 0.27896988391876221,-0.0027551145758479834  0.0013456074520945549    0.10334783047437668     0.9946405291557312,0.52827656269073486 0.59951949119567871 0.27896988391876221,-0.0027551145758479834  0.0013456074520945549    0.10334783047437668     0.9946405291557312
