RosTime,PositionForIiwa7,OrientationForIiwa7,PositionForIiwa14,OrientationForIiwa14
1714649161.4167035,0.45407995581626892 0.83494055271148682 0.27698034048080444,-0.0018473590025678277  0.0045640650205314159    0.27956509590148926    0.96011412143707275,0.45407995581626892 0.83494055271148682 0.27698034048080444,-0.0018473590025678277  0.0045640650205314159    0.27956509590148926    0.96011412143707275
1714649161.4217255,0.45581254363059998 0.83984744548797607 0.27697354555130005,-0.0015664284583181143  0.0043908669613301754    0.26733571290969849    0.96359217166900635,0.45581254363059998 0.83984744548797607 0.27697354555130005,-0.0015664284583181143  0.0043908669613301754    0.26733571290969849    0.96359217166900635
1714649161.4317045,0.45860192179679871 0.84717822074890137 0.27699375152587891,-0.0017960631521418691   0.003893102053552866    0.24883235991001129     0.9685370922088623,0.45860192179679871 0.84717822074890137 0.27699375152587891,-0.0017960631521418691   0.003893102053552866    0.24883235991001129     0.9685370922088623
1714649161.4367056,0.46038910746574402 0.85185152292251587  0.2769206166267395,-0.00099347718060016632   0.0044869352132081985        0.23563252389431     0.97183138132095337,0.46038910746574402 0.85185152292251587  0.2769206166267395,-0.00099347718060016632   0.0044869352132081985        0.23563252389431     0.97183138132095337
1714649161.4417043,0.46249580383300781 0.85663044452667236 0.27706813812255859,-0.0013005693908780813  0.0035127825103700161    0.22342886030673981     0.9747130274772644,0.46249580383300781 0.85663044452667236 0.27706813812255859,-0.0013005693908780813  0.0035127825103700161    0.22342886030673981     0.9747130274772644
