RosTime,PositionForIiwa7,OrientationForIiwa7,PositionForIiwa14,OrientationForIiwa14
1714651703.0003026,0.51989823579788208  1.0655072927474976 0.27589017152786255,-0.0027968348003923893 0.00090774736599996686  -0.027382912114262581    0.99962067604064941,0.51989823579788208  1.0655072927474976 0.27589017152786255,-0.0027968348003923893 0.00090774736599996686  -0.027382912114262581    0.99962067604064941
