RosTime,PositionForIiwa7,OrientationForIiwa7,PositionForIiwa14,OrientationForIiwa14
1714649556.6361816,0.55685180425643921 0.70628774166107178 0.27935287356376648,  0.003871141467243433 0.00027789454907178879   0.011319610290229321    0.99992841482162476,0.55685180425643921 0.70628774166107178 0.27935287356376648,  0.003871141467243433 0.00027789454907178879   0.011319610290229321    0.99992841482162476
