RosTime,PositionForIiwa7,OrientationForIiwa7,PositionForIiwa14,OrientationForIiwa14
1714651713.4852831,0.51974183320999146  1.0656070709228516 0.27557232975959778,-0.0028762524016201496 0.00084164045983925462  -0.027236033231019974    0.99962455034255981,0.51974183320999146  1.0656070709228516 0.27557232975959778,-0.0028762524016201496 0.00084164045983925462  -0.027236033231019974    0.99962455034255981
