RosTime,PositionForIiwa7,OrientationForIiwa7,PositionForIiwa14,OrientationForIiwa14
1714649192.6355879,0.60746663808822632 0.68617844581604004 0.27855336666107178,-0.0013084443053230643   0.002645908622071147     0.2693597674369812    0.96303510665893555,0.60746663808822632 0.68617844581604004 0.27855336666107178,-0.0013084443053230643   0.002645908622071147     0.2693597674369812    0.96303510665893555
