RosTime,PositionForIiwa7,OrientationForIiwa7,PositionForIiwa14,OrientationForIiwa14
1714650042.1345036,0.53733736276626587  0.5681794285774231 0.27865388989448547,-0.00075156620005145669    0.001815479714423418   -0.047009233385324478     0.99889254570007324,0.53733736276626587  0.5681794285774231 0.27865388989448547,-0.00075156620005145669    0.001815479714423418   -0.047009233385324478     0.99889254570007324
