RosTime,PositionForIiwa7,OrientationForIiwa7,PositionForIiwa14,OrientationForIiwa14
1714649903.9852231,0.44356191158294678 0.85558658838272095  0.2771885097026825,-0.0043254685588181019  0.0033962042070925236    0.32035034894943237    0.94728314876556396,0.44356191158294678 0.85558658838272095  0.2771885097026825,-0.0043254685588181019  0.0033962042070925236    0.32035034894943237    0.94728314876556396
