RosTime,PositionForIiwa7,OrientationForIiwa7,PositionForIiwa14,OrientationForIiwa14
1714648769.2774103,0.59567219018936157  0.7182234525680542 0.27804458141326904,0.00071567384293302894     0.0021955247502774   0.093793824315071106    0.99558895826339722,0.59567219018936157  0.7182234525680542 0.27804458141326904,0.00071567384293302894     0.0021955247502774   0.093793824315071106    0.99558895826339722
