RosTime,PositionForIiwa7,OrientationForIiwa7,PositionForIiwa14,OrientationForIiwa14
1714651714.2802801,0.51762741804122925  1.0667425394058228 0.27257561683654785,-0.0042702127248048782 0.00098798424005508423  -0.026433244347572327    0.99964100122451782,0.51762741804122925  1.0667425394058228 0.27257561683654785,-0.0042702127248048782 0.00098798424005508423  -0.026433244347572327    0.99964100122451782
