RosTime,PositionForIiwa7,OrientationForIiwa7,PositionForIiwa14,OrientationForIiwa14
1714648895.0812335,0.47475463151931763  0.7541431188583374 0.27763864398002625,-0.0044857515022158623  0.0027171981055289507    0.20082572102546692    0.97961294651031494,0.47475463151931763  0.7541431188583374 0.27763864398002625,-0.0044857515022158623  0.0027171981055289507    0.20082572102546692    0.97961294651031494
1714648895.1062565,0.47860941290855408 0.77330124378204346 0.27764680981636047,-0.0041924966499209404  0.0030984864570200443    0.18434369564056396    0.98284798860549927,0.47860941290855408 0.77330124378204346 0.27764680981636047,-0.0041924966499209404  0.0030984864570200443    0.18434369564056396    0.98284798860549927
1714648895.1312704,0.48266208171844482 0.79271900653839111 0.27752482891082764,-0.0044308053329586983  0.0026575552765280008    0.17002362012863159    0.98542642593383789,0.48266208171844482 0.79271900653839111 0.27752482891082764,-0.0044308053329586983  0.0026575552765280008    0.17002362012863159    0.98542642593383789
1714648895.3562317,0.51118993759155273 0.97404485940933228 0.27761027216911316,-0.0032150582410395145  0.0016041339840739965   0.037615731358528137    0.99928581714630127,0.51118993759155273 0.97404485940933228 0.27761027216911316,-0.0032150582410395145  0.0016041339840739965   0.037615731358528137    0.99928581714630127
1714648895.3812361,0.51438999176025391 0.99121671915054321 0.27756336331367493,-0.0034058908931910992  0.0016310856444761157   0.023809937760233879     0.9997093677520752,0.51438999176025391 0.99121671915054321 0.27756336331367493,-0.0034058908931910992  0.0016310856444761157   0.023809937760233879     0.9997093677520752
