RosTime,PositionForIiwa7,OrientationForIiwa7,PositionForIiwa14,OrientationForIiwa14
1714654571.2321858,0.52445030212402344  1.0628883838653564 0.27634292840957642,-0.0019424803322181106  0.0022582835517823696   -0.02886747382581234    0.99957883358001709,0.52445030212402344  1.0628883838653564 0.27634292840957642,-0.0019424803322181106  0.0022582835517823696   -0.02886747382581234    0.99957883358001709
