RosTime,PositionForIiwa7,OrientationForIiwa7,PositionForIiwa14,OrientationForIiwa14
1714654545.9471874,0.51848471164703369  1.0665812492370605 0.27665764093399048, -0.0028381673619151115 -0.00019233180501032621   -0.026499142870306969     0.99964481592178345,0.51848471164703369  1.0665812492370605 0.27665764093399048, -0.0028381673619151115 -0.00019233180501032621   -0.026499142870306969     0.99964481592178345
