RosTime,PositionForIiwa7,OrientationForIiwa7,PositionForIiwa14,OrientationForIiwa14
1714649534.9460723,0.45142239332199097 0.88454866409301758 0.27692461013793945,-0.0028314501978456974  0.0023088168818503618     0.2508588433265686    0.96801680326461792,0.45142239332199097 0.88454866409301758 0.27692461013793945,-0.0028314501978456974  0.0023088168818503618     0.2508588433265686    0.96801680326461792
