RosTime,PositionForIiwa7,OrientationForIiwa7,PositionForIiwa14,OrientationForIiwa14
1714648301.04882,0.53936344385147095 0.88647979497909546 0.27800470590591431,0.0011209757067263126 0.0017789020203053951 -0.018149934709072113   0.99983304738998413,0.53936344385147095 0.88647979497909546 0.27800470590591431,0.0011209757067263126 0.0017789020203053951 -0.018149934709072113   0.99983304738998413
1714648301.0587738,0.54020684957504272 0.89469760656356812 0.27834683656692505, -0.0019084499217569828 -0.00052054499974474311   -0.020582955330610275     0.99978619813919067,0.54020684957504272 0.89469760656356812 0.27834683656692505, -0.0019084499217569828 -0.00052054499974474311   -0.020582955330610275     0.99978619813919067
1714648301.0638411,0.54108577966690063 0.89961254596710205 0.27800831198692322,0.00075149262556806207  0.0018687519477680326  -0.021946726366877556    0.99975711107254028,0.54108577966690063 0.89961254596710205 0.27800831198692322,0.00075149262556806207  0.0018687519477680326  -0.021946726366877556    0.99975711107254028
1714648301.0688035, 0.5417029857635498 0.90474307537078857 0.27790683507919312,0.00081431336002424359  0.0017399743665009737   -0.02318764291703701    0.99972927570343018, 0.5417029857635498 0.90474307537078857 0.27790683507919312,0.00081431336002424359  0.0017399743665009737   -0.02318764291703701    0.99972927570343018
1714648301.0738456,0.54228389263153076 0.90977901220321655 0.27793377637863159,0.00077873701229691505  0.0016014245338737965  -0.024623245000839233    0.99969524145126343,0.54228389263153076 0.90977901220321655 0.27793377637863159,0.00077873701229691505  0.0016014245338737965  -0.024623245000839233    0.99969524145126343
